sample_index,sim_time_s,mobile_x,mobile_y,mobile_state,mobile_rloc16,parent_extaddr,parent_rloc16,parent_node_guess,parent_link_quality_in,parent_link_quality_out,parent_age,parent_version,mobile_to_parent_target,mobile_to_parent_target_rloc16,mobile_to_parent_target_extaddr,mobile_tx_power_dbm,mobile_verified_tx_power_dbm,mobile_to_parent_target_tx_power_dbm,mobile_to_parent_target_verified_tx_power_dbm,mobile_to_parent_tx,mobile_to_parent_rx,mobile_to_parent_loss_pct,mobile_to_parent_rtt_min_ms,mobile_to_parent_rtt_avg_ms,mobile_to_parent_rtt_max_ms,mobile_to_parent_sim_rss_method,mobile_to_parent_sim_rss_match_status,mobile_to_parent_sim_rss_match_confidence,mobile_to_parent_request_rx_sim_rss_dbm,mobile_to_parent_request_rx_sim_lqi,mobile_to_parent_reply_rx_sim_rss_dbm,mobile_to_parent_reply_rx_sim_lqi,mobile_to_parent_sim_rss_event_time_s,parent_switch,connectivity_ok,selected_radio_model,device_profile,thread_device_type,parent_search_config,packet_probe_reliable,primary_parent_observation,scenario_phase,removed_parent_node,removed_parent_node_id,directed_target_node,directed_target_extaddr,ip_counters_json,mle_counters_json,router_a_scan_dbm,router_a_scan_lqi,router_b_scan_dbm,router_b_scan_lqi,router_c_scan_dbm,router_c_scan_lqi,router_d_scan_dbm,router_d_scan_lqi
0,186.0,375.0,300.0,child,9001,baf806c20548a4f4,9000,router_a,3,3,0,5,router_b,2c00,1a10ac8ac1bc9378,0.0,0.0,0.0,0.0,1,1,0.0,8.0,8.0,8.0,,,,,,,,,True,True,MutualInterference,minimal_end_device,med,disabled,True,packet_probe,post_switch_request,,,router_a,baf806c20548a4f4,"{""RxFailed"": ""0"", ""RxSuccess"": ""11"", ""TxFailed"": ""0"", ""TxSuccess"": ""6""}","{""Attach Attempts"": ""1"", ""Better Parent Attach Attempts"": ""0"", ""Better Partition Attach Attempts"": ""0"", ""Parent Changes"": ""1"", ""Partition Id Changes"": ""1"", ""Role Child"": ""2"", ""Role Detached"": ""2"", ""Role Disabled"": ""0"", ""Role Leader"": ""0"", ""Role Router"": ""0"", ""Time Child Milli"": ""4529"", ""Time Detached Milli"": ""1471"", ""Time Disabled Milli"": ""0"", ""Time Leader Milli"": ""0"", ""Time Router Milli"": ""0"", ""Time Tracked Milli"": ""6000""}",,,,,,,,
1,187.0,375.0,300.0,child,9001,baf806c20548a4f4,9000,router_a,3,3,1,5,router_a,9000,baf806c20548a4f4,0.0,0.0,0.0,0.0,1,1,0.0,7.0,7.0,7.0,,,,,,,,,False,True,MutualInterference,minimal_end_device,med,disabled,True,packet_probe,post_switch_request,,,router_a,baf806c20548a4f4,"{""RxFailed"": ""0"", ""RxSuccess"": ""12"", ""TxFailed"": ""0"", ""TxSuccess"": ""7""}","{""Attach Attempts"": ""1"", ""Better Parent Attach Attempts"": ""0"", ""Better Partition Attach Attempts"": ""0"", ""Parent Changes"": ""1"", ""Partition Id Changes"": ""1"", ""Role Child"": ""2"", ""Role Detached"": ""2"", ""Role Disabled"": ""0"", ""Role Leader"": ""0"", ""Role Router"": ""0"", ""Time Child Milli"": ""5529"", ""Time Detached Milli"": ""1471"", ""Time Disabled Milli"": ""0"", ""Time Leader Milli"": ""0"", ""Time Router Milli"": ""0"", ""Time Tracked Milli"": ""7000""}",,,,,,,,
2,188.0,375.0,300.0,child,9001,baf806c20548a4f4,9000,router_a,3,3,2,5,router_a,9000,baf806c20548a4f4,0.0,0.0,0.0,0.0,1,1,0.0,7.0,7.0,7.0,,,,,,,,,False,True,MutualInterference,minimal_end_device,med,disabled,True,packet_probe,post_switch_request,,,router_a,baf806c20548a4f4,"{""RxFailed"": ""0"", ""RxSuccess"": ""13"", ""TxFailed"": ""0"", ""TxSuccess"": ""8""}","{""Attach Attempts"": ""1"", ""Better Parent Attach Attempts"": ""0"", ""Better Partition Attach Attempts"": ""0"", ""Parent Changes"": ""1"", ""Partition Id Changes"": ""1"", ""Role Child"": ""2"", ""Role Detached"": ""2"", ""Role Disabled"": ""0"", ""Role Leader"": ""0"", ""Role Router"": ""0"", ""Time Child Milli"": ""6529"", ""Time Detached Milli"": ""1471"", ""Time Disabled Milli"": ""0"", ""Time Leader Milli"": ""0"", ""Time Router Milli"": ""0"", ""Time Tracked Milli"": ""8000""}",,,,,,,,
3,189.0,375.0,300.0,child,9001,baf806c20548a4f4,9000,router_a,3,3,3,5,router_a,9000,baf806c20548a4f4,0.0,0.0,0.0,0.0,1,1,0.0,8.0,8.0,8.0,,,,,,,,,False,True,MutualInterference,minimal_end_device,med,disabled,True,packet_probe,post_switch_request,,,router_a,baf806c20548a4f4,"{""RxFailed"": ""0"", ""RxSuccess"": ""14"", ""TxFailed"": ""0"", ""TxSuccess"": ""9""}","{""Attach Attempts"": ""1"", ""Better Parent Attach Attempts"": ""0"", ""Better Partition Attach Attempts"": ""0"", ""Parent Changes"": ""1"", ""Partition Id Changes"": ""1"", ""Role Child"": ""2"", ""Role Detached"": ""2"", ""Role Disabled"": ""0"", ""Role Leader"": ""0"", ""Role Router"": ""0"", ""Time Child Milli"": ""7529"", ""Time Detached Milli"": ""1471"", ""Time Disabled Milli"": ""0"", ""Time Leader Milli"": ""0"", ""Time Router Milli"": ""0"", ""Time Tracked Milli"": ""9000""}",,,,,,,,
4,190.0,375.0,300.0,child,9001,baf806c20548a4f4,9000,router_a,3,3,0,5,router_a,9000,baf806c20548a4f4,0.0,0.0,0.0,0.0,1,1,0.0,7.0,7.0,7.0,,,,,,,,,False,True,MutualInterference,minimal_end_device,med,disabled,True,packet_probe,post_switch_request,,,router_a,baf806c20548a4f4,"{""RxFailed"": ""0"", ""RxSuccess"": ""16"", ""TxFailed"": ""0"", ""TxSuccess"": ""10""}","{""Attach Attempts"": ""1"", ""Better Parent Attach Attempts"": ""0"", ""Better Partition Attach Attempts"": ""0"", ""Parent Changes"": ""1"", ""Partition Id Changes"": ""1"", ""Role Child"": ""2"", ""Role Detached"": ""2"", ""Role Disabled"": ""0"", ""Role Leader"": ""0"", ""Role Router"": ""0"", ""Time Child Milli"": ""8529"", ""Time Detached Milli"": ""1471"", ""Time Disabled Milli"": ""0"", ""Time Leader Milli"": ""0"", ""Time Router Milli"": ""0"", ""Time Tracked Milli"": ""10000""}",,,,,,,,
5,191.0,375.0,300.0,child,9001,baf806c20548a4f4,9000,router_a,3,3,1,5,router_a,9000,baf806c20548a4f4,0.0,0.0,0.0,0.0,1,1,0.0,5.0,5.0,5.0,,,,,,,,,False,True,MutualInterference,minimal_end_device,med,disabled,True,packet_probe,post_switch_request,,,router_a,baf806c20548a4f4,"{""RxFailed"": ""0"", ""RxSuccess"": ""17"", ""TxFailed"": ""0"", ""TxSuccess"": ""11""}","{""Attach Attempts"": ""1"", ""Better Parent Attach Attempts"": ""0"", ""Better Partition Attach Attempts"": ""0"", ""Parent Changes"": ""1"", ""Partition Id Changes"": ""1"", ""Role Child"": ""2"", ""Role Detached"": ""2"", ""Role Disabled"": ""0"", ""Role Leader"": ""0"", ""Role Router"": ""0"", ""Time Child Milli"": ""9529"", ""Time Detached Milli"": ""1471"", ""Time Disabled Milli"": ""0"", ""Time Leader Milli"": ""0"", ""Time Router Milli"": ""0"", ""Time Tracked Milli"": ""11000""}",,,,,,,,
6,192.0,375.0,300.0,child,9001,baf806c20548a4f4,9000,router_a,3,3,2,5,router_a,9000,baf806c20548a4f4,0.0,0.0,0.0,0.0,1,1,0.0,5.0,5.0,5.0,,,,,,,,,False,True,MutualInterference,minimal_end_device,med,disabled,True,packet_probe,post_switch_request,,,router_a,baf806c20548a4f4,"{""RxFailed"": ""0"", ""RxSuccess"": ""18"", ""TxFailed"": ""0"", ""TxSuccess"": ""12""}","{""Attach Attempts"": ""1"", ""Better Parent Attach Attempts"": ""0"", ""Better Partition Attach Attempts"": ""0"", ""Parent Changes"": ""1"", ""Partition Id Changes"": ""1"", ""Role Child"": ""2"", ""Role Detached"": ""2"", ""Role Disabled"": ""0"", ""Role Leader"": ""0"", ""Role Router"": ""0"", ""Time Child Milli"": ""10529"", ""Time Detached Milli"": ""1471"", ""Time Disabled Milli"": ""0"", ""Time Leader Milli"": ""0"", ""Time Router Milli"": ""0"", ""Time Tracked Milli"": ""12000""}",,,,,,,,
7,193.0,375.0,300.0,child,9001,baf806c20548a4f4,9000,router_a,3,3,3,5,router_a,9000,baf806c20548a4f4,0.0,0.0,0.0,0.0,1,1,0.0,5.0,5.0,5.0,,,,,,,,,False,True,MutualInterference,minimal_end_device,med,disabled,True,packet_probe,post_switch_request,,,router_a,baf806c20548a4f4,"{""RxFailed"": ""0"", ""RxSuccess"": ""19"", ""TxFailed"": ""0"", ""TxSuccess"": ""13""}","{""Attach Attempts"": ""1"", ""Better Parent Attach Attempts"": ""0"", ""Better Partition Attach Attempts"": ""0"", ""Parent Changes"": ""1"", ""Partition Id Changes"": ""1"", ""Role Child"": ""2"", ""Role Detached"": ""2"", ""Role Disabled"": ""0"", ""Role Leader"": ""0"", ""Role Router"": ""0"", ""Time Child Milli"": ""11529"", ""Time Detached Milli"": ""1471"", ""Time Disabled Milli"": ""0"", ""Time Leader Milli"": ""0"", ""Time Router Milli"": ""0"", ""Time Tracked Milli"": ""13000""}",,,,,,,,
8,194.0,375.0,300.0,child,9001,baf806c20548a4f4,9000,router_a,3,3,4,5,router_a,9000,baf806c20548a4f4,0.0,0.0,0.0,0.0,1,1,0.0,7.0,7.0,7.0,,,,,,,,,False,True,MutualInterference,minimal_end_device,med,disabled,True,packet_probe,post_switch_request,,,router_a,baf806c20548a4f4,"{""RxFailed"": ""0"", ""RxSuccess"": ""20"", ""TxFailed"": ""0"", ""TxSuccess"": ""14""}","{""Attach Attempts"": ""1"", ""Better Parent Attach Attempts"": ""0"", ""Better Partition Attach Attempts"": ""0"", ""Parent Changes"": ""1"", ""Partition Id Changes"": ""1"", ""Role Child"": ""2"", ""Role Detached"": ""2"", ""Role Disabled"": ""0"", ""Role Leader"": ""0"", ""Role Router"": ""0"", ""Time Child Milli"": ""12529"", ""Time Detached Milli"": ""1471"", ""Time Disabled Milli"": ""0"", ""Time Leader Milli"": ""0"", ""Time Router Milli"": ""0"", ""Time Tracked Milli"": ""14000""}",,,,,,,,
9,195.0,375.0,300.0,child,9001,baf806c20548a4f4,9000,router_a,3,3,5,5,router_a,9000,baf806c20548a4f4,0.0,0.0,0.0,0.0,1,1,0.0,8.0,8.0,8.0,,,,,,,,,False,True,MutualInterference,minimal_end_device,med,disabled,True,packet_probe,post_switch_request,,,router_a,baf806c20548a4f4,"{""RxFailed"": ""0"", ""RxSuccess"": ""21"", ""TxFailed"": ""0"", ""TxSuccess"": ""15""}","{""Attach Attempts"": ""1"", ""Better Parent Attach Attempts"": ""0"", ""Better Partition Attach Attempts"": ""0"", ""Parent Changes"": ""1"", ""Partition Id Changes"": ""1"", ""Role Child"": ""2"", ""Role Detached"": ""2"", ""Role Disabled"": ""0"", ""Role Leader"": ""0"", ""Role Router"": ""0"", ""Time Child Milli"": ""13529"", ""Time Detached Milli"": ""1471"", ""Time Disabled Milli"": ""0"", ""Time Leader Milli"": ""0"", ""Time Router Milli"": ""0"", ""Time Tracked Milli"": ""15000""}",,,,,,,,
10,196.0,375.0,300.0,child,9001,baf806c20548a4f4,9000,router_a,3,3,6,5,router_a,9000,baf806c20548a4f4,0.0,0.0,0.0,0.0,1,1,0.0,7.0,7.0,7.0,,,,,,,,,False,True,MutualInterference,minimal_end_device,med,disabled,True,packet_probe,post_switch_request,,,router_a,baf806c20548a4f4,"{""RxFailed"": ""0"", ""RxSuccess"": ""22"", ""TxFailed"": ""0"", ""TxSuccess"": ""16""}","{""Attach Attempts"": ""1"", ""Better Parent Attach Attempts"": ""0"", ""Better Partition Attach Attempts"": ""0"", ""Parent Changes"": ""1"", ""Partition Id Changes"": ""1"", ""Role Child"": ""2"", ""Role Detached"": ""2"", ""Role Disabled"": ""0"", ""Role Leader"": ""0"", ""Role Router"": ""0"", ""Time Child Milli"": ""14529"", ""Time Detached Milli"": ""1471"", ""Time Disabled Milli"": ""0"", ""Time Leader Milli"": ""0"", ""Time Router Milli"": ""0"", ""Time Tracked Milli"": ""16000""}",,,,,,,,
11,197.0,375.0,300.0,child,9001,baf806c20548a4f4,9000,router_a,3,3,0,5,router_a,9000,baf806c20548a4f4,0.0,0.0,0.0,0.0,1,1,0.0,7.0,7.0,7.0,,,,,,,,,False,True,MutualInterference,minimal_end_device,med,disabled,True,packet_probe,post_switch_request,,,router_a,baf806c20548a4f4,"{""RxFailed"": ""0"", ""RxSuccess"": ""25"", ""TxFailed"": ""0"", ""TxSuccess"": ""17""}","{""Attach Attempts"": ""1"", ""Better Parent Attach Attempts"": ""0"", ""Better Partition Attach Attempts"": ""0"", ""Parent Changes"": ""1"", ""Partition Id Changes"": ""1"", ""Role Child"": ""2"", ""Role Detached"": ""2"", ""Role Disabled"": ""0"", ""Role Leader"": ""0"", ""Role Router"": ""0"", ""Time Child Milli"": ""15529"", ""Time Detached Milli"": ""1471"", ""Time Disabled Milli"": ""0"", ""Time Leader Milli"": ""0"", ""Time Router Milli"": ""0"", ""Time Tracked Milli"": ""17000""}",,,,,,,,
12,198.0,375.0,300.0,child,9001,baf806c20548a4f4,9000,router_a,3,3,1,5,router_a,9000,baf806c20548a4f4,0.0,0.0,0.0,0.0,1,1,0.0,5.0,5.0,5.0,,,,,,,,,False,True,MutualInterference,minimal_end_device,med,disabled,True,packet_probe,post_switch_request,,,router_a,baf806c20548a4f4,"{""RxFailed"": ""0"", ""RxSuccess"": ""26"", ""TxFailed"": ""0"", ""TxSuccess"": ""18""}","{""Attach Attempts"": ""1"", ""Better Parent Attach Attempts"": ""0"", ""Better Partition Attach Attempts"": ""0"", ""Parent Changes"": ""1"", ""Partition Id Changes"": ""1"", ""Role Child"": ""2"", ""Role Detached"": ""2"", ""Role Disabled"": ""0"", ""Role Leader"": ""0"", ""Role Router"": ""0"", ""Time Child Milli"": ""16529"", ""Time Detached Milli"": ""1471"", ""Time Disabled Milli"": ""0"", ""Time Leader Milli"": ""0"", ""Time Router Milli"": ""0"", ""Time Tracked Milli"": ""18000""}",,,,,,,,
13,199.0,375.0,300.0,child,9001,baf806c20548a4f4,9000,router_a,3,3,2,5,router_a,9000,baf806c20548a4f4,0.0,0.0,0.0,0.0,1,1,0.0,8.0,8.0,8.0,,,,,,,,,False,True,MutualInterference,minimal_end_device,med,disabled,True,packet_probe,post_switch_request,,,router_a,baf806c20548a4f4,"{""RxFailed"": ""0"", ""RxSuccess"": ""27"", ""TxFailed"": ""0"", ""TxSuccess"": ""19""}","{""Attach Attempts"": ""1"", ""Better Parent Attach Attempts"": ""0"", ""Better Partition Attach Attempts"": ""0"", ""Parent Changes"": ""1"", ""Partition Id Changes"": ""1"", ""Role Child"": ""2"", ""Role Detached"": ""2"", ""Role Disabled"": ""0"", ""Role Leader"": ""0"", ""Role Router"": ""0"", ""Time Child Milli"": ""17529"", ""Time Detached Milli"": ""1471"", ""Time Disabled Milli"": ""0"", ""Time Leader Milli"": ""0"", ""Time Router Milli"": ""0"", ""Time Tracked Milli"": ""19000""}",,,,,,,,
14,200.0,375.0,300.0,child,9001,baf806c20548a4f4,9000,router_a,3,3,3,5,router_a,9000,baf806c20548a4f4,0.0,0.0,0.0,0.0,1,1,0.0,6.0,6.0,6.0,,,,,,,,,False,True,MutualInterference,minimal_end_device,med,disabled,True,packet_probe,post_switch_request,,,router_a,baf806c20548a4f4,"{""RxFailed"": ""0"", ""RxSuccess"": ""29"", ""TxFailed"": ""0"", ""TxSuccess"": ""20""}","{""Attach Attempts"": ""1"", ""Better Parent Attach Attempts"": ""0"", ""Better Partition Attach Attempts"": ""0"", ""Parent Changes"": ""1"", ""Partition Id Changes"": ""1"", ""Role Child"": ""2"", ""Role Detached"": ""2"", ""Role Disabled"": ""0"", ""Role Leader"": ""0"", ""Role Router"": ""0"", ""Time Child Milli"": ""18529"", ""Time Detached Milli"": ""1471"", ""Time Disabled Milli"": ""0"", ""Time Leader Milli"": ""0"", ""Time Router Milli"": ""0"", ""Time Tracked Milli"": ""20000""}",,,,,,,,
15,201.0,375.0,300.0,child,9001,baf806c20548a4f4,9000,router_a,3,3,4,5,router_a,9000,baf806c20548a4f4,0.0,0.0,0.0,0.0,1,1,0.0,8.0,8.0,8.0,,,,,,,,,False,True,MutualInterference,minimal_end_device,med,disabled,True,packet_probe,post_switch_request,,,router_a,baf806c20548a4f4,"{""RxFailed"": ""0"", ""RxSuccess"": ""31"", ""TxFailed"": ""0"", ""TxSuccess"": ""21""}","{""Attach Attempts"": ""1"", ""Better Parent Attach Attempts"": ""0"", ""Better Partition Attach Attempts"": ""0"", ""Parent Changes"": ""1"", ""Partition Id Changes"": ""1"", ""Role Child"": ""2"", ""Role Detached"": ""2"", ""Role Disabled"": ""0"", ""Role Leader"": ""0"", ""Role Router"": ""0"", ""Time Child Milli"": ""19529"", ""Time Detached Milli"": ""1471"", ""Time Disabled Milli"": ""0"", ""Time Leader Milli"": ""0"", ""Time Router Milli"": ""0"", ""Time Tracked Milli"": ""21000""}",,,,,,,,
16,202.0,375.0,300.0,child,9001,baf806c20548a4f4,9000,router_a,3,3,5,5,router_a,9000,baf806c20548a4f4,0.0,0.0,0.0,0.0,1,1,0.0,9.0,9.0,9.0,,,,,,,,,False,True,MutualInterference,minimal_end_device,med,disabled,True,packet_probe,post_switch_request,,,router_a,baf806c20548a4f4,"{""RxFailed"": ""0"", ""RxSuccess"": ""32"", ""TxFailed"": ""0"", ""TxSuccess"": ""22""}","{""Attach Attempts"": ""1"", ""Better Parent Attach Attempts"": ""0"", ""Better Partition Attach Attempts"": ""0"", ""Parent Changes"": ""1"", ""Partition Id Changes"": ""1"", ""Role Child"": ""2"", ""Role Detached"": ""2"", ""Role Disabled"": ""0"", ""Role Leader"": ""0"", ""Role Router"": ""0"", ""Time Child Milli"": ""20529"", ""Time Detached Milli"": ""1471"", ""Time Disabled Milli"": ""0"", ""Time Leader Milli"": ""0"", ""Time Router Milli"": ""0"", ""Time Tracked Milli"": ""22000""}",,,,,,,,
17,203.0,375.0,300.0,child,9001,baf806c20548a4f4,9000,router_a,3,3,6,5,router_a,9000,baf806c20548a4f4,0.0,0.0,0.0,0.0,1,1,0.0,6.0,6.0,6.0,,,,,,,,,False,True,MutualInterference,minimal_end_device,med,disabled,True,packet_probe,post_switch_request,,,router_a,baf806c20548a4f4,"{""RxFailed"": ""0"", ""RxSuccess"": ""33"", ""TxFailed"": ""0"", ""TxSuccess"": ""23""}","{""Attach Attempts"": ""1"", ""Better Parent Attach Attempts"": ""0"", ""Better Partition Attach Attempts"": ""0"", ""Parent Changes"": ""1"", ""Partition Id Changes"": ""1"", ""Role Child"": ""2"", ""Role Detached"": ""2"", ""Role Disabled"": ""0"", ""Role Leader"": ""0"", ""Role Router"": ""0"", ""Time Child Milli"": ""21529"", ""Time Detached Milli"": ""1471"", ""Time Disabled Milli"": ""0"", ""Time Leader Milli"": ""0"", ""Time Router Milli"": ""0"", ""Time Tracked Milli"": ""23000""}",,,,,,,,
18,204.0,375.0,300.0,child,9001,baf806c20548a4f4,9000,router_a,3,3,7,5,router_a,9000,baf806c20548a4f4,0.0,0.0,0.0,0.0,1,1,0.0,8.0,8.0,8.0,,,,,,,,,False,True,MutualInterference,minimal_end_device,med,disabled,True,packet_probe,post_switch_request,,,router_a,baf806c20548a4f4,"{""RxFailed"": ""0"", ""RxSuccess"": ""34"", ""TxFailed"": ""0"", ""TxSuccess"": ""24""}","{""Attach Attempts"": ""1"", ""Better Parent Attach Attempts"": ""0"", ""Better Partition Attach Attempts"": ""0"", ""Parent Changes"": ""1"", ""Partition Id Changes"": ""1"", ""Role Child"": ""2"", ""Role Detached"": ""2"", ""Role Disabled"": ""0"", ""Role Leader"": ""0"", ""Role Router"": ""0"", ""Time Child Milli"": ""22529"", ""Time Detached Milli"": ""1471"", ""Time Disabled Milli"": ""0"", ""Time Leader Milli"": ""0"", ""Time Router Milli"": ""0"", ""Time Tracked Milli"": ""24000""}",,,,,,,,
19,205.0,375.0,300.0,child,9001,baf806c20548a4f4,9000,router_a,3,3,8,5,router_a,9000,baf806c20548a4f4,0.0,0.0,0.0,0.0,1,1,0.0,7.0,7.0,7.0,,,,,,,,,False,True,MutualInterference,minimal_end_device,med,disabled,True,packet_probe,post_switch_request,,,router_a,baf806c20548a4f4,"{""RxFailed"": ""0"", ""RxSuccess"": ""35"", ""TxFailed"": ""0"", ""TxSuccess"": ""25""}","{""Attach Attempts"": ""1"", ""Better Parent Attach Attempts"": ""0"", ""Better Partition Attach Attempts"": ""0"", ""Parent Changes"": ""1"", ""Partition Id Changes"": ""1"", ""Role Child"": ""2"", ""Role Detached"": ""2"", ""Role Disabled"": ""0"", ""Role Leader"": ""0"", ""Role Router"": ""0"", ""Time Child Milli"": ""23529"", ""Time Detached Milli"": ""1471"", ""Time Disabled Milli"": ""0"", ""Time Leader Milli"": ""0"", ""Time Router Milli"": ""0"", ""Time Tracked Milli"": ""25000""}",,,,,,,,
20,206.0,375.0,300.0,child,9001,baf806c20548a4f4,9000,router_a,3,3,9,5,router_a,9000,baf806c20548a4f4,0.0,0.0,0.0,0.0,1,1,0.0,7.0,7.0,7.0,,,,,,,,,False,True,MutualInterference,minimal_end_device,med,disabled,True,packet_probe,post_switch_request,,,router_a,baf806c20548a4f4,"{""RxFailed"": ""0"", ""RxSuccess"": ""36"", ""TxFailed"": ""0"", ""TxSuccess"": ""26""}","{""Attach Attempts"": ""1"", ""Better Parent Attach Attempts"": ""0"", ""Better Partition Attach Attempts"": ""0"", ""Parent Changes"": ""1"", ""Partition Id Changes"": ""1"", ""Role Child"": ""2"", ""Role Detached"": ""2"", ""Role Disabled"": ""0"", ""Role Leader"": ""0"", ""Role Router"": ""0"", ""Time Child Milli"": ""24529"", ""Time Detached Milli"": ""1471"", ""Time Disabled Milli"": ""0"", ""Time Leader Milli"": ""0"", ""Time Router Milli"": ""0"", ""Time Tracked Milli"": ""26000""}",,,,,,,,
21,207.0,375.0,300.0,child,9001,baf806c20548a4f4,9000,router_a,3,3,10,5,router_a,9000,baf806c20548a4f4,0.0,0.0,0.0,0.0,1,1,0.0,7.0,7.0,7.0,,,,,,,,,False,True,MutualInterference,minimal_end_device,med,disabled,True,packet_probe,post_switch_request,,,router_a,baf806c20548a4f4,"{""RxFailed"": ""0"", ""RxSuccess"": ""37"", ""TxFailed"": ""0"", ""TxSuccess"": ""27""}","{""Attach Attempts"": ""1"", ""Better Parent Attach Attempts"": ""0"", ""Better Partition Attach Attempts"": ""0"", ""Parent Changes"": ""1"", ""Partition Id Changes"": ""1"", ""Role Child"": ""2"", ""Role Detached"": ""2"", ""Role Disabled"": ""0"", ""Role Leader"": ""0"", ""Role Router"": ""0"", ""Time Child Milli"": ""25529"", ""Time Detached Milli"": ""1471"", ""Time Disabled Milli"": ""0"", ""Time Leader Milli"": ""0"", ""Time Router Milli"": ""0"", ""Time Tracked Milli"": ""27000""}",,,,,,,,
22,208.0,375.0,300.0,child,9001,baf806c20548a4f4,9000,router_a,3,3,11,5,router_a,9000,baf806c20548a4f4,0.0,0.0,0.0,0.0,1,1,0.0,7.0,7.0,7.0,,,,,,,,,False,True,MutualInterference,minimal_end_device,med,disabled,True,packet_probe,post_switch_request,,,router_a,baf806c20548a4f4,"{""RxFailed"": ""0"", ""RxSuccess"": ""38"", ""TxFailed"": ""0"", ""TxSuccess"": ""28""}","{""Attach Attempts"": ""1"", ""Better Parent Attach Attempts"": ""0"", ""Better Partition Attach Attempts"": ""0"", ""Parent Changes"": ""1"", ""Partition Id Changes"": ""1"", ""Role Child"": ""2"", ""Role Detached"": ""2"", ""Role Disabled"": ""0"", ""Role Leader"": ""0"", ""Role Router"": ""0"", ""Time Child Milli"": ""26529"", ""Time Detached Milli"": ""1471"", ""Time Disabled Milli"": ""0"", ""Time Leader Milli"": ""0"", ""Time Router Milli"": ""0"", ""Time Tracked Milli"": ""28000""}",,,,,,,,
23,209.0,375.0,300.0,child,9001,baf806c20548a4f4,9000,router_a,3,3,12,5,router_a,9000,baf806c20548a4f4,0.0,0.0,0.0,0.0,1,1,0.0,6.0,6.0,6.0,,,,,,,,,False,True,MutualInterference,minimal_end_device,med,disabled,True,packet_probe,post_switch_request,,,router_a,baf806c20548a4f4,"{""RxFailed"": ""0"", ""RxSuccess"": ""40"", ""TxFailed"": ""0"", ""TxSuccess"": ""29""}","{""Attach Attempts"": ""1"", ""Better Parent Attach Attempts"": ""0"", ""Better Partition Attach Attempts"": ""0"", ""Parent Changes"": ""1"", ""Partition Id Changes"": ""1"", ""Role Child"": ""2"", ""Role Detached"": ""2"", ""Role Disabled"": ""0"", ""Role Leader"": ""0"", ""Role Router"": ""0"", ""Time Child Milli"": ""27529"", ""Time Detached Milli"": ""1471"", ""Time Disabled Milli"": ""0"", ""Time Leader Milli"": ""0"", ""Time Router Milli"": ""0"", ""Time Tracked Milli"": ""29000""}",,,,,,,,
24,210.0,375.0,300.0,child,9001,baf806c20548a4f4,9000,router_a,3,3,13,5,router_a,9000,baf806c20548a4f4,0.0,0.0,0.0,0.0,1,1,0.0,7.0,7.0,7.0,,,,,,,,,False,True,MutualInterference,minimal_end_device,med,disabled,True,packet_probe,post_switch_request,,,router_a,baf806c20548a4f4,"{""RxFailed"": ""0"", ""RxSuccess"": ""41"", ""TxFailed"": ""0"", ""TxSuccess"": ""30""}","{""Attach Attempts"": ""1"", ""Better Parent Attach Attempts"": ""0"", ""Better Partition Attach Attempts"": ""0"", ""Parent Changes"": ""1"", ""Partition Id Changes"": ""1"", ""Role Child"": ""2"", ""Role Detached"": ""2"", ""Role Disabled"": ""0"", ""Role Leader"": ""0"", ""Role Router"": ""0"", ""Time Child Milli"": ""28529"", ""Time Detached Milli"": ""1471"", ""Time Disabled Milli"": ""0"", ""Time Leader Milli"": ""0"", ""Time Router Milli"": ""0"", ""Time Tracked Milli"": ""30000""}",,,,,,,,
25,211.0,375.0,300.0,child,9001,baf806c20548a4f4,9000,router_a,3,3,14,5,router_a,9000,baf806c20548a4f4,0.0,0.0,0.0,0.0,1,1,0.0,7.0,7.0,7.0,,,,,,,,,False,True,MutualInterference,minimal_end_device,med,disabled,True,packet_probe,post_switch_request,,,router_a,baf806c20548a4f4,"{""RxFailed"": ""0"", ""RxSuccess"": ""43"", ""TxFailed"": ""0"", ""TxSuccess"": ""31""}","{""Attach Attempts"": ""1"", ""Better Parent Attach Attempts"": ""0"", ""Better Partition Attach Attempts"": ""0"", ""Parent Changes"": ""1"", ""Partition Id Changes"": ""1"", ""Role Child"": ""2"", ""Role Detached"": ""2"", ""Role Disabled"": ""0"", ""Role Leader"": ""0"", ""Role Router"": ""0"", ""Time Child Milli"": ""29529"", ""Time Detached Milli"": ""1471"", ""Time Disabled Milli"": ""0"", ""Time Leader Milli"": ""0"", ""Time Router Milli"": ""0"", ""Time Tracked Milli"": ""31000""}",,,,,,,,
26,212.0,375.0,300.0,child,9001,baf806c20548a4f4,9000,router_a,3,3,15,5,router_a,9000,baf806c20548a4f4,0.0,0.0,0.0,0.0,1,1,0.0,6.0,6.0,6.0,,,,,,,,,False,True,MutualInterference,minimal_end_device,med,disabled,True,packet_probe,post_switch_request,,,router_a,baf806c20548a4f4,"{""RxFailed"": ""0"", ""RxSuccess"": ""44"", ""TxFailed"": ""0"", ""TxSuccess"": ""32""}","{""Attach Attempts"": ""1"", ""Better Parent Attach Attempts"": ""0"", ""Better Partition Attach Attempts"": ""0"", ""Parent Changes"": ""1"", ""Partition Id Changes"": ""1"", ""Role Child"": ""2"", ""Role Detached"": ""2"", ""Role Disabled"": ""0"", ""Role Leader"": ""0"", ""Role Router"": ""0"", ""Time Child Milli"": ""30529"", ""Time Detached Milli"": ""1471"", ""Time Disabled Milli"": ""0"", ""Time Leader Milli"": ""0"", ""Time Router Milli"": ""0"", ""Time Tracked Milli"": ""32000""}",,,,,,,,
27,213.0,375.0,300.0,child,9001,baf806c20548a4f4,9000,router_a,3,3,16,5,router_a,9000,baf806c20548a4f4,0.0,0.0,0.0,0.0,1,1,0.0,6.0,6.0,6.0,,,,,,,,,False,True,MutualInterference,minimal_end_device,med,disabled,True,packet_probe,post_switch_request,,,router_a,baf806c20548a4f4,"{""RxFailed"": ""0"", ""RxSuccess"": ""45"", ""TxFailed"": ""0"", ""TxSuccess"": ""33""}","{""Attach Attempts"": ""1"", ""Better Parent Attach Attempts"": ""0"", ""Better Partition Attach Attempts"": ""0"", ""Parent Changes"": ""1"", ""Partition Id Changes"": ""1"", ""Role Child"": ""2"", ""Role Detached"": ""2"", ""Role Disabled"": ""0"", ""Role Leader"": ""0"", ""Role Router"": ""0"", ""Time Child Milli"": ""31529"", ""Time Detached Milli"": ""1471"", ""Time Disabled Milli"": ""0"", ""Time Leader Milli"": ""0"", ""Time Router Milli"": ""0"", ""Time Tracked Milli"": ""33000""}",,,,,,,,
28,214.0,375.0,300.0,child,9001,baf806c20548a4f4,9000,router_a,3,3,0,5,router_a,9000,baf806c20548a4f4,0.0,0.0,0.0,0.0,1,1,0.0,6.0,6.0,6.0,,,,,,,,,False,True,MutualInterference,minimal_end_device,med,disabled,True,packet_probe,post_switch_request,,,router_a,baf806c20548a4f4,"{""RxFailed"": ""0"", ""RxSuccess"": ""47"", ""TxFailed"": ""0"", ""TxSuccess"": ""34""}","{""Attach Attempts"": ""1"", ""Better Parent Attach Attempts"": ""0"", ""Better Partition Attach Attempts"": ""0"", ""Parent Changes"": ""1"", ""Partition Id Changes"": ""1"", ""Role Child"": ""2"", ""Role Detached"": ""2"", ""Role Disabled"": ""0"", ""Role Leader"": ""0"", ""Role Router"": ""0"", ""Time Child Milli"": ""32529"", ""Time Detached Milli"": ""1471"", ""Time Disabled Milli"": ""0"", ""Time Leader Milli"": ""0"", ""Time Router Milli"": ""0"", ""Time Tracked Milli"": ""34000""}",,,,,,,,
29,215.0,375.0,300.0,child,9001,baf806c20548a4f4,9000,router_a,3,3,1,5,router_a,9000,baf806c20548a4f4,0.0,0.0,0.0,0.0,1,1,0.0,8.0,8.0,8.0,,,,,,,,,False,True,MutualInterference,minimal_end_device,med,disabled,True,packet_probe,post_switch_request,,,router_a,baf806c20548a4f4,"{""RxFailed"": ""0"", ""RxSuccess"": ""48"", ""TxFailed"": ""0"", ""TxSuccess"": ""35""}","{""Attach Attempts"": ""1"", ""Better Parent Attach Attempts"": ""0"", ""Better Partition Attach Attempts"": ""0"", ""Parent Changes"": ""1"", ""Partition Id Changes"": ""1"", ""Role Child"": ""2"", ""Role Detached"": ""2"", ""Role Disabled"": ""0"", ""Role Leader"": ""0"", ""Role Router"": ""0"", ""Time Child Milli"": ""33529"", ""Time Detached Milli"": ""1471"", ""Time Disabled Milli"": ""0"", ""Time Leader Milli"": ""0"", ""Time Router Milli"": ""0"", ""Time Tracked Milli"": ""35000""}",,,,,,,,
30,216.0,375.0,300.0,child,9001,baf806c20548a4f4,9000,router_a,3,3,2,5,router_a,9000,baf806c20548a4f4,0.0,0.0,0.0,0.0,1,1,0.0,7.0,7.0,7.0,,,,,,,,,False,True,MutualInterference,minimal_end_device,med,disabled,True,packet_probe,post_switch_request,,,router_a,baf806c20548a4f4,"{""RxFailed"": ""0"", ""RxSuccess"": ""49"", ""TxFailed"": ""0"", ""TxSuccess"": ""36""}","{""Attach Attempts"": ""1"", ""Better Parent Attach Attempts"": ""0"", ""Better Partition Attach Attempts"": ""0"", ""Parent Changes"": ""1"", ""Partition Id Changes"": ""1"", ""Role Child"": ""2"", ""Role Detached"": ""2"", ""Role Disabled"": ""0"", ""Role Leader"": ""0"", ""Role Router"": ""0"", ""Time Child Milli"": ""34529"", ""Time Detached Milli"": ""1471"", ""Time Disabled Milli"": ""0"", ""Time Leader Milli"": ""0"", ""Time Router Milli"": ""0"", ""Time Tracked Milli"": ""36000""}",,,,,,,,
31,217.0,375.0,300.0,child,9001,baf806c20548a4f4,9000,router_a,3,3,3,5,router_a,9000,baf806c20548a4f4,0.0,0.0,0.0,0.0,1,1,0.0,8.0,8.0,8.0,,,,,,,,,False,True,MutualInterference,minimal_end_device,med,disabled,True,packet_probe,post_switch_request,,,router_a,baf806c20548a4f4,"{""RxFailed"": ""0"", ""RxSuccess"": ""51"", ""TxFailed"": ""0"", ""TxSuccess"": ""37""}","{""Attach Attempts"": ""1"", ""Better Parent Attach Attempts"": ""0"", ""Better Partition Attach Attempts"": ""0"", ""Parent Changes"": ""1"", ""Partition Id Changes"": ""1"", ""Role Child"": ""2"", ""Role Detached"": ""2"", ""Role Disabled"": ""0"", ""Role Leader"": ""0"", ""Role Router"": ""0"", ""Time Child Milli"": ""35529"", ""Time Detached Milli"": ""1471"", ""Time Disabled Milli"": ""0"", ""Time Leader Milli"": ""0"", ""Time Router Milli"": ""0"", ""Time Tracked Milli"": ""37000""}",,,,,,,,
32,218.0,375.0,300.0,child,9001,baf806c20548a4f4,9000,router_a,3,3,4,5,router_a,9000,baf806c20548a4f4,0.0,0.0,0.0,0.0,1,1,0.0,5.0,5.0,5.0,,,,,,,,,False,True,MutualInterference,minimal_end_device,med,disabled,True,packet_probe,post_switch_request,,,router_a,baf806c20548a4f4,"{""RxFailed"": ""0"", ""RxSuccess"": ""52"", ""TxFailed"": ""0"", ""TxSuccess"": ""38""}","{""Attach Attempts"": ""1"", ""Better Parent Attach Attempts"": ""0"", ""Better Partition Attach Attempts"": ""0"", ""Parent Changes"": ""1"", ""Partition Id Changes"": ""1"", ""Role Child"": ""2"", ""Role Detached"": ""2"", ""Role Disabled"": ""0"", ""Role Leader"": ""0"", ""Role Router"": ""0"", ""Time Child Milli"": ""36529"", ""Time Detached Milli"": ""1471"", ""Time Disabled Milli"": ""0"", ""Time Leader Milli"": ""0"", ""Time Router Milli"": ""0"", ""Time Tracked Milli"": ""38000""}",,,,,,,,
33,219.0,375.0,300.0,child,9001,baf806c20548a4f4,9000,router_a,3,3,5,5,router_a,9000,baf806c20548a4f4,0.0,0.0,0.0,0.0,1,1,0.0,5.0,5.0,5.0,,,,,,,,,False,True,MutualInterference,minimal_end_device,med,disabled,True,packet_probe,post_switch_request,,,router_a,baf806c20548a4f4,"{""RxFailed"": ""0"", ""RxSuccess"": ""53"", ""TxFailed"": ""0"", ""TxSuccess"": ""39""}","{""Attach Attempts"": ""1"", ""Better Parent Attach Attempts"": ""0"", ""Better Partition Attach Attempts"": ""0"", ""Parent Changes"": ""1"", ""Partition Id Changes"": ""1"", ""Role Child"": ""2"", ""Role Detached"": ""2"", ""Role Disabled"": ""0"", ""Role Leader"": ""0"", ""Role Router"": ""0"", ""Time Child Milli"": ""37529"", ""Time Detached Milli"": ""1471"", ""Time Disabled Milli"": ""0"", ""Time Leader Milli"": ""0"", ""Time Router Milli"": ""0"", ""Time Tracked Milli"": ""39000""}",,,,,,,,
34,220.0,375.0,300.0,child,9001,baf806c20548a4f4,9000,router_a,3,3,6,5,router_a,9000,baf806c20548a4f4,0.0,0.0,0.0,0.0,1,1,0.0,6.0,6.0,6.0,,,,,,,,,False,True,MutualInterference,minimal_end_device,med,disabled,True,packet_probe,post_switch_request,,,router_a,baf806c20548a4f4,"{""RxFailed"": ""0"", ""RxSuccess"": ""54"", ""TxFailed"": ""0"", ""TxSuccess"": ""40""}","{""Attach Attempts"": ""1"", ""Better Parent Attach Attempts"": ""0"", ""Better Partition Attach Attempts"": ""0"", ""Parent Changes"": ""1"", ""Partition Id Changes"": ""1"", ""Role Child"": ""2"", ""Role Detached"": ""2"", ""Role Disabled"": ""0"", ""Role Leader"": ""0"", ""Role Router"": ""0"", ""Time Child Milli"": ""38529"", ""Time Detached Milli"": ""1471"", ""Time Disabled Milli"": ""0"", ""Time Leader Milli"": ""0"", ""Time Router Milli"": ""0"", ""Time Tracked Milli"": ""40000""}",,,,,,,,
35,221.0,375.0,300.0,child,9001,baf806c20548a4f4,9000,router_a,3,3,7,5,router_a,9000,baf806c20548a4f4,0.0,0.0,0.0,0.0,1,1,0.0,6.0,6.0,6.0,,,,,,,,,False,True,MutualInterference,minimal_end_device,med,disabled,True,packet_probe,post_switch_request,,,router_a,baf806c20548a4f4,"{""RxFailed"": ""0"", ""RxSuccess"": ""56"", ""TxFailed"": ""0"", ""TxSuccess"": ""41""}","{""Attach Attempts"": ""1"", ""Better Parent Attach Attempts"": ""0"", ""Better Partition Attach Attempts"": ""0"", ""Parent Changes"": ""1"", ""Partition Id Changes"": ""1"", ""Role Child"": ""2"", ""Role Detached"": ""2"", ""Role Disabled"": ""0"", ""Role Leader"": ""0"", ""Role Router"": ""0"", ""Time Child Milli"": ""39529"", ""Time Detached Milli"": ""1471"", ""Time Disabled Milli"": ""0"", ""Time Leader Milli"": ""0"", ""Time Router Milli"": ""0"", ""Time Tracked Milli"": ""41000""}",,,,,,,,
36,222.0,375.0,300.0,child,9001,baf806c20548a4f4,9000,router_a,3,3,8,5,router_a,9000,baf806c20548a4f4,0.0,0.0,0.0,0.0,1,1,0.0,8.0,8.0,8.0,,,,,,,,,False,True,MutualInterference,minimal_end_device,med,disabled,True,packet_probe,post_switch_request,,,router_a,baf806c20548a4f4,"{""RxFailed"": ""0"", ""RxSuccess"": ""57"", ""TxFailed"": ""0"", ""TxSuccess"": ""42""}","{""Attach Attempts"": ""1"", ""Better Parent Attach Attempts"": ""0"", ""Better Partition Attach Attempts"": ""0"", ""Parent Changes"": ""1"", ""Partition Id Changes"": ""1"", ""Role Child"": ""2"", ""Role Detached"": ""2"", ""Role Disabled"": ""0"", ""Role Leader"": ""0"", ""Role Router"": ""0"", ""Time Child Milli"": ""40529"", ""Time Detached Milli"": ""1471"", ""Time Disabled Milli"": ""0"", ""Time Leader Milli"": ""0"", ""Time Router Milli"": ""0"", ""Time Tracked Milli"": ""42000""}",,,,,,,,
37,223.0,375.0,300.0,child,9001,baf806c20548a4f4,9000,router_a,3,3,9,5,router_a,9000,baf806c20548a4f4,0.0,0.0,0.0,0.0,1,1,0.0,7.0,7.0,7.0,,,,,,,,,False,True,MutualInterference,minimal_end_device,med,disabled,True,packet_probe,post_switch_request,,,router_a,baf806c20548a4f4,"{""RxFailed"": ""0"", ""RxSuccess"": ""58"", ""TxFailed"": ""0"", ""TxSuccess"": ""43""}","{""Attach Attempts"": ""1"", ""Better Parent Attach Attempts"": ""0"", ""Better Partition Attach Attempts"": ""0"", ""Parent Changes"": ""1"", ""Partition Id Changes"": ""1"", ""Role Child"": ""2"", ""Role Detached"": ""2"", ""Role Disabled"": ""0"", ""Role Leader"": ""0"", ""Role Router"": ""0"", ""Time Child Milli"": ""41529"", ""Time Detached Milli"": ""1471"", ""Time Disabled Milli"": ""0"", ""Time Leader Milli"": ""0"", ""Time Router Milli"": ""0"", ""Time Tracked Milli"": ""43000""}",,,,,,,,
38,224.0,375.0,300.0,child,9001,baf806c20548a4f4,9000,router_a,3,3,10,5,router_a,9000,baf806c20548a4f4,0.0,0.0,0.0,0.0,1,1,0.0,7.0,7.0,7.0,,,,,,,,,False,True,MutualInterference,minimal_end_device,med,disabled,True,packet_probe,post_switch_request,,,router_a,baf806c20548a4f4,"{""RxFailed"": ""0"", ""RxSuccess"": ""59"", ""TxFailed"": ""0"", ""TxSuccess"": ""44""}","{""Attach Attempts"": ""1"", ""Better Parent Attach Attempts"": ""0"", ""Better Partition Attach Attempts"": ""0"", ""Parent Changes"": ""1"", ""Partition Id Changes"": ""1"", ""Role Child"": ""2"", ""Role Detached"": ""2"", ""Role Disabled"": ""0"", ""Role Leader"": ""0"", ""Role Router"": ""0"", ""Time Child Milli"": ""42529"", ""Time Detached Milli"": ""1471"", ""Time Disabled Milli"": ""0"", ""Time Leader Milli"": ""0"", ""Time Router Milli"": ""0"", ""Time Tracked Milli"": ""44000""}",,,,,,,,
39,225.0,375.0,300.0,child,9001,baf806c20548a4f4,9000,router_a,3,3,0,5,router_a,9000,baf806c20548a4f4,0.0,0.0,0.0,0.0,1,1,0.0,7.0,7.0,7.0,,,,,,,,,False,True,MutualInterference,minimal_end_device,med,disabled,True,packet_probe,post_switch_request,,,router_a,baf806c20548a4f4,"{""RxFailed"": ""0"", ""RxSuccess"": ""61"", ""TxFailed"": ""0"", ""TxSuccess"": ""45""}","{""Attach Attempts"": ""1"", ""Better Parent Attach Attempts"": ""0"", ""Better Partition Attach Attempts"": ""0"", ""Parent Changes"": ""1"", ""Partition Id Changes"": ""1"", ""Role Child"": ""2"", ""Role Detached"": ""2"", ""Role Disabled"": ""0"", ""Role Leader"": ""0"", ""Role Router"": ""0"", ""Time Child Milli"": ""43529"", ""Time Detached Milli"": ""1471"", ""Time Disabled Milli"": ""0"", ""Time Leader Milli"": ""0"", ""Time Router Milli"": ""0"", ""Time Tracked Milli"": ""45000""}",,,,,,,,
40,226.0,375.0,300.0,child,9001,baf806c20548a4f4,9000,router_a,3,3,1,5,router_a,9000,baf806c20548a4f4,0.0,0.0,0.0,0.0,1,1,0.0,7.0,7.0,7.0,,,,,,,,,False,True,MutualInterference,minimal_end_device,med,disabled,True,packet_probe,post_switch_request,,,router_a,baf806c20548a4f4,"{""RxFailed"": ""0"", ""RxSuccess"": ""62"", ""TxFailed"": ""0"", ""TxSuccess"": ""46""}","{""Attach Attempts"": ""1"", ""Better Parent Attach Attempts"": ""0"", ""Better Partition Attach Attempts"": ""0"", ""Parent Changes"": ""1"", ""Partition Id Changes"": ""1"", ""Role Child"": ""2"", ""Role Detached"": ""2"", ""Role Disabled"": ""0"", ""Role Leader"": ""0"", ""Role Router"": ""0"", ""Time Child Milli"": ""44529"", ""Time Detached Milli"": ""1471"", ""Time Disabled Milli"": ""0"", ""Time Leader Milli"": ""0"", ""Time Router Milli"": ""0"", ""Time Tracked Milli"": ""46000""}",,,,,,,,
41,227.0,375.0,300.0,child,9001,baf806c20548a4f4,9000,router_a,3,3,2,5,router_a,9000,baf806c20548a4f4,0.0,0.0,0.0,0.0,1,1,0.0,7.0,7.0,7.0,,,,,,,,,False,True,MutualInterference,minimal_end_device,med,disabled,True,packet_probe,post_switch_request,,,router_a,baf806c20548a4f4,"{""RxFailed"": ""0"", ""RxSuccess"": ""64"", ""TxFailed"": ""0"", ""TxSuccess"": ""47""}","{""Attach Attempts"": ""1"", ""Better Parent Attach Attempts"": ""0"", ""Better Partition Attach Attempts"": ""0"", ""Parent Changes"": ""1"", ""Partition Id Changes"": ""1"", ""Role Child"": ""2"", ""Role Detached"": ""2"", ""Role Disabled"": ""0"", ""Role Leader"": ""0"", ""Role Router"": ""0"", ""Time Child Milli"": ""45529"", ""Time Detached Milli"": ""1471"", ""Time Disabled Milli"": ""0"", ""Time Leader Milli"": ""0"", ""Time Router Milli"": ""0"", ""Time Tracked Milli"": ""47000""}",,,,,,,,
42,228.0,375.0,300.0,child,9001,baf806c20548a4f4,9000,router_a,3,3,3,5,router_a,9000,baf806c20548a4f4,0.0,0.0,0.0,0.0,1,1,0.0,6.0,6.0,6.0,,,,,,,,,False,True,MutualInterference,minimal_end_device,med,disabled,True,packet_probe,post_switch_request,,,router_a,baf806c20548a4f4,"{""RxFailed"": ""0"", ""RxSuccess"": ""65"", ""TxFailed"": ""0"", ""TxSuccess"": ""48""}","{""Attach Attempts"": ""1"", ""Better Parent Attach Attempts"": ""0"", ""Better Partition Attach Attempts"": ""0"", ""Parent Changes"": ""1"", ""Partition Id Changes"": ""1"", ""Role Child"": ""2"", ""Role Detached"": ""2"", ""Role Disabled"": ""0"", ""Role Leader"": ""0"", ""Role Router"": ""0"", ""Time Child Milli"": ""46529"", ""Time Detached Milli"": ""1471"", ""Time Disabled Milli"": ""0"", ""Time Leader Milli"": ""0"", ""Time Router Milli"": ""0"", ""Time Tracked Milli"": ""48000""}",,,,,,,,
43,229.0,375.0,300.0,child,9001,baf806c20548a4f4,9000,router_a,3,3,4,5,router_a,9000,baf806c20548a4f4,0.0,0.0,0.0,0.0,1,1,0.0,6.0,6.0,6.0,,,,,,,,,False,True,MutualInterference,minimal_end_device,med,disabled,True,packet_probe,post_switch_request,,,router_a,baf806c20548a4f4,"{""RxFailed"": ""0"", ""RxSuccess"": ""66"", ""TxFailed"": ""0"", ""TxSuccess"": ""49""}","{""Attach Attempts"": ""1"", ""Better Parent Attach Attempts"": ""0"", ""Better Partition Attach Attempts"": ""0"", ""Parent Changes"": ""1"", ""Partition Id Changes"": ""1"", ""Role Child"": ""2"", ""Role Detached"": ""2"", ""Role Disabled"": ""0"", ""Role Leader"": ""0"", ""Role Router"": ""0"", ""Time Child Milli"": ""47529"", ""Time Detached Milli"": ""1471"", ""Time Disabled Milli"": ""0"", ""Time Leader Milli"": ""0"", ""Time Router Milli"": ""0"", ""Time Tracked Milli"": ""49000""}",,,,,,,,
44,230.0,375.0,300.0,child,9001,baf806c20548a4f4,9000,router_a,3,3,5,5,router_a,9000,baf806c20548a4f4,0.0,0.0,0.0,0.0,1,1,0.0,7.0,7.0,7.0,,,,,,,,,False,True,MutualInterference,minimal_end_device,med,disabled,True,packet_probe,post_switch_request,,,router_a,baf806c20548a4f4,"{""RxFailed"": ""0"", ""RxSuccess"": ""67"", ""TxFailed"": ""0"", ""TxSuccess"": ""50""}","{""Attach Attempts"": ""1"", ""Better Parent Attach Attempts"": ""0"", ""Better Partition Attach Attempts"": ""0"", ""Parent Changes"": ""1"", ""Partition Id Changes"": ""1"", ""Role Child"": ""2"", ""Role Detached"": ""2"", ""Role Disabled"": ""0"", ""Role Leader"": ""0"", ""Role Router"": ""0"", ""Time Child Milli"": ""48529"", ""Time Detached Milli"": ""1471"", ""Time Disabled Milli"": ""0"", ""Time Leader Milli"": ""0"", ""Time Router Milli"": ""0"", ""Time Tracked Milli"": ""50000""}",,,,,,,,
45,231.0,375.0,300.0,child,9001,baf806c20548a4f4,9000,router_a,3,3,6,5,router_a,9000,baf806c20548a4f4,0.0,0.0,0.0,0.0,1,1,0.0,6.0,6.0,6.0,,,,,,,,,False,True,MutualInterference,minimal_end_device,med,disabled,True,packet_probe,post_switch_request,,,router_a,baf806c20548a4f4,"{""RxFailed"": ""0"", ""RxSuccess"": ""68"", ""TxFailed"": ""0"", ""TxSuccess"": ""51""}","{""Attach Attempts"": ""1"", ""Better Parent Attach Attempts"": ""0"", ""Better Partition Attach Attempts"": ""0"", ""Parent Changes"": ""1"", ""Partition Id Changes"": ""1"", ""Role Child"": ""2"", ""Role Detached"": ""2"", ""Role Disabled"": ""0"", ""Role Leader"": ""0"", ""Role Router"": ""0"", ""Time Child Milli"": ""49529"", ""Time Detached Milli"": ""1471"", ""Time Disabled Milli"": ""0"", ""Time Leader Milli"": ""0"", ""Time Router Milli"": ""0"", ""Time Tracked Milli"": ""51000""}",,,,,,,,
46,232.0,375.0,300.0,child,9001,baf806c20548a4f4,9000,router_a,3,3,7,5,router_a,9000,baf806c20548a4f4,0.0,0.0,0.0,0.0,1,1,0.0,7.0,7.0,7.0,,,,,,,,,False,True,MutualInterference,minimal_end_device,med,disabled,True,packet_probe,post_switch_request,,,router_a,baf806c20548a4f4,"{""RxFailed"": ""0"", ""RxSuccess"": ""70"", ""TxFailed"": ""0"", ""TxSuccess"": ""52""}","{""Attach Attempts"": ""1"", ""Better Parent Attach Attempts"": ""0"", ""Better Partition Attach Attempts"": ""0"", ""Parent Changes"": ""1"", ""Partition Id Changes"": ""1"", ""Role Child"": ""2"", ""Role Detached"": ""2"", ""Role Disabled"": ""0"", ""Role Leader"": ""0"", ""Role Router"": ""0"", ""Time Child Milli"": ""50529"", ""Time Detached Milli"": ""1471"", ""Time Disabled Milli"": ""0"", ""Time Leader Milli"": ""0"", ""Time Router Milli"": ""0"", ""Time Tracked Milli"": ""52000""}",,,,,,,,
47,233.0,375.0,300.0,child,9001,baf806c20548a4f4,9000,router_a,3,3,8,5,router_a,9000,baf806c20548a4f4,0.0,0.0,0.0,0.0,1,1,0.0,5.0,5.0,5.0,,,,,,,,,False,True,MutualInterference,minimal_end_device,med,disabled,True,packet_probe,post_switch_request,,,router_a,baf806c20548a4f4,"{""RxFailed"": ""0"", ""RxSuccess"": ""71"", ""TxFailed"": ""0"", ""TxSuccess"": ""53""}","{""Attach Attempts"": ""1"", ""Better Parent Attach Attempts"": ""0"", ""Better Partition Attach Attempts"": ""0"", ""Parent Changes"": ""1"", ""Partition Id Changes"": ""1"", ""Role Child"": ""2"", ""Role Detached"": ""2"", ""Role Disabled"": ""0"", ""Role Leader"": ""0"", ""Role Router"": ""0"", ""Time Child Milli"": ""51529"", ""Time Detached Milli"": ""1471"", ""Time Disabled Milli"": ""0"", ""Time Leader Milli"": ""0"", ""Time Router Milli"": ""0"", ""Time Tracked Milli"": ""53000""}",,,,,,,,
48,234.0,375.0,300.0,child,9001,baf806c20548a4f4,9000,router_a,3,3,9,5,router_a,9000,baf806c20548a4f4,0.0,0.0,0.0,0.0,1,1,0.0,5.0,5.0,5.0,,,,,,,,,False,True,MutualInterference,minimal_end_device,med,disabled,True,packet_probe,post_switch_request,,,router_a,baf806c20548a4f4,"{""RxFailed"": ""0"", ""RxSuccess"": ""72"", ""TxFailed"": ""0"", ""TxSuccess"": ""54""}","{""Attach Attempts"": ""1"", ""Better Parent Attach Attempts"": ""0"", ""Better Partition Attach Attempts"": ""0"", ""Parent Changes"": ""1"", ""Partition Id Changes"": ""1"", ""Role Child"": ""2"", ""Role Detached"": ""2"", ""Role Disabled"": ""0"", ""Role Leader"": ""0"", ""Role Router"": ""0"", ""Time Child Milli"": ""52529"", ""Time Detached Milli"": ""1471"", ""Time Disabled Milli"": ""0"", ""Time Leader Milli"": ""0"", ""Time Router Milli"": ""0"", ""Time Tracked Milli"": ""54000""}",,,,,,,,
49,235.0,375.0,300.0,child,9001,baf806c20548a4f4,9000,router_a,3,3,10,5,router_a,9000,baf806c20548a4f4,0.0,0.0,0.0,0.0,1,1,0.0,6.0,6.0,6.0,,,,,,,,,False,True,MutualInterference,minimal_end_device,med,disabled,True,packet_probe,post_switch_request,,,router_a,baf806c20548a4f4,"{""RxFailed"": ""0"", ""RxSuccess"": ""74"", ""TxFailed"": ""0"", ""TxSuccess"": ""55""}","{""Attach Attempts"": ""1"", ""Better Parent Attach Attempts"": ""0"", ""Better Partition Attach Attempts"": ""0"", ""Parent Changes"": ""1"", ""Partition Id Changes"": ""1"", ""Role Child"": ""2"", ""Role Detached"": ""2"", ""Role Disabled"": ""0"", ""Role Leader"": ""0"", ""Role Router"": ""0"", ""Time Child Milli"": ""53529"", ""Time Detached Milli"": ""1471"", ""Time Disabled Milli"": ""0"", ""Time Leader Milli"": ""0"", ""Time Router Milli"": ""0"", ""Time Tracked Milli"": ""55000""}",,,,,,,,
50,236.0,375.0,300.0,child,9001,baf806c20548a4f4,9000,router_a,3,3,11,5,router_a,9000,baf806c20548a4f4,0.0,0.0,0.0,0.0,1,1,0.0,7.0,7.0,7.0,,,,,,,,,False,True,MutualInterference,minimal_end_device,med,disabled,True,packet_probe,post_switch_request,,,router_a,baf806c20548a4f4,"{""RxFailed"": ""0"", ""RxSuccess"": ""75"", ""TxFailed"": ""0"", ""TxSuccess"": ""56""}","{""Attach Attempts"": ""1"", ""Better Parent Attach Attempts"": ""0"", ""Better Partition Attach Attempts"": ""0"", ""Parent Changes"": ""1"", ""Partition Id Changes"": ""1"", ""Role Child"": ""2"", ""Role Detached"": ""2"", ""Role Disabled"": ""0"", ""Role Leader"": ""0"", ""Role Router"": ""0"", ""Time Child Milli"": ""54529"", ""Time Detached Milli"": ""1471"", ""Time Disabled Milli"": ""0"", ""Time Leader Milli"": ""0"", ""Time Router Milli"": ""0"", ""Time Tracked Milli"": ""56000""}",,,,,,,,
51,237.0,375.0,300.0,child,9001,baf806c20548a4f4,9000,router_a,3,3,0,5,router_a,9000,baf806c20548a4f4,0.0,0.0,0.0,0.0,1,1,0.0,7.0,7.0,7.0,,,,,,,,,False,True,MutualInterference,minimal_end_device,med,disabled,True,packet_probe,post_switch_request,,,router_a,baf806c20548a4f4,"{""RxFailed"": ""0"", ""RxSuccess"": ""77"", ""TxFailed"": ""0"", ""TxSuccess"": ""57""}","{""Attach Attempts"": ""1"", ""Better Parent Attach Attempts"": ""0"", ""Better Partition Attach Attempts"": ""0"", ""Parent Changes"": ""1"", ""Partition Id Changes"": ""1"", ""Role Child"": ""2"", ""Role Detached"": ""2"", ""Role Disabled"": ""0"", ""Role Leader"": ""0"", ""Role Router"": ""0"", ""Time Child Milli"": ""55529"", ""Time Detached Milli"": ""1471"", ""Time Disabled Milli"": ""0"", ""Time Leader Milli"": ""0"", ""Time Router Milli"": ""0"", ""Time Tracked Milli"": ""57000""}",,,,,,,,
52,238.0,375.0,300.0,child,9001,baf806c20548a4f4,9000,router_a,3,3,1,5,router_a,9000,baf806c20548a4f4,0.0,0.0,0.0,0.0,1,1,0.0,7.0,7.0,7.0,,,,,,,,,False,True,MutualInterference,minimal_end_device,med,disabled,True,packet_probe,post_switch_request,,,router_a,baf806c20548a4f4,"{""RxFailed"": ""0"", ""RxSuccess"": ""78"", ""TxFailed"": ""0"", ""TxSuccess"": ""58""}","{""Attach Attempts"": ""1"", ""Better Parent Attach Attempts"": ""0"", ""Better Partition Attach Attempts"": ""0"", ""Parent Changes"": ""1"", ""Partition Id Changes"": ""1"", ""Role Child"": ""2"", ""Role Detached"": ""2"", ""Role Disabled"": ""0"", ""Role Leader"": ""0"", ""Role Router"": ""0"", ""Time Child Milli"": ""56529"", ""Time Detached Milli"": ""1471"", ""Time Disabled Milli"": ""0"", ""Time Leader Milli"": ""0"", ""Time Router Milli"": ""0"", ""Time Tracked Milli"": ""58000""}",,,,,,,,
53,239.0,375.0,300.0,child,9001,baf806c20548a4f4,9000,router_a,3,3,2,5,router_a,9000,baf806c20548a4f4,0.0,0.0,0.0,0.0,1,1,0.0,5.0,5.0,5.0,,,,,,,,,False,True,MutualInterference,minimal_end_device,med,disabled,True,packet_probe,post_switch_request,,,router_a,baf806c20548a4f4,"{""RxFailed"": ""0"", ""RxSuccess"": ""79"", ""TxFailed"": ""0"", ""TxSuccess"": ""59""}","{""Attach Attempts"": ""1"", ""Better Parent Attach Attempts"": ""0"", ""Better Partition Attach Attempts"": ""0"", ""Parent Changes"": ""1"", ""Partition Id Changes"": ""1"", ""Role Child"": ""2"", ""Role Detached"": ""2"", ""Role Disabled"": ""0"", ""Role Leader"": ""0"", ""Role Router"": ""0"", ""Time Child Milli"": ""57529"", ""Time Detached Milli"": ""1471"", ""Time Disabled Milli"": ""0"", ""Time Leader Milli"": ""0"", ""Time Router Milli"": ""0"", ""Time Tracked Milli"": ""59000""}",,,,,,,,
54,240.0,375.0,300.0,child,9001,baf806c20548a4f4,9000,router_a,3,3,3,5,router_a,9000,baf806c20548a4f4,0.0,0.0,0.0,0.0,1,1,0.0,5.0,5.0,5.0,,,,,,,,,False,True,MutualInterference,minimal_end_device,med,disabled,True,packet_probe,post_switch_request,,,router_a,baf806c20548a4f4,"{""RxFailed"": ""0"", ""RxSuccess"": ""80"", ""TxFailed"": ""0"", ""TxSuccess"": ""60""}","{""Attach Attempts"": ""1"", ""Better Parent Attach Attempts"": ""0"", ""Better Partition Attach Attempts"": ""0"", ""Parent Changes"": ""1"", ""Partition Id Changes"": ""1"", ""Role Child"": ""2"", ""Role Detached"": ""2"", ""Role Disabled"": ""0"", ""Role Leader"": ""0"", ""Role Router"": ""0"", ""Time Child Milli"": ""58529"", ""Time Detached Milli"": ""1471"", ""Time Disabled Milli"": ""0"", ""Time Leader Milli"": ""0"", ""Time Router Milli"": ""0"", ""Time Tracked Milli"": ""60000""}",,,,,,,,
55,241.0,375.0,300.0,child,9001,baf806c20548a4f4,9000,router_a,3,3,4,5,router_a,9000,baf806c20548a4f4,0.0,0.0,0.0,0.0,1,1,0.0,9.0,9.0,9.0,,,,,,,,,False,True,MutualInterference,minimal_end_device,med,disabled,True,packet_probe,post_switch_request,,,router_a,baf806c20548a4f4,"{""RxFailed"": ""0"", ""RxSuccess"": ""81"", ""TxFailed"": ""0"", ""TxSuccess"": ""61""}","{""Attach Attempts"": ""1"", ""Better Parent Attach Attempts"": ""0"", ""Better Partition Attach Attempts"": ""0"", ""Parent Changes"": ""1"", ""Partition Id Changes"": ""1"", ""Role Child"": ""2"", ""Role Detached"": ""2"", ""Role Disabled"": ""0"", ""Role Leader"": ""0"", ""Role Router"": ""0"", ""Time Child Milli"": ""59529"", ""Time Detached Milli"": ""1471"", ""Time Disabled Milli"": ""0"", ""Time Leader Milli"": ""0"", ""Time Router Milli"": ""0"", ""Time Tracked Milli"": ""61000""}",,,,,,,,
56,242.0,375.0,300.0,child,9001,baf806c20548a4f4,9000,router_a,3,3,5,5,router_a,9000,baf806c20548a4f4,0.0,0.0,0.0,0.0,1,1,0.0,7.0,7.0,7.0,,,,,,,,,False,True,MutualInterference,minimal_end_device,med,disabled,True,packet_probe,post_switch_request,,,router_a,baf806c20548a4f4,"{""RxFailed"": ""0"", ""RxSuccess"": ""83"", ""TxFailed"": ""0"", ""TxSuccess"": ""62""}","{""Attach Attempts"": ""1"", ""Better Parent Attach Attempts"": ""0"", ""Better Partition Attach Attempts"": ""0"", ""Parent Changes"": ""1"", ""Partition Id Changes"": ""1"", ""Role Child"": ""2"", ""Role Detached"": ""2"", ""Role Disabled"": ""0"", ""Role Leader"": ""0"", ""Role Router"": ""0"", ""Time Child Milli"": ""60529"", ""Time Detached Milli"": ""1471"", ""Time Disabled Milli"": ""0"", ""Time Leader Milli"": ""0"", ""Time Router Milli"": ""0"", ""Time Tracked Milli"": ""62000""}",,,,,,,,
57,243.0,375.0,300.0,child,9001,baf806c20548a4f4,9000,router_a,3,3,6,5,router_a,9000,baf806c20548a4f4,0.0,0.0,0.0,0.0,1,1,0.0,7.0,7.0,7.0,,,,,,,,,False,True,MutualInterference,minimal_end_device,med,disabled,True,packet_probe,post_switch_request,,,router_a,baf806c20548a4f4,"{""RxFailed"": ""0"", ""RxSuccess"": ""84"", ""TxFailed"": ""0"", ""TxSuccess"": ""63""}","{""Attach Attempts"": ""1"", ""Better Parent Attach Attempts"": ""0"", ""Better Partition Attach Attempts"": ""0"", ""Parent Changes"": ""1"", ""Partition Id Changes"": ""1"", ""Role Child"": ""2"", ""Role Detached"": ""2"", ""Role Disabled"": ""0"", ""Role Leader"": ""0"", ""Role Router"": ""0"", ""Time Child Milli"": ""61529"", ""Time Detached Milli"": ""1471"", ""Time Disabled Milli"": ""0"", ""Time Leader Milli"": ""0"", ""Time Router Milli"": ""0"", ""Time Tracked Milli"": ""63000""}",,,,,,,,
58,244.0,375.0,300.0,child,9001,baf806c20548a4f4,9000,router_a,3,3,7,5,router_a,9000,baf806c20548a4f4,0.0,0.0,0.0,0.0,1,1,0.0,6.0,6.0,6.0,,,,,,,,,False,True,MutualInterference,minimal_end_device,med,disabled,True,packet_probe,post_switch_request,,,router_a,baf806c20548a4f4,"{""RxFailed"": ""0"", ""RxSuccess"": ""86"", ""TxFailed"": ""0"", ""TxSuccess"": ""64""}","{""Attach Attempts"": ""1"", ""Better Parent Attach Attempts"": ""0"", ""Better Partition Attach Attempts"": ""0"", ""Parent Changes"": ""1"", ""Partition Id Changes"": ""1"", ""Role Child"": ""2"", ""Role Detached"": ""2"", ""Role Disabled"": ""0"", ""Role Leader"": ""0"", ""Role Router"": ""0"", ""Time Child Milli"": ""62529"", ""Time Detached Milli"": ""1471"", ""Time Disabled Milli"": ""0"", ""Time Leader Milli"": ""0"", ""Time Router Milli"": ""0"", ""Time Tracked Milli"": ""64000""}",,,,,,,,
59,245.0,375.0,300.0,child,9001,baf806c20548a4f4,9000,router_a,3,3,8,5,router_a,9000,baf806c20548a4f4,0.0,0.0,0.0,0.0,1,1,0.0,6.0,6.0,6.0,,,,,,,,,False,True,MutualInterference,minimal_end_device,med,disabled,True,packet_probe,post_switch_request,,,router_a,baf806c20548a4f4,"{""RxFailed"": ""0"", ""RxSuccess"": ""88"", ""TxFailed"": ""0"", ""TxSuccess"": ""65""}","{""Attach Attempts"": ""1"", ""Better Parent Attach Attempts"": ""0"", ""Better Partition Attach Attempts"": ""0"", ""Parent Changes"": ""1"", ""Partition Id Changes"": ""1"", ""Role Child"": ""2"", ""Role Detached"": ""2"", ""Role Disabled"": ""0"", ""Role Leader"": ""0"", ""Role Router"": ""0"", ""Time Child Milli"": ""63529"", ""Time Detached Milli"": ""1471"", ""Time Disabled Milli"": ""0"", ""Time Leader Milli"": ""0"", ""Time Router Milli"": ""0"", ""Time Tracked Milli"": ""65000""}",,,,,,,,
60,246.0,375.0,300.0,child,9001,baf806c20548a4f4,9000,router_a,3,3,9,5,router_a,9000,baf806c20548a4f4,0.0,0.0,0.0,0.0,1,1,0.0,6.0,6.0,6.0,,,,,,,,,False,True,MutualInterference,minimal_end_device,med,disabled,True,packet_probe,post_switch_request,,,router_a,baf806c20548a4f4,"{""RxFailed"": ""0"", ""RxSuccess"": ""89"", ""TxFailed"": ""0"", ""TxSuccess"": ""66""}","{""Attach Attempts"": ""1"", ""Better Parent Attach Attempts"": ""0"", ""Better Partition Attach Attempts"": ""0"", ""Parent Changes"": ""1"", ""Partition Id Changes"": ""1"", ""Role Child"": ""2"", ""Role Detached"": ""2"", ""Role Disabled"": ""0"", ""Role Leader"": ""0"", ""Role Router"": ""0"", ""Time Child Milli"": ""64529"", ""Time Detached Milli"": ""1471"", ""Time Disabled Milli"": ""0"", ""Time Leader Milli"": ""0"", ""Time Router Milli"": ""0"", ""Time Tracked Milli"": ""66000""}",,,,,,,,
61,247.0,375.0,300.0,child,9001,baf806c20548a4f4,9000,router_a,3,3,10,5,router_a,9000,baf806c20548a4f4,0.0,0.0,0.0,0.0,1,1,0.0,5.0,5.0,5.0,,,,,,,,,False,True,MutualInterference,minimal_end_device,med,disabled,True,packet_probe,post_switch_request,,,router_a,baf806c20548a4f4,"{""RxFailed"": ""0"", ""RxSuccess"": ""90"", ""TxFailed"": ""0"", ""TxSuccess"": ""67""}","{""Attach Attempts"": ""1"", ""Better Parent Attach Attempts"": ""0"", ""Better Partition Attach Attempts"": ""0"", ""Parent Changes"": ""1"", ""Partition Id Changes"": ""1"", ""Role Child"": ""2"", ""Role Detached"": ""2"", ""Role Disabled"": ""0"", ""Role Leader"": ""0"", ""Role Router"": ""0"", ""Time Child Milli"": ""65529"", ""Time Detached Milli"": ""1471"", ""Time Disabled Milli"": ""0"", ""Time Leader Milli"": ""0"", ""Time Router Milli"": ""0"", ""Time Tracked Milli"": ""67000""}",,,,,,,,
62,248.0,375.0,300.0,child,9001,baf806c20548a4f4,9000,router_a,3,3,11,5,router_a,9000,baf806c20548a4f4,0.0,0.0,0.0,0.0,1,1,0.0,5.0,5.0,5.0,,,,,,,,,False,True,MutualInterference,minimal_end_device,med,disabled,True,packet_probe,post_switch_request,,,router_a,baf806c20548a4f4,"{""RxFailed"": ""0"", ""RxSuccess"": ""91"", ""TxFailed"": ""0"", ""TxSuccess"": ""68""}","{""Attach Attempts"": ""1"", ""Better Parent Attach Attempts"": ""0"", ""Better Partition Attach Attempts"": ""0"", ""Parent Changes"": ""1"", ""Partition Id Changes"": ""1"", ""Role Child"": ""2"", ""Role Detached"": ""2"", ""Role Disabled"": ""0"", ""Role Leader"": ""0"", ""Role Router"": ""0"", ""Time Child Milli"": ""66529"", ""Time Detached Milli"": ""1471"", ""Time Disabled Milli"": ""0"", ""Time Leader Milli"": ""0"", ""Time Router Milli"": ""0"", ""Time Tracked Milli"": ""68000""}",,,,,,,,
63,249.0,375.0,300.0,child,9001,baf806c20548a4f4,9000,router_a,3,3,12,5,router_a,9000,baf806c20548a4f4,0.0,0.0,0.0,0.0,1,1,0.0,6.0,6.0,6.0,,,,,,,,,False,True,MutualInterference,minimal_end_device,med,disabled,True,packet_probe,post_switch_request,,,router_a,baf806c20548a4f4,"{""RxFailed"": ""0"", ""RxSuccess"": ""92"", ""TxFailed"": ""0"", ""TxSuccess"": ""69""}","{""Attach Attempts"": ""1"", ""Better Parent Attach Attempts"": ""0"", ""Better Partition Attach Attempts"": ""0"", ""Parent Changes"": ""1"", ""Partition Id Changes"": ""1"", ""Role Child"": ""2"", ""Role Detached"": ""2"", ""Role Disabled"": ""0"", ""Role Leader"": ""0"", ""Role Router"": ""0"", ""Time Child Milli"": ""67529"", ""Time Detached Milli"": ""1471"", ""Time Disabled Milli"": ""0"", ""Time Leader Milli"": ""0"", ""Time Router Milli"": ""0"", ""Time Tracked Milli"": ""69000""}",,,,,,,,
64,250.0,375.0,300.0,child,9001,baf806c20548a4f4,9000,router_a,3,3,0,5,router_a,9000,baf806c20548a4f4,0.0,0.0,0.0,0.0,1,1,0.0,6.0,6.0,6.0,,,,,,,,,False,True,MutualInterference,minimal_end_device,med,disabled,True,packet_probe,post_switch_request,,,router_a,baf806c20548a4f4,"{""RxFailed"": ""0"", ""RxSuccess"": ""94"", ""TxFailed"": ""0"", ""TxSuccess"": ""70""}","{""Attach Attempts"": ""1"", ""Better Parent Attach Attempts"": ""0"", ""Better Partition Attach Attempts"": ""0"", ""Parent Changes"": ""1"", ""Partition Id Changes"": ""1"", ""Role Child"": ""2"", ""Role Detached"": ""2"", ""Role Disabled"": ""0"", ""Role Leader"": ""0"", ""Role Router"": ""0"", ""Time Child Milli"": ""68529"", ""Time Detached Milli"": ""1471"", ""Time Disabled Milli"": ""0"", ""Time Leader Milli"": ""0"", ""Time Router Milli"": ""0"", ""Time Tracked Milli"": ""70000""}",,,,,,,,
65,251.0,375.0,300.0,child,9001,baf806c20548a4f4,9000,router_a,3,3,1,5,router_a,9000,baf806c20548a4f4,0.0,0.0,0.0,0.0,1,1,0.0,5.0,5.0,5.0,,,,,,,,,False,True,MutualInterference,minimal_end_device,med,disabled,True,packet_probe,post_switch_request,,,router_a,baf806c20548a4f4,"{""RxFailed"": ""0"", ""RxSuccess"": ""95"", ""TxFailed"": ""0"", ""TxSuccess"": ""71""}","{""Attach Attempts"": ""1"", ""Better Parent Attach Attempts"": ""0"", ""Better Partition Attach Attempts"": ""0"", ""Parent Changes"": ""1"", ""Partition Id Changes"": ""1"", ""Role Child"": ""2"", ""Role Detached"": ""2"", ""Role Disabled"": ""0"", ""Role Leader"": ""0"", ""Role Router"": ""0"", ""Time Child Milli"": ""69529"", ""Time Detached Milli"": ""1471"", ""Time Disabled Milli"": ""0"", ""Time Leader Milli"": ""0"", ""Time Router Milli"": ""0"", ""Time Tracked Milli"": ""71000""}",,,,,,,,
66,252.0,375.0,300.0,child,9001,baf806c20548a4f4,9000,router_a,3,3,2,5,router_a,9000,baf806c20548a4f4,0.0,0.0,0.0,0.0,1,1,0.0,8.0,8.0,8.0,,,,,,,,,False,True,MutualInterference,minimal_end_device,med,disabled,True,packet_probe,post_switch_request,,,router_a,baf806c20548a4f4,"{""RxFailed"": ""0"", ""RxSuccess"": ""96"", ""TxFailed"": ""0"", ""TxSuccess"": ""72""}","{""Attach Attempts"": ""1"", ""Better Parent Attach Attempts"": ""0"", ""Better Partition Attach Attempts"": ""0"", ""Parent Changes"": ""1"", ""Partition Id Changes"": ""1"", ""Role Child"": ""2"", ""Role Detached"": ""2"", ""Role Disabled"": ""0"", ""Role Leader"": ""0"", ""Role Router"": ""0"", ""Time Child Milli"": ""70529"", ""Time Detached Milli"": ""1471"", ""Time Disabled Milli"": ""0"", ""Time Leader Milli"": ""0"", ""Time Router Milli"": ""0"", ""Time Tracked Milli"": ""72000""}",,,,,,,,
67,253.0,375.0,300.0,child,9001,baf806c20548a4f4,9000,router_a,3,3,3,5,router_a,9000,baf806c20548a4f4,0.0,0.0,0.0,0.0,1,1,0.0,6.0,6.0,6.0,,,,,,,,,False,True,MutualInterference,minimal_end_device,med,disabled,True,packet_probe,post_switch_request,,,router_a,baf806c20548a4f4,"{""RxFailed"": ""0"", ""RxSuccess"": ""97"", ""TxFailed"": ""0"", ""TxSuccess"": ""73""}","{""Attach Attempts"": ""1"", ""Better Parent Attach Attempts"": ""0"", ""Better Partition Attach Attempts"": ""0"", ""Parent Changes"": ""1"", ""Partition Id Changes"": ""1"", ""Role Child"": ""2"", ""Role Detached"": ""2"", ""Role Disabled"": ""0"", ""Role Leader"": ""0"", ""Role Router"": ""0"", ""Time Child Milli"": ""71529"", ""Time Detached Milli"": ""1471"", ""Time Disabled Milli"": ""0"", ""Time Leader Milli"": ""0"", ""Time Router Milli"": ""0"", ""Time Tracked Milli"": ""73000""}",,,,,,,,
68,254.0,375.0,300.0,child,9001,baf806c20548a4f4,9000,router_a,3,3,4,5,router_a,9000,baf806c20548a4f4,0.0,0.0,0.0,0.0,1,1,0.0,7.0,7.0,7.0,,,,,,,,,False,True,MutualInterference,minimal_end_device,med,disabled,True,packet_probe,post_switch_request,,,router_a,baf806c20548a4f4,"{""RxFailed"": ""0"", ""RxSuccess"": ""98"", ""TxFailed"": ""0"", ""TxSuccess"": ""74""}","{""Attach Attempts"": ""1"", ""Better Parent Attach Attempts"": ""0"", ""Better Partition Attach Attempts"": ""0"", ""Parent Changes"": ""1"", ""Partition Id Changes"": ""1"", ""Role Child"": ""2"", ""Role Detached"": ""2"", ""Role Disabled"": ""0"", ""Role Leader"": ""0"", ""Role Router"": ""0"", ""Time Child Milli"": ""72529"", ""Time Detached Milli"": ""1471"", ""Time Disabled Milli"": ""0"", ""Time Leader Milli"": ""0"", ""Time Router Milli"": ""0"", ""Time Tracked Milli"": ""74000""}",,,,,,,,
69,255.0,375.0,300.0,child,9001,baf806c20548a4f4,9000,router_a,3,3,5,5,router_a,9000,baf806c20548a4f4,0.0,0.0,0.0,0.0,1,1,0.0,5.0,5.0,5.0,,,,,,,,,False,True,MutualInterference,minimal_end_device,med,disabled,True,packet_probe,post_switch_request,,,router_a,baf806c20548a4f4,"{""RxFailed"": ""0"", ""RxSuccess"": ""99"", ""TxFailed"": ""0"", ""TxSuccess"": ""75""}","{""Attach Attempts"": ""1"", ""Better Parent Attach Attempts"": ""0"", ""Better Partition Attach Attempts"": ""0"", ""Parent Changes"": ""1"", ""Partition Id Changes"": ""1"", ""Role Child"": ""2"", ""Role Detached"": ""2"", ""Role Disabled"": ""0"", ""Role Leader"": ""0"", ""Role Router"": ""0"", ""Time Child Milli"": ""73529"", ""Time Detached Milli"": ""1471"", ""Time Disabled Milli"": ""0"", ""Time Leader Milli"": ""0"", ""Time Router Milli"": ""0"", ""Time Tracked Milli"": ""75000""}",,,,,,,,
70,256.0,375.0,300.0,child,9001,baf806c20548a4f4,9000,router_a,3,3,6,5,router_a,9000,baf806c20548a4f4,0.0,0.0,0.0,0.0,1,1,0.0,9.0,9.0,9.0,,,,,,,,,False,True,MutualInterference,minimal_end_device,med,disabled,True,packet_probe,post_switch_request,,,router_a,baf806c20548a4f4,"{""RxFailed"": ""0"", ""RxSuccess"": ""100"", ""TxFailed"": ""0"", ""TxSuccess"": ""76""}","{""Attach Attempts"": ""1"", ""Better Parent Attach Attempts"": ""0"", ""Better Partition Attach Attempts"": ""0"", ""Parent Changes"": ""1"", ""Partition Id Changes"": ""1"", ""Role Child"": ""2"", ""Role Detached"": ""2"", ""Role Disabled"": ""0"", ""Role Leader"": ""0"", ""Role Router"": ""0"", ""Time Child Milli"": ""74529"", ""Time Detached Milli"": ""1471"", ""Time Disabled Milli"": ""0"", ""Time Leader Milli"": ""0"", ""Time Router Milli"": ""0"", ""Time Tracked Milli"": ""76000""}",,,,,,,,
71,257.0,375.0,300.0,child,9001,baf806c20548a4f4,9000,router_a,3,3,0,5,router_a,9000,baf806c20548a4f4,0.0,0.0,0.0,0.0,1,1,0.0,6.0,6.0,6.0,,,,,,,,,False,True,MutualInterference,minimal_end_device,med,disabled,True,packet_probe,post_switch_request,,,router_a,baf806c20548a4f4,"{""RxFailed"": ""0"", ""RxSuccess"": ""102"", ""TxFailed"": ""0"", ""TxSuccess"": ""77""}","{""Attach Attempts"": ""1"", ""Better Parent Attach Attempts"": ""0"", ""Better Partition Attach Attempts"": ""0"", ""Parent Changes"": ""1"", ""Partition Id Changes"": ""1"", ""Role Child"": ""2"", ""Role Detached"": ""2"", ""Role Disabled"": ""0"", ""Role Leader"": ""0"", ""Role Router"": ""0"", ""Time Child Milli"": ""75529"", ""Time Detached Milli"": ""1471"", ""Time Disabled Milli"": ""0"", ""Time Leader Milli"": ""0"", ""Time Router Milli"": ""0"", ""Time Tracked Milli"": ""77000""}",,,,,,,,
72,258.0,375.0,300.0,child,9001,baf806c20548a4f4,9000,router_a,3,3,1,5,router_a,9000,baf806c20548a4f4,0.0,0.0,0.0,0.0,1,1,0.0,4.0,4.0,4.0,,,,,,,,,False,True,MutualInterference,minimal_end_device,med,disabled,True,packet_probe,post_switch_request,,,router_a,baf806c20548a4f4,"{""RxFailed"": ""0"", ""RxSuccess"": ""103"", ""TxFailed"": ""0"", ""TxSuccess"": ""78""}","{""Attach Attempts"": ""1"", ""Better Parent Attach Attempts"": ""0"", ""Better Partition Attach Attempts"": ""0"", ""Parent Changes"": ""1"", ""Partition Id Changes"": ""1"", ""Role Child"": ""2"", ""Role Detached"": ""2"", ""Role Disabled"": ""0"", ""Role Leader"": ""0"", ""Role Router"": ""0"", ""Time Child Milli"": ""76529"", ""Time Detached Milli"": ""1471"", ""Time Disabled Milli"": ""0"", ""Time Leader Milli"": ""0"", ""Time Router Milli"": ""0"", ""Time Tracked Milli"": ""78000""}",,,,,,,,
73,259.0,375.0,300.0,child,9001,baf806c20548a4f4,9000,router_a,3,3,2,5,router_a,9000,baf806c20548a4f4,0.0,0.0,0.0,0.0,1,1,0.0,6.0,6.0,6.0,,,,,,,,,False,True,MutualInterference,minimal_end_device,med,disabled,True,packet_probe,post_switch_request,,,router_a,baf806c20548a4f4,"{""RxFailed"": ""0"", ""RxSuccess"": ""105"", ""TxFailed"": ""0"", ""TxSuccess"": ""79""}","{""Attach Attempts"": ""1"", ""Better Parent Attach Attempts"": ""0"", ""Better Partition Attach Attempts"": ""0"", ""Parent Changes"": ""1"", ""Partition Id Changes"": ""1"", ""Role Child"": ""2"", ""Role Detached"": ""2"", ""Role Disabled"": ""0"", ""Role Leader"": ""0"", ""Role Router"": ""0"", ""Time Child Milli"": ""77529"", ""Time Detached Milli"": ""1471"", ""Time Disabled Milli"": ""0"", ""Time Leader Milli"": ""0"", ""Time Router Milli"": ""0"", ""Time Tracked Milli"": ""79000""}",,,,,,,,
74,260.0,375.0,300.0,child,9001,baf806c20548a4f4,9000,router_a,3,3,3,5,router_a,9000,baf806c20548a4f4,0.0,0.0,0.0,0.0,1,1,0.0,13.0,13.0,13.0,,,,,,,,,False,True,MutualInterference,minimal_end_device,med,disabled,True,packet_probe,post_switch_request,,,router_a,baf806c20548a4f4,"{""RxFailed"": ""0"", ""RxSuccess"": ""106"", ""TxFailed"": ""0"", ""TxSuccess"": ""80""}","{""Attach Attempts"": ""1"", ""Better Parent Attach Attempts"": ""0"", ""Better Partition Attach Attempts"": ""0"", ""Parent Changes"": ""1"", ""Partition Id Changes"": ""1"", ""Role Child"": ""2"", ""Role Detached"": ""2"", ""Role Disabled"": ""0"", ""Role Leader"": ""0"", ""Role Router"": ""0"", ""Time Child Milli"": ""78529"", ""Time Detached Milli"": ""1471"", ""Time Disabled Milli"": ""0"", ""Time Leader Milli"": ""0"", ""Time Router Milli"": ""0"", ""Time Tracked Milli"": ""80000""}",,,,,,,,
75,261.0,375.0,300.0,child,9001,baf806c20548a4f4,9000,router_a,3,3,4,5,router_a,9000,baf806c20548a4f4,0.0,0.0,0.0,0.0,1,1,0.0,10.0,10.0,10.0,,,,,,,,,False,True,MutualInterference,minimal_end_device,med,disabled,True,packet_probe,post_switch_request,,,router_a,baf806c20548a4f4,"{""RxFailed"": ""0"", ""RxSuccess"": ""108"", ""TxFailed"": ""0"", ""TxSuccess"": ""81""}","{""Attach Attempts"": ""1"", ""Better Parent Attach Attempts"": ""0"", ""Better Partition Attach Attempts"": ""0"", ""Parent Changes"": ""1"", ""Partition Id Changes"": ""1"", ""Role Child"": ""2"", ""Role Detached"": ""2"", ""Role Disabled"": ""0"", ""Role Leader"": ""0"", ""Role Router"": ""0"", ""Time Child Milli"": ""79529"", ""Time Detached Milli"": ""1471"", ""Time Disabled Milli"": ""0"", ""Time Leader Milli"": ""0"", ""Time Router Milli"": ""0"", ""Time Tracked Milli"": ""81000""}",,,,,,,,
76,262.0,375.0,300.0,child,9001,baf806c20548a4f4,9000,router_a,3,3,5,5,router_a,9000,baf806c20548a4f4,0.0,0.0,0.0,0.0,1,1,0.0,9.0,9.0,9.0,,,,,,,,,False,True,MutualInterference,minimal_end_device,med,disabled,True,packet_probe,post_switch_request,,,router_a,baf806c20548a4f4,"{""RxFailed"": ""0"", ""RxSuccess"": ""110"", ""TxFailed"": ""0"", ""TxSuccess"": ""82""}","{""Attach Attempts"": ""1"", ""Better Parent Attach Attempts"": ""0"", ""Better Partition Attach Attempts"": ""0"", ""Parent Changes"": ""1"", ""Partition Id Changes"": ""1"", ""Role Child"": ""2"", ""Role Detached"": ""2"", ""Role Disabled"": ""0"", ""Role Leader"": ""0"", ""Role Router"": ""0"", ""Time Child Milli"": ""80529"", ""Time Detached Milli"": ""1471"", ""Time Disabled Milli"": ""0"", ""Time Leader Milli"": ""0"", ""Time Router Milli"": ""0"", ""Time Tracked Milli"": ""82000""}",,,,,,,,
77,263.0,375.0,300.0,child,9001,baf806c20548a4f4,9000,router_a,3,3,6,5,router_a,9000,baf806c20548a4f4,0.0,0.0,0.0,0.0,1,1,0.0,7.0,7.0,7.0,,,,,,,,,False,True,MutualInterference,minimal_end_device,med,disabled,True,packet_probe,post_switch_request,,,router_a,baf806c20548a4f4,"{""RxFailed"": ""0"", ""RxSuccess"": ""111"", ""TxFailed"": ""0"", ""TxSuccess"": ""83""}","{""Attach Attempts"": ""1"", ""Better Parent Attach Attempts"": ""0"", ""Better Partition Attach Attempts"": ""0"", ""Parent Changes"": ""1"", ""Partition Id Changes"": ""1"", ""Role Child"": ""2"", ""Role Detached"": ""2"", ""Role Disabled"": ""0"", ""Role Leader"": ""0"", ""Role Router"": ""0"", ""Time Child Milli"": ""81529"", ""Time Detached Milli"": ""1471"", ""Time Disabled Milli"": ""0"", ""Time Leader Milli"": ""0"", ""Time Router Milli"": ""0"", ""Time Tracked Milli"": ""83000""}",,,,,,,,
78,264.0,375.0,300.0,child,9001,baf806c20548a4f4,9000,router_a,3,3,7,5,router_a,9000,baf806c20548a4f4,0.0,0.0,0.0,0.0,1,1,0.0,5.0,5.0,5.0,,,,,,,,,False,True,MutualInterference,minimal_end_device,med,disabled,True,packet_probe,post_switch_request,,,router_a,baf806c20548a4f4,"{""RxFailed"": ""0"", ""RxSuccess"": ""112"", ""TxFailed"": ""0"", ""TxSuccess"": ""84""}","{""Attach Attempts"": ""1"", ""Better Parent Attach Attempts"": ""0"", ""Better Partition Attach Attempts"": ""0"", ""Parent Changes"": ""1"", ""Partition Id Changes"": ""1"", ""Role Child"": ""2"", ""Role Detached"": ""2"", ""Role Disabled"": ""0"", ""Role Leader"": ""0"", ""Role Router"": ""0"", ""Time Child Milli"": ""82529"", ""Time Detached Milli"": ""1471"", ""Time Disabled Milli"": ""0"", ""Time Leader Milli"": ""0"", ""Time Router Milli"": ""0"", ""Time Tracked Milli"": ""84000""}",,,,,,,,
79,265.0,375.0,300.0,child,9001,baf806c20548a4f4,9000,router_a,3,3,8,5,router_a,9000,baf806c20548a4f4,0.0,0.0,0.0,0.0,1,1,0.0,6.0,6.0,6.0,,,,,,,,,False,True,MutualInterference,minimal_end_device,med,disabled,True,packet_probe,post_switch_request,,,router_a,baf806c20548a4f4,"{""RxFailed"": ""0"", ""RxSuccess"": ""113"", ""TxFailed"": ""0"", ""TxSuccess"": ""85""}","{""Attach Attempts"": ""1"", ""Better Parent Attach Attempts"": ""0"", ""Better Partition Attach Attempts"": ""0"", ""Parent Changes"": ""1"", ""Partition Id Changes"": ""1"", ""Role Child"": ""2"", ""Role Detached"": ""2"", ""Role Disabled"": ""0"", ""Role Leader"": ""0"", ""Role Router"": ""0"", ""Time Child Milli"": ""83529"", ""Time Detached Milli"": ""1471"", ""Time Disabled Milli"": ""0"", ""Time Leader Milli"": ""0"", ""Time Router Milli"": ""0"", ""Time Tracked Milli"": ""85000""}",,,,,,,,
80,266.0,375.0,300.0,child,9001,baf806c20548a4f4,9000,router_a,3,3,9,5,router_a,9000,baf806c20548a4f4,0.0,0.0,0.0,0.0,1,1,0.0,5.0,5.0,5.0,,,,,,,,,False,True,MutualInterference,minimal_end_device,med,disabled,True,packet_probe,post_switch_request,,,router_a,baf806c20548a4f4,"{""RxFailed"": ""0"", ""RxSuccess"": ""114"", ""TxFailed"": ""0"", ""TxSuccess"": ""86""}","{""Attach Attempts"": ""1"", ""Better Parent Attach Attempts"": ""0"", ""Better Partition Attach Attempts"": ""0"", ""Parent Changes"": ""1"", ""Partition Id Changes"": ""1"", ""Role Child"": ""2"", ""Role Detached"": ""2"", ""Role Disabled"": ""0"", ""Role Leader"": ""0"", ""Role Router"": ""0"", ""Time Child Milli"": ""84529"", ""Time Detached Milli"": ""1471"", ""Time Disabled Milli"": ""0"", ""Time Leader Milli"": ""0"", ""Time Router Milli"": ""0"", ""Time Tracked Milli"": ""86000""}",,,,,,,,
81,267.0,375.0,300.0,child,9001,baf806c20548a4f4,9000,router_a,3,3,10,5,router_a,9000,baf806c20548a4f4,0.0,0.0,0.0,0.0,1,1,0.0,13.0,13.0,13.0,,,,,,,,,False,True,MutualInterference,minimal_end_device,med,disabled,True,packet_probe,post_switch_request,,,router_a,baf806c20548a4f4,"{""RxFailed"": ""0"", ""RxSuccess"": ""115"", ""TxFailed"": ""0"", ""TxSuccess"": ""87""}","{""Attach Attempts"": ""1"", ""Better Parent Attach Attempts"": ""0"", ""Better Partition Attach Attempts"": ""0"", ""Parent Changes"": ""1"", ""Partition Id Changes"": ""1"", ""Role Child"": ""2"", ""Role Detached"": ""2"", ""Role Disabled"": ""0"", ""Role Leader"": ""0"", ""Role Router"": ""0"", ""Time Child Milli"": ""85529"", ""Time Detached Milli"": ""1471"", ""Time Disabled Milli"": ""0"", ""Time Leader Milli"": ""0"", ""Time Router Milli"": ""0"", ""Time Tracked Milli"": ""87000""}",,,,,,,,
82,268.0,375.0,300.0,child,9001,baf806c20548a4f4,9000,router_a,3,3,11,5,router_a,9000,baf806c20548a4f4,0.0,0.0,0.0,0.0,1,1,0.0,7.0,7.0,7.0,,,,,,,,,False,True,MutualInterference,minimal_end_device,med,disabled,True,packet_probe,post_switch_request,,,router_a,baf806c20548a4f4,"{""RxFailed"": ""0"", ""RxSuccess"": ""116"", ""TxFailed"": ""0"", ""TxSuccess"": ""88""}","{""Attach Attempts"": ""1"", ""Better Parent Attach Attempts"": ""0"", ""Better Partition Attach Attempts"": ""0"", ""Parent Changes"": ""1"", ""Partition Id Changes"": ""1"", ""Role Child"": ""2"", ""Role Detached"": ""2"", ""Role Disabled"": ""0"", ""Role Leader"": ""0"", ""Role Router"": ""0"", ""Time Child Milli"": ""86529"", ""Time Detached Milli"": ""1471"", ""Time Disabled Milli"": ""0"", ""Time Leader Milli"": ""0"", ""Time Router Milli"": ""0"", ""Time Tracked Milli"": ""88000""}",,,,,,,,
83,269.0,375.0,300.0,child,9001,baf806c20548a4f4,9000,router_a,3,3,12,5,router_a,9000,baf806c20548a4f4,0.0,0.0,0.0,0.0,1,1,0.0,7.0,7.0,7.0,,,,,,,,,False,True,MutualInterference,minimal_end_device,med,disabled,True,packet_probe,post_switch_request,,,router_a,baf806c20548a4f4,"{""RxFailed"": ""0"", ""RxSuccess"": ""117"", ""TxFailed"": ""0"", ""TxSuccess"": ""89""}","{""Attach Attempts"": ""1"", ""Better Parent Attach Attempts"": ""0"", ""Better Partition Attach Attempts"": ""0"", ""Parent Changes"": ""1"", ""Partition Id Changes"": ""1"", ""Role Child"": ""2"", ""Role Detached"": ""2"", ""Role Disabled"": ""0"", ""Role Leader"": ""0"", ""Role Router"": ""0"", ""Time Child Milli"": ""87529"", ""Time Detached Milli"": ""1471"", ""Time Disabled Milli"": ""0"", ""Time Leader Milli"": ""0"", ""Time Router Milli"": ""0"", ""Time Tracked Milli"": ""89000""}",,,,,,,,
84,270.0,375.0,300.0,child,9001,baf806c20548a4f4,9000,router_a,3,3,13,5,router_a,9000,baf806c20548a4f4,0.0,0.0,0.0,0.0,1,1,0.0,7.0,7.0,7.0,,,,,,,,,False,True,MutualInterference,minimal_end_device,med,disabled,True,packet_probe,post_switch_request,,,router_a,baf806c20548a4f4,"{""RxFailed"": ""0"", ""RxSuccess"": ""118"", ""TxFailed"": ""0"", ""TxSuccess"": ""90""}","{""Attach Attempts"": ""1"", ""Better Parent Attach Attempts"": ""0"", ""Better Partition Attach Attempts"": ""0"", ""Parent Changes"": ""1"", ""Partition Id Changes"": ""1"", ""Role Child"": ""2"", ""Role Detached"": ""2"", ""Role Disabled"": ""0"", ""Role Leader"": ""0"", ""Role Router"": ""0"", ""Time Child Milli"": ""88529"", ""Time Detached Milli"": ""1471"", ""Time Disabled Milli"": ""0"", ""Time Leader Milli"": ""0"", ""Time Router Milli"": ""0"", ""Time Tracked Milli"": ""90000""}",,,,,,,,
85,271.0,375.0,300.0,child,9001,baf806c20548a4f4,9000,router_a,3,3,14,5,router_a,9000,baf806c20548a4f4,0.0,0.0,0.0,0.0,1,1,0.0,6.0,6.0,6.0,,,,,,,,,False,True,MutualInterference,minimal_end_device,med,disabled,True,packet_probe,post_switch_request,,,router_a,baf806c20548a4f4,"{""RxFailed"": ""0"", ""RxSuccess"": ""119"", ""TxFailed"": ""0"", ""TxSuccess"": ""91""}","{""Attach Attempts"": ""1"", ""Better Parent Attach Attempts"": ""0"", ""Better Partition Attach Attempts"": ""0"", ""Parent Changes"": ""1"", ""Partition Id Changes"": ""1"", ""Role Child"": ""2"", ""Role Detached"": ""2"", ""Role Disabled"": ""0"", ""Role Leader"": ""0"", ""Role Router"": ""0"", ""Time Child Milli"": ""89529"", ""Time Detached Milli"": ""1471"", ""Time Disabled Milli"": ""0"", ""Time Leader Milli"": ""0"", ""Time Router Milli"": ""0"", ""Time Tracked Milli"": ""91000""}",,,,,,,,
86,272.0,375.0,300.0,child,9001,baf806c20548a4f4,9000,router_a,3,3,0,5,router_a,9000,baf806c20548a4f4,0.0,0.0,0.0,0.0,1,1,0.0,8.0,8.0,8.0,,,,,,,,,False,True,MutualInterference,minimal_end_device,med,disabled,True,packet_probe,post_switch_request,,,router_a,baf806c20548a4f4,"{""RxFailed"": ""0"", ""RxSuccess"": ""122"", ""TxFailed"": ""0"", ""TxSuccess"": ""92""}","{""Attach Attempts"": ""1"", ""Better Parent Attach Attempts"": ""0"", ""Better Partition Attach Attempts"": ""0"", ""Parent Changes"": ""1"", ""Partition Id Changes"": ""1"", ""Role Child"": ""2"", ""Role Detached"": ""2"", ""Role Disabled"": ""0"", ""Role Leader"": ""0"", ""Role Router"": ""0"", ""Time Child Milli"": ""90529"", ""Time Detached Milli"": ""1471"", ""Time Disabled Milli"": ""0"", ""Time Leader Milli"": ""0"", ""Time Router Milli"": ""0"", ""Time Tracked Milli"": ""92000""}",,,,,,,,
87,273.0,375.0,300.0,child,9001,baf806c20548a4f4,9000,router_a,3,3,1,5,router_a,9000,baf806c20548a4f4,0.0,0.0,0.0,0.0,1,1,0.0,8.0,8.0,8.0,,,,,,,,,False,True,MutualInterference,minimal_end_device,med,disabled,True,packet_probe,post_switch_request,,,router_a,baf806c20548a4f4,"{""RxFailed"": ""0"", ""RxSuccess"": ""123"", ""TxFailed"": ""0"", ""TxSuccess"": ""93""}","{""Attach Attempts"": ""1"", ""Better Parent Attach Attempts"": ""0"", ""Better Partition Attach Attempts"": ""0"", ""Parent Changes"": ""1"", ""Partition Id Changes"": ""1"", ""Role Child"": ""2"", ""Role Detached"": ""2"", ""Role Disabled"": ""0"", ""Role Leader"": ""0"", ""Role Router"": ""0"", ""Time Child Milli"": ""91529"", ""Time Detached Milli"": ""1471"", ""Time Disabled Milli"": ""0"", ""Time Leader Milli"": ""0"", ""Time Router Milli"": ""0"", ""Time Tracked Milli"": ""93000""}",,,,,,,,
88,274.0,375.0,300.0,child,9001,baf806c20548a4f4,9000,router_a,3,3,2,5,router_a,9000,baf806c20548a4f4,0.0,0.0,0.0,0.0,1,1,0.0,7.0,7.0,7.0,,,,,,,,,False,True,MutualInterference,minimal_end_device,med,disabled,True,packet_probe,post_switch_request,,,router_a,baf806c20548a4f4,"{""RxFailed"": ""0"", ""RxSuccess"": ""124"", ""TxFailed"": ""0"", ""TxSuccess"": ""94""}","{""Attach Attempts"": ""1"", ""Better Parent Attach Attempts"": ""0"", ""Better Partition Attach Attempts"": ""0"", ""Parent Changes"": ""1"", ""Partition Id Changes"": ""1"", ""Role Child"": ""2"", ""Role Detached"": ""2"", ""Role Disabled"": ""0"", ""Role Leader"": ""0"", ""Role Router"": ""0"", ""Time Child Milli"": ""92529"", ""Time Detached Milli"": ""1471"", ""Time Disabled Milli"": ""0"", ""Time Leader Milli"": ""0"", ""Time Router Milli"": ""0"", ""Time Tracked Milli"": ""94000""}",,,,,,,,
89,275.0,375.0,300.0,child,9001,baf806c20548a4f4,9000,router_a,3,3,3,5,router_a,9000,baf806c20548a4f4,0.0,0.0,0.0,0.0,1,1,0.0,7.0,7.0,7.0,,,,,,,,,False,True,MutualInterference,minimal_end_device,med,disabled,True,packet_probe,post_switch_request,,,router_a,baf806c20548a4f4,"{""RxFailed"": ""0"", ""RxSuccess"": ""126"", ""TxFailed"": ""0"", ""TxSuccess"": ""95""}","{""Attach Attempts"": ""1"", ""Better Parent Attach Attempts"": ""0"", ""Better Partition Attach Attempts"": ""0"", ""Parent Changes"": ""1"", ""Partition Id Changes"": ""1"", ""Role Child"": ""2"", ""Role Detached"": ""2"", ""Role Disabled"": ""0"", ""Role Leader"": ""0"", ""Role Router"": ""0"", ""Time Child Milli"": ""93529"", ""Time Detached Milli"": ""1471"", ""Time Disabled Milli"": ""0"", ""Time Leader Milli"": ""0"", ""Time Router Milli"": ""0"", ""Time Tracked Milli"": ""95000""}",,,,,,,,
90,276.0,375.0,300.0,child,9001,baf806c20548a4f4,9000,router_a,3,3,4,5,router_a,9000,baf806c20548a4f4,0.0,0.0,0.0,0.0,1,1,0.0,7.0,7.0,7.0,,,,,,,,,False,True,MutualInterference,minimal_end_device,med,disabled,True,packet_probe,post_switch_request,,,router_a,baf806c20548a4f4,"{""RxFailed"": ""0"", ""RxSuccess"": ""128"", ""TxFailed"": ""0"", ""TxSuccess"": ""96""}","{""Attach Attempts"": ""1"", ""Better Parent Attach Attempts"": ""0"", ""Better Partition Attach Attempts"": ""0"", ""Parent Changes"": ""1"", ""Partition Id Changes"": ""1"", ""Role Child"": ""2"", ""Role Detached"": ""2"", ""Role Disabled"": ""0"", ""Role Leader"": ""0"", ""Role Router"": ""0"", ""Time Child Milli"": ""94529"", ""Time Detached Milli"": ""1471"", ""Time Disabled Milli"": ""0"", ""Time Leader Milli"": ""0"", ""Time Router Milli"": ""0"", ""Time Tracked Milli"": ""96000""}",,,,,,,,
91,277.0,375.0,300.0,child,9001,baf806c20548a4f4,9000,router_a,3,3,5,5,router_a,9000,baf806c20548a4f4,0.0,0.0,0.0,0.0,1,1,0.0,8.0,8.0,8.0,,,,,,,,,False,True,MutualInterference,minimal_end_device,med,disabled,True,packet_probe,post_switch_request,,,router_a,baf806c20548a4f4,"{""RxFailed"": ""0"", ""RxSuccess"": ""129"", ""TxFailed"": ""0"", ""TxSuccess"": ""97""}","{""Attach Attempts"": ""1"", ""Better Parent Attach Attempts"": ""0"", ""Better Partition Attach Attempts"": ""0"", ""Parent Changes"": ""1"", ""Partition Id Changes"": ""1"", ""Role Child"": ""2"", ""Role Detached"": ""2"", ""Role Disabled"": ""0"", ""Role Leader"": ""0"", ""Role Router"": ""0"", ""Time Child Milli"": ""95529"", ""Time Detached Milli"": ""1471"", ""Time Disabled Milli"": ""0"", ""Time Leader Milli"": ""0"", ""Time Router Milli"": ""0"", ""Time Tracked Milli"": ""97000""}",,,,,,,,
92,278.0,375.0,300.0,child,9001,baf806c20548a4f4,9000,router_a,3,3,6,5,router_a,9000,baf806c20548a4f4,0.0,0.0,0.0,0.0,1,1,0.0,6.0,6.0,6.0,,,,,,,,,False,True,MutualInterference,minimal_end_device,med,disabled,True,packet_probe,post_switch_request,,,router_a,baf806c20548a4f4,"{""RxFailed"": ""0"", ""RxSuccess"": ""130"", ""TxFailed"": ""0"", ""TxSuccess"": ""98""}","{""Attach Attempts"": ""1"", ""Better Parent Attach Attempts"": ""0"", ""Better Partition Attach Attempts"": ""0"", ""Parent Changes"": ""1"", ""Partition Id Changes"": ""1"", ""Role Child"": ""2"", ""Role Detached"": ""2"", ""Role Disabled"": ""0"", ""Role Leader"": ""0"", ""Role Router"": ""0"", ""Time Child Milli"": ""96529"", ""Time Detached Milli"": ""1471"", ""Time Disabled Milli"": ""0"", ""Time Leader Milli"": ""0"", ""Time Router Milli"": ""0"", ""Time Tracked Milli"": ""98000""}",,,,,,,,
93,279.0,375.0,300.0,child,9001,baf806c20548a4f4,9000,router_a,3,3,7,5,router_a,9000,baf806c20548a4f4,0.0,0.0,0.0,0.0,1,1,0.0,8.0,8.0,8.0,,,,,,,,,False,True,MutualInterference,minimal_end_device,med,disabled,True,packet_probe,post_switch_request,,,router_a,baf806c20548a4f4,"{""RxFailed"": ""0"", ""RxSuccess"": ""131"", ""TxFailed"": ""0"", ""TxSuccess"": ""99""}","{""Attach Attempts"": ""1"", ""Better Parent Attach Attempts"": ""0"", ""Better Partition Attach Attempts"": ""0"", ""Parent Changes"": ""1"", ""Partition Id Changes"": ""1"", ""Role Child"": ""2"", ""Role Detached"": ""2"", ""Role Disabled"": ""0"", ""Role Leader"": ""0"", ""Role Router"": ""0"", ""Time Child Milli"": ""97529"", ""Time Detached Milli"": ""1471"", ""Time Disabled Milli"": ""0"", ""Time Leader Milli"": ""0"", ""Time Router Milli"": ""0"", ""Time Tracked Milli"": ""99000""}",,,,,,,,
94,280.0,375.0,300.0,child,9001,baf806c20548a4f4,9000,router_a,3,3,8,5,router_a,9000,baf806c20548a4f4,0.0,0.0,0.0,0.0,1,1,0.0,7.0,7.0,7.0,,,,,,,,,False,True,MutualInterference,minimal_end_device,med,disabled,True,packet_probe,post_switch_request,,,router_a,baf806c20548a4f4,"{""RxFailed"": ""0"", ""RxSuccess"": ""132"", ""TxFailed"": ""0"", ""TxSuccess"": ""100""}","{""Attach Attempts"": ""1"", ""Better Parent Attach Attempts"": ""0"", ""Better Partition Attach Attempts"": ""0"", ""Parent Changes"": ""1"", ""Partition Id Changes"": ""1"", ""Role Child"": ""2"", ""Role Detached"": ""2"", ""Role Disabled"": ""0"", ""Role Leader"": ""0"", ""Role Router"": ""0"", ""Time Child Milli"": ""98529"", ""Time Detached Milli"": ""1471"", ""Time Disabled Milli"": ""0"", ""Time Leader Milli"": ""0"", ""Time Router Milli"": ""0"", ""Time Tracked Milli"": ""100000""}",,,,,,,,
95,281.0,375.0,300.0,child,9001,baf806c20548a4f4,9000,router_a,3,3,9,5,router_a,9000,baf806c20548a4f4,0.0,0.0,0.0,0.0,1,1,0.0,6.0,6.0,6.0,,,,,,,,,False,True,MutualInterference,minimal_end_device,med,disabled,True,packet_probe,post_switch_request,,,router_a,baf806c20548a4f4,"{""RxFailed"": ""0"", ""RxSuccess"": ""134"", ""TxFailed"": ""0"", ""TxSuccess"": ""101""}","{""Attach Attempts"": ""1"", ""Better Parent Attach Attempts"": ""0"", ""Better Partition Attach Attempts"": ""0"", ""Parent Changes"": ""1"", ""Partition Id Changes"": ""1"", ""Role Child"": ""2"", ""Role Detached"": ""2"", ""Role Disabled"": ""0"", ""Role Leader"": ""0"", ""Role Router"": ""0"", ""Time Child Milli"": ""99529"", ""Time Detached Milli"": ""1471"", ""Time Disabled Milli"": ""0"", ""Time Leader Milli"": ""0"", ""Time Router Milli"": ""0"", ""Time Tracked Milli"": ""101000""}",,,,,,,,
96,282.0,375.0,300.0,child,9001,baf806c20548a4f4,9000,router_a,3,3,0,5,router_a,9000,baf806c20548a4f4,0.0,0.0,0.0,0.0,1,1,0.0,6.0,6.0,6.0,,,,,,,,,False,True,MutualInterference,minimal_end_device,med,disabled,True,packet_probe,post_switch_request,,,router_a,baf806c20548a4f4,"{""RxFailed"": ""0"", ""RxSuccess"": ""136"", ""TxFailed"": ""0"", ""TxSuccess"": ""102""}","{""Attach Attempts"": ""1"", ""Better Parent Attach Attempts"": ""0"", ""Better Partition Attach Attempts"": ""0"", ""Parent Changes"": ""1"", ""Partition Id Changes"": ""1"", ""Role Child"": ""2"", ""Role Detached"": ""2"", ""Role Disabled"": ""0"", ""Role Leader"": ""0"", ""Role Router"": ""0"", ""Time Child Milli"": ""100529"", ""Time Detached Milli"": ""1471"", ""Time Disabled Milli"": ""0"", ""Time Leader Milli"": ""0"", ""Time Router Milli"": ""0"", ""Time Tracked Milli"": ""102000""}",,,,,,,,
97,283.0,375.0,300.0,child,9001,baf806c20548a4f4,9000,router_a,3,3,1,5,router_a,9000,baf806c20548a4f4,0.0,0.0,0.0,0.0,1,1,0.0,6.0,6.0,6.0,,,,,,,,,False,True,MutualInterference,minimal_end_device,med,disabled,True,packet_probe,post_switch_request,,,router_a,baf806c20548a4f4,"{""RxFailed"": ""0"", ""RxSuccess"": ""137"", ""TxFailed"": ""0"", ""TxSuccess"": ""103""}","{""Attach Attempts"": ""1"", ""Better Parent Attach Attempts"": ""0"", ""Better Partition Attach Attempts"": ""0"", ""Parent Changes"": ""1"", ""Partition Id Changes"": ""1"", ""Role Child"": ""2"", ""Role Detached"": ""2"", ""Role Disabled"": ""0"", ""Role Leader"": ""0"", ""Role Router"": ""0"", ""Time Child Milli"": ""101529"", ""Time Detached Milli"": ""1471"", ""Time Disabled Milli"": ""0"", ""Time Leader Milli"": ""0"", ""Time Router Milli"": ""0"", ""Time Tracked Milli"": ""103000""}",,,,,,,,
98,284.0,375.0,300.0,child,9001,baf806c20548a4f4,9000,router_a,3,3,2,5,router_a,9000,baf806c20548a4f4,0.0,0.0,0.0,0.0,1,1,0.0,8.0,8.0,8.0,,,,,,,,,False,True,MutualInterference,minimal_end_device,med,disabled,True,packet_probe,post_switch_request,,,router_a,baf806c20548a4f4,"{""RxFailed"": ""0"", ""RxSuccess"": ""138"", ""TxFailed"": ""0"", ""TxSuccess"": ""104""}","{""Attach Attempts"": ""1"", ""Better Parent Attach Attempts"": ""0"", ""Better Partition Attach Attempts"": ""0"", ""Parent Changes"": ""1"", ""Partition Id Changes"": ""1"", ""Role Child"": ""2"", ""Role Detached"": ""2"", ""Role Disabled"": ""0"", ""Role Leader"": ""0"", ""Role Router"": ""0"", ""Time Child Milli"": ""102529"", ""Time Detached Milli"": ""1471"", ""Time Disabled Milli"": ""0"", ""Time Leader Milli"": ""0"", ""Time Router Milli"": ""0"", ""Time Tracked Milli"": ""104000""}",,,,,,,,
99,285.0,375.0,300.0,child,9001,baf806c20548a4f4,9000,router_a,3,3,3,5,router_a,9000,baf806c20548a4f4,0.0,0.0,0.0,0.0,1,1,0.0,7.0,7.0,7.0,,,,,,,,,False,True,MutualInterference,minimal_end_device,med,disabled,True,packet_probe,post_switch_request,,,router_a,baf806c20548a4f4,"{""RxFailed"": ""0"", ""RxSuccess"": ""139"", ""TxFailed"": ""0"", ""TxSuccess"": ""105""}","{""Attach Attempts"": ""1"", ""Better Parent Attach Attempts"": ""0"", ""Better Partition Attach Attempts"": ""0"", ""Parent Changes"": ""1"", ""Partition Id Changes"": ""1"", ""Role Child"": ""2"", ""Role Detached"": ""2"", ""Role Disabled"": ""0"", ""Role Leader"": ""0"", ""Role Router"": ""0"", ""Time Child Milli"": ""103529"", ""Time Detached Milli"": ""1471"", ""Time Disabled Milli"": ""0"", ""Time Leader Milli"": ""0"", ""Time Router Milli"": ""0"", ""Time Tracked Milli"": ""105000""}",,,,,,,,
100,286.0,375.0,300.0,child,9001,baf806c20548a4f4,9000,router_a,3,3,4,5,router_a,9000,baf806c20548a4f4,0.0,0.0,0.0,0.0,1,1,0.0,6.0,6.0,6.0,,,,,,,,,False,True,MutualInterference,minimal_end_device,med,disabled,True,packet_probe,post_switch_request,,,router_a,baf806c20548a4f4,"{""RxFailed"": ""0"", ""RxSuccess"": ""140"", ""TxFailed"": ""0"", ""TxSuccess"": ""106""}","{""Attach Attempts"": ""1"", ""Better Parent Attach Attempts"": ""0"", ""Better Partition Attach Attempts"": ""0"", ""Parent Changes"": ""1"", ""Partition Id Changes"": ""1"", ""Role Child"": ""2"", ""Role Detached"": ""2"", ""Role Disabled"": ""0"", ""Role Leader"": ""0"", ""Role Router"": ""0"", ""Time Child Milli"": ""104529"", ""Time Detached Milli"": ""1471"", ""Time Disabled Milli"": ""0"", ""Time Leader Milli"": ""0"", ""Time Router Milli"": ""0"", ""Time Tracked Milli"": ""106000""}",,,,,,,,
101,287.0,375.0,300.0,child,9001,baf806c20548a4f4,9000,router_a,3,3,5,5,router_a,9000,baf806c20548a4f4,0.0,0.0,0.0,0.0,1,1,0.0,7.0,7.0,7.0,,,,,,,,,False,True,MutualInterference,minimal_end_device,med,disabled,True,packet_probe,post_switch_request,,,router_a,baf806c20548a4f4,"{""RxFailed"": ""0"", ""RxSuccess"": ""141"", ""TxFailed"": ""0"", ""TxSuccess"": ""107""}","{""Attach Attempts"": ""1"", ""Better Parent Attach Attempts"": ""0"", ""Better Partition Attach Attempts"": ""0"", ""Parent Changes"": ""1"", ""Partition Id Changes"": ""1"", ""Role Child"": ""2"", ""Role Detached"": ""2"", ""Role Disabled"": ""0"", ""Role Leader"": ""0"", ""Role Router"": ""0"", ""Time Child Milli"": ""105529"", ""Time Detached Milli"": ""1471"", ""Time Disabled Milli"": ""0"", ""Time Leader Milli"": ""0"", ""Time Router Milli"": ""0"", ""Time Tracked Milli"": ""107000""}",,,,,,,,
102,288.0,375.0,300.0,child,9001,baf806c20548a4f4,9000,router_a,3,3,6,5,router_a,9000,baf806c20548a4f4,0.0,0.0,0.0,0.0,1,1,0.0,7.0,7.0,7.0,,,,,,,,,False,True,MutualInterference,minimal_end_device,med,disabled,True,packet_probe,post_switch_request,,,router_a,baf806c20548a4f4,"{""RxFailed"": ""0"", ""RxSuccess"": ""142"", ""TxFailed"": ""0"", ""TxSuccess"": ""108""}","{""Attach Attempts"": ""1"", ""Better Parent Attach Attempts"": ""0"", ""Better Partition Attach Attempts"": ""0"", ""Parent Changes"": ""1"", ""Partition Id Changes"": ""1"", ""Role Child"": ""2"", ""Role Detached"": ""2"", ""Role Disabled"": ""0"", ""Role Leader"": ""0"", ""Role Router"": ""0"", ""Time Child Milli"": ""106529"", ""Time Detached Milli"": ""1471"", ""Time Disabled Milli"": ""0"", ""Time Leader Milli"": ""0"", ""Time Router Milli"": ""0"", ""Time Tracked Milli"": ""108000""}",,,,,,,,
103,289.0,375.0,300.0,child,9001,baf806c20548a4f4,9000,router_a,3,3,7,5,router_a,9000,baf806c20548a4f4,0.0,0.0,0.0,0.0,1,1,0.0,6.0,6.0,6.0,,,,,,,,,False,True,MutualInterference,minimal_end_device,med,disabled,True,packet_probe,post_switch_request,,,router_a,baf806c20548a4f4,"{""RxFailed"": ""0"", ""RxSuccess"": ""143"", ""TxFailed"": ""0"", ""TxSuccess"": ""109""}","{""Attach Attempts"": ""1"", ""Better Parent Attach Attempts"": ""0"", ""Better Partition Attach Attempts"": ""0"", ""Parent Changes"": ""1"", ""Partition Id Changes"": ""1"", ""Role Child"": ""2"", ""Role Detached"": ""2"", ""Role Disabled"": ""0"", ""Role Leader"": ""0"", ""Role Router"": ""0"", ""Time Child Milli"": ""107529"", ""Time Detached Milli"": ""1471"", ""Time Disabled Milli"": ""0"", ""Time Leader Milli"": ""0"", ""Time Router Milli"": ""0"", ""Time Tracked Milli"": ""109000""}",,,,,,,,
104,290.0,375.0,300.0,child,9001,baf806c20548a4f4,9000,router_a,3,3,8,5,router_a,9000,baf806c20548a4f4,0.0,0.0,0.0,0.0,1,1,0.0,7.0,7.0,7.0,,,,,,,,,False,True,MutualInterference,minimal_end_device,med,disabled,True,packet_probe,post_switch_request,,,router_a,baf806c20548a4f4,"{""RxFailed"": ""0"", ""RxSuccess"": ""145"", ""TxFailed"": ""0"", ""TxSuccess"": ""110""}","{""Attach Attempts"": ""1"", ""Better Parent Attach Attempts"": ""0"", ""Better Partition Attach Attempts"": ""0"", ""Parent Changes"": ""1"", ""Partition Id Changes"": ""1"", ""Role Child"": ""2"", ""Role Detached"": ""2"", ""Role Disabled"": ""0"", ""Role Leader"": ""0"", ""Role Router"": ""0"", ""Time Child Milli"": ""108529"", ""Time Detached Milli"": ""1471"", ""Time Disabled Milli"": ""0"", ""Time Leader Milli"": ""0"", ""Time Router Milli"": ""0"", ""Time Tracked Milli"": ""110000""}",,,,,,,,
105,291.0,375.0,300.0,child,9001,baf806c20548a4f4,9000,router_a,3,3,9,5,router_a,9000,baf806c20548a4f4,0.0,0.0,0.0,0.0,1,1,0.0,9.0,9.0,9.0,,,,,,,,,False,True,MutualInterference,minimal_end_device,med,disabled,True,packet_probe,post_switch_request,,,router_a,baf806c20548a4f4,"{""RxFailed"": ""0"", ""RxSuccess"": ""146"", ""TxFailed"": ""0"", ""TxSuccess"": ""111""}","{""Attach Attempts"": ""1"", ""Better Parent Attach Attempts"": ""0"", ""Better Partition Attach Attempts"": ""0"", ""Parent Changes"": ""1"", ""Partition Id Changes"": ""1"", ""Role Child"": ""2"", ""Role Detached"": ""2"", ""Role Disabled"": ""0"", ""Role Leader"": ""0"", ""Role Router"": ""0"", ""Time Child Milli"": ""109529"", ""Time Detached Milli"": ""1471"", ""Time Disabled Milli"": ""0"", ""Time Leader Milli"": ""0"", ""Time Router Milli"": ""0"", ""Time Tracked Milli"": ""111000""}",,,,,,,,
106,292.0,375.0,300.0,child,9001,baf806c20548a4f4,9000,router_a,3,3,10,5,router_a,9000,baf806c20548a4f4,0.0,0.0,0.0,0.0,1,1,0.0,7.0,7.0,7.0,,,,,,,,,False,True,MutualInterference,minimal_end_device,med,disabled,True,packet_probe,post_switch_request,,,router_a,baf806c20548a4f4,"{""RxFailed"": ""0"", ""RxSuccess"": ""147"", ""TxFailed"": ""0"", ""TxSuccess"": ""112""}","{""Attach Attempts"": ""1"", ""Better Parent Attach Attempts"": ""0"", ""Better Partition Attach Attempts"": ""0"", ""Parent Changes"": ""1"", ""Partition Id Changes"": ""1"", ""Role Child"": ""2"", ""Role Detached"": ""2"", ""Role Disabled"": ""0"", ""Role Leader"": ""0"", ""Role Router"": ""0"", ""Time Child Milli"": ""110529"", ""Time Detached Milli"": ""1471"", ""Time Disabled Milli"": ""0"", ""Time Leader Milli"": ""0"", ""Time Router Milli"": ""0"", ""Time Tracked Milli"": ""112000""}",,,,,,,,
107,293.0,375.0,300.0,child,9001,baf806c20548a4f4,9000,router_a,3,3,11,5,router_a,9000,baf806c20548a4f4,0.0,0.0,0.0,0.0,1,1,0.0,6.0,6.0,6.0,,,,,,,,,False,True,MutualInterference,minimal_end_device,med,disabled,True,packet_probe,post_switch_request,,,router_a,baf806c20548a4f4,"{""RxFailed"": ""0"", ""RxSuccess"": ""148"", ""TxFailed"": ""0"", ""TxSuccess"": ""113""}","{""Attach Attempts"": ""1"", ""Better Parent Attach Attempts"": ""0"", ""Better Partition Attach Attempts"": ""0"", ""Parent Changes"": ""1"", ""Partition Id Changes"": ""1"", ""Role Child"": ""2"", ""Role Detached"": ""2"", ""Role Disabled"": ""0"", ""Role Leader"": ""0"", ""Role Router"": ""0"", ""Time Child Milli"": ""111529"", ""Time Detached Milli"": ""1471"", ""Time Disabled Milli"": ""0"", ""Time Leader Milli"": ""0"", ""Time Router Milli"": ""0"", ""Time Tracked Milli"": ""113000""}",,,,,,,,
108,294.0,375.0,300.0,child,9001,baf806c20548a4f4,9000,router_a,3,3,12,5,router_a,9000,baf806c20548a4f4,0.0,0.0,0.0,0.0,1,1,0.0,6.0,6.0,6.0,,,,,,,,,False,True,MutualInterference,minimal_end_device,med,disabled,True,packet_probe,post_switch_request,,,router_a,baf806c20548a4f4,"{""RxFailed"": ""0"", ""RxSuccess"": ""149"", ""TxFailed"": ""0"", ""TxSuccess"": ""114""}","{""Attach Attempts"": ""1"", ""Better Parent Attach Attempts"": ""0"", ""Better Partition Attach Attempts"": ""0"", ""Parent Changes"": ""1"", ""Partition Id Changes"": ""1"", ""Role Child"": ""2"", ""Role Detached"": ""2"", ""Role Disabled"": ""0"", ""Role Leader"": ""0"", ""Role Router"": ""0"", ""Time Child Milli"": ""112529"", ""Time Detached Milli"": ""1471"", ""Time Disabled Milli"": ""0"", ""Time Leader Milli"": ""0"", ""Time Router Milli"": ""0"", ""Time Tracked Milli"": ""114000""}",,,,,,,,
109,295.0,375.0,300.0,child,9001,baf806c20548a4f4,9000,router_a,3,3,13,5,router_a,9000,baf806c20548a4f4,0.0,0.0,0.0,0.0,1,1,0.0,6.0,6.0,6.0,,,,,,,,,False,True,MutualInterference,minimal_end_device,med,disabled,True,packet_probe,post_switch_request,,,router_a,baf806c20548a4f4,"{""RxFailed"": ""0"", ""RxSuccess"": ""151"", ""TxFailed"": ""0"", ""TxSuccess"": ""115""}","{""Attach Attempts"": ""1"", ""Better Parent Attach Attempts"": ""0"", ""Better Partition Attach Attempts"": ""0"", ""Parent Changes"": ""1"", ""Partition Id Changes"": ""1"", ""Role Child"": ""2"", ""Role Detached"": ""2"", ""Role Disabled"": ""0"", ""Role Leader"": ""0"", ""Role Router"": ""0"", ""Time Child Milli"": ""113529"", ""Time Detached Milli"": ""1471"", ""Time Disabled Milli"": ""0"", ""Time Leader Milli"": ""0"", ""Time Router Milli"": ""0"", ""Time Tracked Milli"": ""115000""}",,,,,,,,
110,296.0,375.0,300.0,child,9001,baf806c20548a4f4,9000,router_a,3,3,14,5,router_a,9000,baf806c20548a4f4,0.0,0.0,0.0,0.0,1,1,0.0,6.0,6.0,6.0,,,,,,,,,False,True,MutualInterference,minimal_end_device,med,disabled,True,packet_probe,post_switch_request,,,router_a,baf806c20548a4f4,"{""RxFailed"": ""0"", ""RxSuccess"": ""152"", ""TxFailed"": ""0"", ""TxSuccess"": ""116""}","{""Attach Attempts"": ""1"", ""Better Parent Attach Attempts"": ""0"", ""Better Partition Attach Attempts"": ""0"", ""Parent Changes"": ""1"", ""Partition Id Changes"": ""1"", ""Role Child"": ""2"", ""Role Detached"": ""2"", ""Role Disabled"": ""0"", ""Role Leader"": ""0"", ""Role Router"": ""0"", ""Time Child Milli"": ""114529"", ""Time Detached Milli"": ""1471"", ""Time Disabled Milli"": ""0"", ""Time Leader Milli"": ""0"", ""Time Router Milli"": ""0"", ""Time Tracked Milli"": ""116000""}",,,,,,,,
111,297.0,375.0,300.0,child,9001,baf806c20548a4f4,9000,router_a,3,3,0,5,router_a,9000,baf806c20548a4f4,0.0,0.0,0.0,0.0,1,1,0.0,6.0,6.0,6.0,,,,,,,,,False,True,MutualInterference,minimal_end_device,med,disabled,True,packet_probe,post_switch_request,,,router_a,baf806c20548a4f4,"{""RxFailed"": ""0"", ""RxSuccess"": ""155"", ""TxFailed"": ""0"", ""TxSuccess"": ""117""}","{""Attach Attempts"": ""1"", ""Better Parent Attach Attempts"": ""0"", ""Better Partition Attach Attempts"": ""0"", ""Parent Changes"": ""1"", ""Partition Id Changes"": ""1"", ""Role Child"": ""2"", ""Role Detached"": ""2"", ""Role Disabled"": ""0"", ""Role Leader"": ""0"", ""Role Router"": ""0"", ""Time Child Milli"": ""115529"", ""Time Detached Milli"": ""1471"", ""Time Disabled Milli"": ""0"", ""Time Leader Milli"": ""0"", ""Time Router Milli"": ""0"", ""Time Tracked Milli"": ""117000""}",,,,,,,,
112,298.0,375.0,300.0,child,9001,baf806c20548a4f4,9000,router_a,3,3,1,5,router_a,9000,baf806c20548a4f4,0.0,0.0,0.0,0.0,1,1,0.0,6.0,6.0,6.0,,,,,,,,,False,True,MutualInterference,minimal_end_device,med,disabled,True,packet_probe,post_switch_request,,,router_a,baf806c20548a4f4,"{""RxFailed"": ""0"", ""RxSuccess"": ""156"", ""TxFailed"": ""0"", ""TxSuccess"": ""118""}","{""Attach Attempts"": ""1"", ""Better Parent Attach Attempts"": ""0"", ""Better Partition Attach Attempts"": ""0"", ""Parent Changes"": ""1"", ""Partition Id Changes"": ""1"", ""Role Child"": ""2"", ""Role Detached"": ""2"", ""Role Disabled"": ""0"", ""Role Leader"": ""0"", ""Role Router"": ""0"", ""Time Child Milli"": ""116529"", ""Time Detached Milli"": ""1471"", ""Time Disabled Milli"": ""0"", ""Time Leader Milli"": ""0"", ""Time Router Milli"": ""0"", ""Time Tracked Milli"": ""118000""}",,,,,,,,
113,299.0,375.0,300.0,child,9001,baf806c20548a4f4,9000,router_a,3,3,2,5,router_a,9000,baf806c20548a4f4,0.0,0.0,0.0,0.0,1,1,0.0,8.0,8.0,8.0,,,,,,,,,False,True,MutualInterference,minimal_end_device,med,disabled,True,packet_probe,post_switch_request,,,router_a,baf806c20548a4f4,"{""RxFailed"": ""0"", ""RxSuccess"": ""157"", ""TxFailed"": ""0"", ""TxSuccess"": ""119""}","{""Attach Attempts"": ""1"", ""Better Parent Attach Attempts"": ""0"", ""Better Partition Attach Attempts"": ""0"", ""Parent Changes"": ""1"", ""Partition Id Changes"": ""1"", ""Role Child"": ""2"", ""Role Detached"": ""2"", ""Role Disabled"": ""0"", ""Role Leader"": ""0"", ""Role Router"": ""0"", ""Time Child Milli"": ""117529"", ""Time Detached Milli"": ""1471"", ""Time Disabled Milli"": ""0"", ""Time Leader Milli"": ""0"", ""Time Router Milli"": ""0"", ""Time Tracked Milli"": ""119000""}",,,,,,,,
114,300.0,375.0,300.0,child,9001,baf806c20548a4f4,9000,router_a,3,3,3,5,router_a,9000,baf806c20548a4f4,0.0,0.0,0.0,0.0,1,1,0.0,6.0,6.0,6.0,,,,,,,,,False,True,MutualInterference,minimal_end_device,med,disabled,True,packet_probe,post_switch_request,,,router_a,baf806c20548a4f4,"{""RxFailed"": ""0"", ""RxSuccess"": ""158"", ""TxFailed"": ""0"", ""TxSuccess"": ""120""}","{""Attach Attempts"": ""1"", ""Better Parent Attach Attempts"": ""0"", ""Better Partition Attach Attempts"": ""0"", ""Parent Changes"": ""1"", ""Partition Id Changes"": ""1"", ""Role Child"": ""2"", ""Role Detached"": ""2"", ""Role Disabled"": ""0"", ""Role Leader"": ""0"", ""Role Router"": ""0"", ""Time Child Milli"": ""118529"", ""Time Detached Milli"": ""1471"", ""Time Disabled Milli"": ""0"", ""Time Leader Milli"": ""0"", ""Time Router Milli"": ""0"", ""Time Tracked Milli"": ""120000""}",,,,,,,,
115,301.0,375.0,300.0,child,9001,baf806c20548a4f4,9000,router_a,3,3,4,5,router_a,9000,baf806c20548a4f4,0.0,0.0,0.0,0.0,1,1,0.0,7.0,7.0,7.0,,,,,,,,,False,True,MutualInterference,minimal_end_device,med,disabled,True,packet_probe,post_switch_request,,,router_a,baf806c20548a4f4,"{""RxFailed"": ""0"", ""RxSuccess"": ""159"", ""TxFailed"": ""0"", ""TxSuccess"": ""121""}","{""Attach Attempts"": ""1"", ""Better Parent Attach Attempts"": ""0"", ""Better Partition Attach Attempts"": ""0"", ""Parent Changes"": ""1"", ""Partition Id Changes"": ""1"", ""Role Child"": ""2"", ""Role Detached"": ""2"", ""Role Disabled"": ""0"", ""Role Leader"": ""0"", ""Role Router"": ""0"", ""Time Child Milli"": ""119529"", ""Time Detached Milli"": ""1471"", ""Time Disabled Milli"": ""0"", ""Time Leader Milli"": ""0"", ""Time Router Milli"": ""0"", ""Time Tracked Milli"": ""121000""}",,,,,,,,
116,302.0,375.0,300.0,child,9001,baf806c20548a4f4,9000,router_a,3,3,5,5,router_a,9000,baf806c20548a4f4,0.0,0.0,0.0,0.0,1,1,0.0,6.0,6.0,6.0,,,,,,,,,False,True,MutualInterference,minimal_end_device,med,disabled,True,packet_probe,post_switch_request,,,router_a,baf806c20548a4f4,"{""RxFailed"": ""0"", ""RxSuccess"": ""160"", ""TxFailed"": ""0"", ""TxSuccess"": ""122""}","{""Attach Attempts"": ""1"", ""Better Parent Attach Attempts"": ""0"", ""Better Partition Attach Attempts"": ""0"", ""Parent Changes"": ""1"", ""Partition Id Changes"": ""1"", ""Role Child"": ""2"", ""Role Detached"": ""2"", ""Role Disabled"": ""0"", ""Role Leader"": ""0"", ""Role Router"": ""0"", ""Time Child Milli"": ""120529"", ""Time Detached Milli"": ""1471"", ""Time Disabled Milli"": ""0"", ""Time Leader Milli"": ""0"", ""Time Router Milli"": ""0"", ""Time Tracked Milli"": ""122000""}",,,,,,,,
117,303.0,375.0,300.0,child,9001,baf806c20548a4f4,9000,router_a,3,3,6,5,router_a,9000,baf806c20548a4f4,0.0,0.0,0.0,0.0,1,1,0.0,7.0,7.0,7.0,,,,,,,,,False,True,MutualInterference,minimal_end_device,med,disabled,True,packet_probe,post_switch_request,,,router_a,baf806c20548a4f4,"{""RxFailed"": ""0"", ""RxSuccess"": ""161"", ""TxFailed"": ""0"", ""TxSuccess"": ""123""}","{""Attach Attempts"": ""1"", ""Better Parent Attach Attempts"": ""0"", ""Better Partition Attach Attempts"": ""0"", ""Parent Changes"": ""1"", ""Partition Id Changes"": ""1"", ""Role Child"": ""2"", ""Role Detached"": ""2"", ""Role Disabled"": ""0"", ""Role Leader"": ""0"", ""Role Router"": ""0"", ""Time Child Milli"": ""121529"", ""Time Detached Milli"": ""1471"", ""Time Disabled Milli"": ""0"", ""Time Leader Milli"": ""0"", ""Time Router Milli"": ""0"", ""Time Tracked Milli"": ""123000""}",,,,,,,,
118,304.0,375.0,300.0,child,9001,baf806c20548a4f4,9000,router_a,3,3,7,5,router_a,9000,baf806c20548a4f4,0.0,0.0,0.0,0.0,1,1,0.0,6.0,6.0,6.0,,,,,,,,,False,True,MutualInterference,minimal_end_device,med,disabled,True,packet_probe,post_switch_request,,,router_a,baf806c20548a4f4,"{""RxFailed"": ""0"", ""RxSuccess"": ""162"", ""TxFailed"": ""0"", ""TxSuccess"": ""124""}","{""Attach Attempts"": ""1"", ""Better Parent Attach Attempts"": ""0"", ""Better Partition Attach Attempts"": ""0"", ""Parent Changes"": ""1"", ""Partition Id Changes"": ""1"", ""Role Child"": ""2"", ""Role Detached"": ""2"", ""Role Disabled"": ""0"", ""Role Leader"": ""0"", ""Role Router"": ""0"", ""Time Child Milli"": ""122529"", ""Time Detached Milli"": ""1471"", ""Time Disabled Milli"": ""0"", ""Time Leader Milli"": ""0"", ""Time Router Milli"": ""0"", ""Time Tracked Milli"": ""124000""}",,,,,,,,
119,305.0,375.0,300.0,child,9001,baf806c20548a4f4,9000,router_a,3,3,8,5,router_a,9000,baf806c20548a4f4,0.0,0.0,0.0,0.0,1,1,0.0,6.0,6.0,6.0,,,,,,,,,False,True,MutualInterference,minimal_end_device,med,disabled,True,packet_probe,post_switch_request,,,router_a,baf806c20548a4f4,"{""RxFailed"": ""0"", ""RxSuccess"": ""163"", ""TxFailed"": ""0"", ""TxSuccess"": ""125""}","{""Attach Attempts"": ""1"", ""Better Parent Attach Attempts"": ""0"", ""Better Partition Attach Attempts"": ""0"", ""Parent Changes"": ""1"", ""Partition Id Changes"": ""1"", ""Role Child"": ""2"", ""Role Detached"": ""2"", ""Role Disabled"": ""0"", ""Role Leader"": ""0"", ""Role Router"": ""0"", ""Time Child Milli"": ""123529"", ""Time Detached Milli"": ""1471"", ""Time Disabled Milli"": ""0"", ""Time Leader Milli"": ""0"", ""Time Router Milli"": ""0"", ""Time Tracked Milli"": ""125000""}",,,,,,,,
120,306.0,375.0,300.0,child,9001,baf806c20548a4f4,9000,router_a,3,3,9,5,router_a,9000,baf806c20548a4f4,0.0,0.0,0.0,0.0,1,1,0.0,6.0,6.0,6.0,,,,,,,,,False,True,MutualInterference,minimal_end_device,med,disabled,True,packet_probe,post_switch_request,,,router_a,baf806c20548a4f4,"{""RxFailed"": ""0"", ""RxSuccess"": ""164"", ""TxFailed"": ""0"", ""TxSuccess"": ""126""}","{""Attach Attempts"": ""1"", ""Better Parent Attach Attempts"": ""0"", ""Better Partition Attach Attempts"": ""0"", ""Parent Changes"": ""1"", ""Partition Id Changes"": ""1"", ""Role Child"": ""2"", ""Role Detached"": ""2"", ""Role Disabled"": ""0"", ""Role Leader"": ""0"", ""Role Router"": ""0"", ""Time Child Milli"": ""124529"", ""Time Detached Milli"": ""1471"", ""Time Disabled Milli"": ""0"", ""Time Leader Milli"": ""0"", ""Time Router Milli"": ""0"", ""Time Tracked Milli"": ""126000""}",,,,,,,,
121,307.0,375.0,300.0,child,9001,baf806c20548a4f4,9000,router_a,3,3,10,5,router_a,9000,baf806c20548a4f4,0.0,0.0,0.0,0.0,1,1,0.0,8.0,8.0,8.0,,,,,,,,,False,True,MutualInterference,minimal_end_device,med,disabled,True,packet_probe,post_switch_request,,,router_a,baf806c20548a4f4,"{""RxFailed"": ""0"", ""RxSuccess"": ""165"", ""TxFailed"": ""0"", ""TxSuccess"": ""127""}","{""Attach Attempts"": ""1"", ""Better Parent Attach Attempts"": ""0"", ""Better Partition Attach Attempts"": ""0"", ""Parent Changes"": ""1"", ""Partition Id Changes"": ""1"", ""Role Child"": ""2"", ""Role Detached"": ""2"", ""Role Disabled"": ""0"", ""Role Leader"": ""0"", ""Role Router"": ""0"", ""Time Child Milli"": ""125529"", ""Time Detached Milli"": ""1471"", ""Time Disabled Milli"": ""0"", ""Time Leader Milli"": ""0"", ""Time Router Milli"": ""0"", ""Time Tracked Milli"": ""127000""}",,,,,,,,
122,308.0,375.0,300.0,child,9001,baf806c20548a4f4,9000,router_a,3,3,0,5,router_a,9000,baf806c20548a4f4,0.0,0.0,0.0,0.0,1,1,0.0,7.0,7.0,7.0,,,,,,,,,False,True,MutualInterference,minimal_end_device,med,disabled,True,packet_probe,post_switch_request,,,router_a,baf806c20548a4f4,"{""RxFailed"": ""0"", ""RxSuccess"": ""168"", ""TxFailed"": ""0"", ""TxSuccess"": ""128""}","{""Attach Attempts"": ""1"", ""Better Parent Attach Attempts"": ""0"", ""Better Partition Attach Attempts"": ""0"", ""Parent Changes"": ""1"", ""Partition Id Changes"": ""1"", ""Role Child"": ""2"", ""Role Detached"": ""2"", ""Role Disabled"": ""0"", ""Role Leader"": ""0"", ""Role Router"": ""0"", ""Time Child Milli"": ""126529"", ""Time Detached Milli"": ""1471"", ""Time Disabled Milli"": ""0"", ""Time Leader Milli"": ""0"", ""Time Router Milli"": ""0"", ""Time Tracked Milli"": ""128000""}",,,,,,,,
123,309.0,375.0,300.0,child,9001,baf806c20548a4f4,9000,router_a,3,3,1,5,router_a,9000,baf806c20548a4f4,0.0,0.0,0.0,0.0,1,1,0.0,7.0,7.0,7.0,,,,,,,,,False,True,MutualInterference,minimal_end_device,med,disabled,True,packet_probe,post_switch_request,,,router_a,baf806c20548a4f4,"{""RxFailed"": ""0"", ""RxSuccess"": ""170"", ""TxFailed"": ""0"", ""TxSuccess"": ""129""}","{""Attach Attempts"": ""1"", ""Better Parent Attach Attempts"": ""0"", ""Better Partition Attach Attempts"": ""0"", ""Parent Changes"": ""1"", ""Partition Id Changes"": ""1"", ""Role Child"": ""2"", ""Role Detached"": ""2"", ""Role Disabled"": ""0"", ""Role Leader"": ""0"", ""Role Router"": ""0"", ""Time Child Milli"": ""127529"", ""Time Detached Milli"": ""1471"", ""Time Disabled Milli"": ""0"", ""Time Leader Milli"": ""0"", ""Time Router Milli"": ""0"", ""Time Tracked Milli"": ""129000""}",,,,,,,,
124,310.0,375.0,300.0,child,9001,baf806c20548a4f4,9000,router_a,3,3,2,5,router_a,9000,baf806c20548a4f4,0.0,0.0,0.0,0.0,1,1,0.0,6.0,6.0,6.0,,,,,,,,,False,True,MutualInterference,minimal_end_device,med,disabled,True,packet_probe,post_switch_request,,,router_a,baf806c20548a4f4,"{""RxFailed"": ""0"", ""RxSuccess"": ""172"", ""TxFailed"": ""0"", ""TxSuccess"": ""130""}","{""Attach Attempts"": ""1"", ""Better Parent Attach Attempts"": ""0"", ""Better Partition Attach Attempts"": ""0"", ""Parent Changes"": ""1"", ""Partition Id Changes"": ""1"", ""Role Child"": ""2"", ""Role Detached"": ""2"", ""Role Disabled"": ""0"", ""Role Leader"": ""0"", ""Role Router"": ""0"", ""Time Child Milli"": ""128529"", ""Time Detached Milli"": ""1471"", ""Time Disabled Milli"": ""0"", ""Time Leader Milli"": ""0"", ""Time Router Milli"": ""0"", ""Time Tracked Milli"": ""130000""}",,,,,,,,
125,311.0,375.0,300.0,child,9001,baf806c20548a4f4,9000,router_a,3,3,3,5,router_a,9000,baf806c20548a4f4,0.0,0.0,0.0,0.0,1,1,0.0,9.0,9.0,9.0,,,,,,,,,False,True,MutualInterference,minimal_end_device,med,disabled,True,packet_probe,post_switch_request,,,router_a,baf806c20548a4f4,"{""RxFailed"": ""0"", ""RxSuccess"": ""173"", ""TxFailed"": ""0"", ""TxSuccess"": ""131""}","{""Attach Attempts"": ""1"", ""Better Parent Attach Attempts"": ""0"", ""Better Partition Attach Attempts"": ""0"", ""Parent Changes"": ""1"", ""Partition Id Changes"": ""1"", ""Role Child"": ""2"", ""Role Detached"": ""2"", ""Role Disabled"": ""0"", ""Role Leader"": ""0"", ""Role Router"": ""0"", ""Time Child Milli"": ""129529"", ""Time Detached Milli"": ""1471"", ""Time Disabled Milli"": ""0"", ""Time Leader Milli"": ""0"", ""Time Router Milli"": ""0"", ""Time Tracked Milli"": ""131000""}",,,,,,,,
126,312.0,375.0,300.0,child,9001,baf806c20548a4f4,9000,router_a,3,3,4,5,router_a,9000,baf806c20548a4f4,0.0,0.0,0.0,0.0,1,1,0.0,8.0,8.0,8.0,,,,,,,,,False,True,MutualInterference,minimal_end_device,med,disabled,True,packet_probe,post_switch_request,,,router_a,baf806c20548a4f4,"{""RxFailed"": ""0"", ""RxSuccess"": ""174"", ""TxFailed"": ""0"", ""TxSuccess"": ""132""}","{""Attach Attempts"": ""1"", ""Better Parent Attach Attempts"": ""0"", ""Better Partition Attach Attempts"": ""0"", ""Parent Changes"": ""1"", ""Partition Id Changes"": ""1"", ""Role Child"": ""2"", ""Role Detached"": ""2"", ""Role Disabled"": ""0"", ""Role Leader"": ""0"", ""Role Router"": ""0"", ""Time Child Milli"": ""130529"", ""Time Detached Milli"": ""1471"", ""Time Disabled Milli"": ""0"", ""Time Leader Milli"": ""0"", ""Time Router Milli"": ""0"", ""Time Tracked Milli"": ""132000""}",,,,,,,,
127,313.0,375.0,300.0,child,9001,baf806c20548a4f4,9000,router_a,3,3,5,5,router_a,9000,baf806c20548a4f4,0.0,0.0,0.0,0.0,1,1,0.0,7.0,7.0,7.0,,,,,,,,,False,True,MutualInterference,minimal_end_device,med,disabled,True,packet_probe,post_switch_request,,,router_a,baf806c20548a4f4,"{""RxFailed"": ""0"", ""RxSuccess"": ""175"", ""TxFailed"": ""0"", ""TxSuccess"": ""133""}","{""Attach Attempts"": ""1"", ""Better Parent Attach Attempts"": ""0"", ""Better Partition Attach Attempts"": ""0"", ""Parent Changes"": ""1"", ""Partition Id Changes"": ""1"", ""Role Child"": ""2"", ""Role Detached"": ""2"", ""Role Disabled"": ""0"", ""Role Leader"": ""0"", ""Role Router"": ""0"", ""Time Child Milli"": ""131529"", ""Time Detached Milli"": ""1471"", ""Time Disabled Milli"": ""0"", ""Time Leader Milli"": ""0"", ""Time Router Milli"": ""0"", ""Time Tracked Milli"": ""133000""}",,,,,,,,
128,314.0,375.0,300.0,child,9001,baf806c20548a4f4,9000,router_a,3,3,6,5,router_a,9000,baf806c20548a4f4,0.0,0.0,0.0,0.0,1,1,0.0,7.0,7.0,7.0,,,,,,,,,False,True,MutualInterference,minimal_end_device,med,disabled,True,packet_probe,post_switch_request,,,router_a,baf806c20548a4f4,"{""RxFailed"": ""0"", ""RxSuccess"": ""176"", ""TxFailed"": ""0"", ""TxSuccess"": ""134""}","{""Attach Attempts"": ""1"", ""Better Parent Attach Attempts"": ""0"", ""Better Partition Attach Attempts"": ""0"", ""Parent Changes"": ""1"", ""Partition Id Changes"": ""1"", ""Role Child"": ""2"", ""Role Detached"": ""2"", ""Role Disabled"": ""0"", ""Role Leader"": ""0"", ""Role Router"": ""0"", ""Time Child Milli"": ""132529"", ""Time Detached Milli"": ""1471"", ""Time Disabled Milli"": ""0"", ""Time Leader Milli"": ""0"", ""Time Router Milli"": ""0"", ""Time Tracked Milli"": ""134000""}",,,,,,,,
129,315.0,375.0,300.0,child,9001,baf806c20548a4f4,9000,router_a,3,3,7,5,router_a,9000,baf806c20548a4f4,0.0,0.0,0.0,0.0,1,1,0.0,7.0,7.0,7.0,,,,,,,,,False,True,MutualInterference,minimal_end_device,med,disabled,True,packet_probe,post_switch_request,,,router_a,baf806c20548a4f4,"{""RxFailed"": ""0"", ""RxSuccess"": ""177"", ""TxFailed"": ""0"", ""TxSuccess"": ""135""}","{""Attach Attempts"": ""1"", ""Better Parent Attach Attempts"": ""0"", ""Better Partition Attach Attempts"": ""0"", ""Parent Changes"": ""1"", ""Partition Id Changes"": ""1"", ""Role Child"": ""2"", ""Role Detached"": ""2"", ""Role Disabled"": ""0"", ""Role Leader"": ""0"", ""Role Router"": ""0"", ""Time Child Milli"": ""133529"", ""Time Detached Milli"": ""1471"", ""Time Disabled Milli"": ""0"", ""Time Leader Milli"": ""0"", ""Time Router Milli"": ""0"", ""Time Tracked Milli"": ""135000""}",,,,,,,,
130,316.0,375.0,300.0,child,9001,baf806c20548a4f4,9000,router_a,3,3,8,5,router_a,9000,baf806c20548a4f4,0.0,0.0,0.0,0.0,1,1,0.0,5.0,5.0,5.0,,,,,,,,,False,True,MutualInterference,minimal_end_device,med,disabled,True,packet_probe,post_switch_request,,,router_a,baf806c20548a4f4,"{""RxFailed"": ""0"", ""RxSuccess"": ""179"", ""TxFailed"": ""0"", ""TxSuccess"": ""136""}","{""Attach Attempts"": ""1"", ""Better Parent Attach Attempts"": ""0"", ""Better Partition Attach Attempts"": ""0"", ""Parent Changes"": ""1"", ""Partition Id Changes"": ""1"", ""Role Child"": ""2"", ""Role Detached"": ""2"", ""Role Disabled"": ""0"", ""Role Leader"": ""0"", ""Role Router"": ""0"", ""Time Child Milli"": ""134529"", ""Time Detached Milli"": ""1471"", ""Time Disabled Milli"": ""0"", ""Time Leader Milli"": ""0"", ""Time Router Milli"": ""0"", ""Time Tracked Milli"": ""136000""}",,,,,,,,
131,317.0,375.0,300.0,child,9001,baf806c20548a4f4,9000,router_a,3,3,9,5,router_a,9000,baf806c20548a4f4,0.0,0.0,0.0,0.0,1,1,0.0,6.0,6.0,6.0,,,,,,,,,False,True,MutualInterference,minimal_end_device,med,disabled,True,packet_probe,post_switch_request,,,router_a,baf806c20548a4f4,"{""RxFailed"": ""0"", ""RxSuccess"": ""180"", ""TxFailed"": ""0"", ""TxSuccess"": ""137""}","{""Attach Attempts"": ""1"", ""Better Parent Attach Attempts"": ""0"", ""Better Partition Attach Attempts"": ""0"", ""Parent Changes"": ""1"", ""Partition Id Changes"": ""1"", ""Role Child"": ""2"", ""Role Detached"": ""2"", ""Role Disabled"": ""0"", ""Role Leader"": ""0"", ""Role Router"": ""0"", ""Time Child Milli"": ""135529"", ""Time Detached Milli"": ""1471"", ""Time Disabled Milli"": ""0"", ""Time Leader Milli"": ""0"", ""Time Router Milli"": ""0"", ""Time Tracked Milli"": ""137000""}",,,,,,,,
132,318.0,375.0,300.0,child,9001,baf806c20548a4f4,9000,router_a,3,3,10,5,router_a,9000,baf806c20548a4f4,0.0,0.0,0.0,0.0,1,1,0.0,6.0,6.0,6.0,,,,,,,,,False,True,MutualInterference,minimal_end_device,med,disabled,True,packet_probe,post_switch_request,,,router_a,baf806c20548a4f4,"{""RxFailed"": ""0"", ""RxSuccess"": ""181"", ""TxFailed"": ""0"", ""TxSuccess"": ""138""}","{""Attach Attempts"": ""1"", ""Better Parent Attach Attempts"": ""0"", ""Better Partition Attach Attempts"": ""0"", ""Parent Changes"": ""1"", ""Partition Id Changes"": ""1"", ""Role Child"": ""2"", ""Role Detached"": ""2"", ""Role Disabled"": ""0"", ""Role Leader"": ""0"", ""Role Router"": ""0"", ""Time Child Milli"": ""136529"", ""Time Detached Milli"": ""1471"", ""Time Disabled Milli"": ""0"", ""Time Leader Milli"": ""0"", ""Time Router Milli"": ""0"", ""Time Tracked Milli"": ""138000""}",,,,,,,,
133,319.0,375.0,300.0,child,9001,baf806c20548a4f4,9000,router_a,3,3,11,5,router_a,9000,baf806c20548a4f4,0.0,0.0,0.0,0.0,1,1,0.0,4.0,4.0,4.0,,,,,,,,,False,True,MutualInterference,minimal_end_device,med,disabled,True,packet_probe,post_switch_request,,,router_a,baf806c20548a4f4,"{""RxFailed"": ""0"", ""RxSuccess"": ""182"", ""TxFailed"": ""0"", ""TxSuccess"": ""139""}","{""Attach Attempts"": ""1"", ""Better Parent Attach Attempts"": ""0"", ""Better Partition Attach Attempts"": ""0"", ""Parent Changes"": ""1"", ""Partition Id Changes"": ""1"", ""Role Child"": ""2"", ""Role Detached"": ""2"", ""Role Disabled"": ""0"", ""Role Leader"": ""0"", ""Role Router"": ""0"", ""Time Child Milli"": ""137529"", ""Time Detached Milli"": ""1471"", ""Time Disabled Milli"": ""0"", ""Time Leader Milli"": ""0"", ""Time Router Milli"": ""0"", ""Time Tracked Milli"": ""139000""}",,,,,,,,
134,320.0,375.0,300.0,child,9001,baf806c20548a4f4,9000,router_a,3,3,12,5,router_a,9000,baf806c20548a4f4,0.0,0.0,0.0,0.0,1,1,0.0,6.0,6.0,6.0,,,,,,,,,False,True,MutualInterference,minimal_end_device,med,disabled,True,packet_probe,post_switch_request,,,router_a,baf806c20548a4f4,"{""RxFailed"": ""0"", ""RxSuccess"": ""183"", ""TxFailed"": ""0"", ""TxSuccess"": ""140""}","{""Attach Attempts"": ""1"", ""Better Parent Attach Attempts"": ""0"", ""Better Partition Attach Attempts"": ""0"", ""Parent Changes"": ""1"", ""Partition Id Changes"": ""1"", ""Role Child"": ""2"", ""Role Detached"": ""2"", ""Role Disabled"": ""0"", ""Role Leader"": ""0"", ""Role Router"": ""0"", ""Time Child Milli"": ""138529"", ""Time Detached Milli"": ""1471"", ""Time Disabled Milli"": ""0"", ""Time Leader Milli"": ""0"", ""Time Router Milli"": ""0"", ""Time Tracked Milli"": ""140000""}",,,,,,,,
135,321.0,375.0,300.0,child,9001,baf806c20548a4f4,9000,router_a,3,3,13,5,router_a,9000,baf806c20548a4f4,0.0,0.0,0.0,0.0,1,1,0.0,6.0,6.0,6.0,,,,,,,,,False,True,MutualInterference,minimal_end_device,med,disabled,True,packet_probe,post_switch_request,,,router_a,baf806c20548a4f4,"{""RxFailed"": ""0"", ""RxSuccess"": ""184"", ""TxFailed"": ""0"", ""TxSuccess"": ""141""}","{""Attach Attempts"": ""1"", ""Better Parent Attach Attempts"": ""0"", ""Better Partition Attach Attempts"": ""0"", ""Parent Changes"": ""1"", ""Partition Id Changes"": ""1"", ""Role Child"": ""2"", ""Role Detached"": ""2"", ""Role Disabled"": ""0"", ""Role Leader"": ""0"", ""Role Router"": ""0"", ""Time Child Milli"": ""139529"", ""Time Detached Milli"": ""1471"", ""Time Disabled Milli"": ""0"", ""Time Leader Milli"": ""0"", ""Time Router Milli"": ""0"", ""Time Tracked Milli"": ""141000""}",,,,,,,,
136,322.0,375.0,300.0,child,9001,baf806c20548a4f4,9000,router_a,3,3,0,5,router_a,9000,baf806c20548a4f4,0.0,0.0,0.0,0.0,1,1,0.0,9.0,9.0,9.0,,,,,,,,,False,True,MutualInterference,minimal_end_device,med,disabled,True,packet_probe,post_switch_request,,,router_a,baf806c20548a4f4,"{""RxFailed"": ""0"", ""RxSuccess"": ""186"", ""TxFailed"": ""0"", ""TxSuccess"": ""142""}","{""Attach Attempts"": ""1"", ""Better Parent Attach Attempts"": ""0"", ""Better Partition Attach Attempts"": ""0"", ""Parent Changes"": ""1"", ""Partition Id Changes"": ""1"", ""Role Child"": ""2"", ""Role Detached"": ""2"", ""Role Disabled"": ""0"", ""Role Leader"": ""0"", ""Role Router"": ""0"", ""Time Child Milli"": ""140529"", ""Time Detached Milli"": ""1471"", ""Time Disabled Milli"": ""0"", ""Time Leader Milli"": ""0"", ""Time Router Milli"": ""0"", ""Time Tracked Milli"": ""142000""}",,,,,,,,
137,323.0,375.0,300.0,child,9001,baf806c20548a4f4,9000,router_a,3,3,1,5,router_a,9000,baf806c20548a4f4,0.0,0.0,0.0,0.0,1,1,0.0,6.0,6.0,6.0,,,,,,,,,False,True,MutualInterference,minimal_end_device,med,disabled,True,packet_probe,post_switch_request,,,router_a,baf806c20548a4f4,"{""RxFailed"": ""0"", ""RxSuccess"": ""187"", ""TxFailed"": ""0"", ""TxSuccess"": ""143""}","{""Attach Attempts"": ""1"", ""Better Parent Attach Attempts"": ""0"", ""Better Partition Attach Attempts"": ""0"", ""Parent Changes"": ""1"", ""Partition Id Changes"": ""1"", ""Role Child"": ""2"", ""Role Detached"": ""2"", ""Role Disabled"": ""0"", ""Role Leader"": ""0"", ""Role Router"": ""0"", ""Time Child Milli"": ""141529"", ""Time Detached Milli"": ""1471"", ""Time Disabled Milli"": ""0"", ""Time Leader Milli"": ""0"", ""Time Router Milli"": ""0"", ""Time Tracked Milli"": ""143000""}",,,,,,,,
138,324.0,375.0,300.0,child,9001,baf806c20548a4f4,9000,router_a,3,3,2,5,router_a,9000,baf806c20548a4f4,0.0,0.0,0.0,0.0,1,1,0.0,7.0,7.0,7.0,,,,,,,,,False,True,MutualInterference,minimal_end_device,med,disabled,True,packet_probe,post_switch_request,,,router_a,baf806c20548a4f4,"{""RxFailed"": ""0"", ""RxSuccess"": ""188"", ""TxFailed"": ""0"", ""TxSuccess"": ""144""}","{""Attach Attempts"": ""1"", ""Better Parent Attach Attempts"": ""0"", ""Better Partition Attach Attempts"": ""0"", ""Parent Changes"": ""1"", ""Partition Id Changes"": ""1"", ""Role Child"": ""2"", ""Role Detached"": ""2"", ""Role Disabled"": ""0"", ""Role Leader"": ""0"", ""Role Router"": ""0"", ""Time Child Milli"": ""142529"", ""Time Detached Milli"": ""1471"", ""Time Disabled Milli"": ""0"", ""Time Leader Milli"": ""0"", ""Time Router Milli"": ""0"", ""Time Tracked Milli"": ""144000""}",,,,,,,,
139,325.0,375.0,300.0,child,9001,baf806c20548a4f4,9000,router_a,3,3,3,5,router_a,9000,baf806c20548a4f4,0.0,0.0,0.0,0.0,1,1,0.0,7.0,7.0,7.0,,,,,,,,,False,True,MutualInterference,minimal_end_device,med,disabled,True,packet_probe,post_switch_request,,,router_a,baf806c20548a4f4,"{""RxFailed"": ""0"", ""RxSuccess"": ""189"", ""TxFailed"": ""0"", ""TxSuccess"": ""145""}","{""Attach Attempts"": ""1"", ""Better Parent Attach Attempts"": ""0"", ""Better Partition Attach Attempts"": ""0"", ""Parent Changes"": ""1"", ""Partition Id Changes"": ""1"", ""Role Child"": ""2"", ""Role Detached"": ""2"", ""Role Disabled"": ""0"", ""Role Leader"": ""0"", ""Role Router"": ""0"", ""Time Child Milli"": ""143529"", ""Time Detached Milli"": ""1471"", ""Time Disabled Milli"": ""0"", ""Time Leader Milli"": ""0"", ""Time Router Milli"": ""0"", ""Time Tracked Milli"": ""145000""}",,,,,,,,
140,326.0,375.0,300.0,child,9001,baf806c20548a4f4,9000,router_a,3,3,4,5,router_a,9000,baf806c20548a4f4,0.0,0.0,0.0,0.0,1,1,0.0,9.0,9.0,9.0,,,,,,,,,False,True,MutualInterference,minimal_end_device,med,disabled,True,packet_probe,post_switch_request,,,router_a,baf806c20548a4f4,"{""RxFailed"": ""0"", ""RxSuccess"": ""191"", ""TxFailed"": ""0"", ""TxSuccess"": ""146""}","{""Attach Attempts"": ""1"", ""Better Parent Attach Attempts"": ""0"", ""Better Partition Attach Attempts"": ""0"", ""Parent Changes"": ""1"", ""Partition Id Changes"": ""1"", ""Role Child"": ""2"", ""Role Detached"": ""2"", ""Role Disabled"": ""0"", ""Role Leader"": ""0"", ""Role Router"": ""0"", ""Time Child Milli"": ""144529"", ""Time Detached Milli"": ""1471"", ""Time Disabled Milli"": ""0"", ""Time Leader Milli"": ""0"", ""Time Router Milli"": ""0"", ""Time Tracked Milli"": ""146000""}",,,,,,,,
141,327.0,375.0,300.0,child,9001,baf806c20548a4f4,9000,router_a,3,3,5,5,router_a,9000,baf806c20548a4f4,0.0,0.0,0.0,0.0,1,1,0.0,6.0,6.0,6.0,,,,,,,,,False,True,MutualInterference,minimal_end_device,med,disabled,True,packet_probe,post_switch_request,,,router_a,baf806c20548a4f4,"{""RxFailed"": ""0"", ""RxSuccess"": ""192"", ""TxFailed"": ""0"", ""TxSuccess"": ""147""}","{""Attach Attempts"": ""1"", ""Better Parent Attach Attempts"": ""0"", ""Better Partition Attach Attempts"": ""0"", ""Parent Changes"": ""1"", ""Partition Id Changes"": ""1"", ""Role Child"": ""2"", ""Role Detached"": ""2"", ""Role Disabled"": ""0"", ""Role Leader"": ""0"", ""Role Router"": ""0"", ""Time Child Milli"": ""145529"", ""Time Detached Milli"": ""1471"", ""Time Disabled Milli"": ""0"", ""Time Leader Milli"": ""0"", ""Time Router Milli"": ""0"", ""Time Tracked Milli"": ""147000""}",,,,,,,,
142,328.0,375.0,300.0,child,9001,baf806c20548a4f4,9000,router_a,3,3,6,5,router_a,9000,baf806c20548a4f4,0.0,0.0,0.0,0.0,1,1,0.0,5.0,5.0,5.0,,,,,,,,,False,True,MutualInterference,minimal_end_device,med,disabled,True,packet_probe,post_switch_request,,,router_a,baf806c20548a4f4,"{""RxFailed"": ""0"", ""RxSuccess"": ""195"", ""TxFailed"": ""0"", ""TxSuccess"": ""148""}","{""Attach Attempts"": ""1"", ""Better Parent Attach Attempts"": ""0"", ""Better Partition Attach Attempts"": ""0"", ""Parent Changes"": ""1"", ""Partition Id Changes"": ""1"", ""Role Child"": ""2"", ""Role Detached"": ""2"", ""Role Disabled"": ""0"", ""Role Leader"": ""0"", ""Role Router"": ""0"", ""Time Child Milli"": ""146529"", ""Time Detached Milli"": ""1471"", ""Time Disabled Milli"": ""0"", ""Time Leader Milli"": ""0"", ""Time Router Milli"": ""0"", ""Time Tracked Milli"": ""148000""}",,,,,,,,
143,329.0,375.0,300.0,child,9001,baf806c20548a4f4,9000,router_a,3,3,0,5,router_a,9000,baf806c20548a4f4,0.0,0.0,0.0,0.0,1,1,0.0,8.0,8.0,8.0,,,,,,,,,False,True,MutualInterference,minimal_end_device,med,disabled,True,packet_probe,post_switch_request,,,router_a,baf806c20548a4f4,"{""RxFailed"": ""0"", ""RxSuccess"": ""197"", ""TxFailed"": ""0"", ""TxSuccess"": ""149""}","{""Attach Attempts"": ""1"", ""Better Parent Attach Attempts"": ""0"", ""Better Partition Attach Attempts"": ""0"", ""Parent Changes"": ""1"", ""Partition Id Changes"": ""1"", ""Role Child"": ""2"", ""Role Detached"": ""2"", ""Role Disabled"": ""0"", ""Role Leader"": ""0"", ""Role Router"": ""0"", ""Time Child Milli"": ""147529"", ""Time Detached Milli"": ""1471"", ""Time Disabled Milli"": ""0"", ""Time Leader Milli"": ""0"", ""Time Router Milli"": ""0"", ""Time Tracked Milli"": ""149000""}",,,,,,,,
144,330.0,375.0,300.0,child,9001,baf806c20548a4f4,9000,router_a,3,3,1,5,router_a,9000,baf806c20548a4f4,0.0,0.0,0.0,0.0,1,1,0.0,6.0,6.0,6.0,,,,,,,,,False,True,MutualInterference,minimal_end_device,med,disabled,True,packet_probe,post_switch_request,,,router_a,baf806c20548a4f4,"{""RxFailed"": ""0"", ""RxSuccess"": ""198"", ""TxFailed"": ""0"", ""TxSuccess"": ""150""}","{""Attach Attempts"": ""1"", ""Better Parent Attach Attempts"": ""0"", ""Better Partition Attach Attempts"": ""0"", ""Parent Changes"": ""1"", ""Partition Id Changes"": ""1"", ""Role Child"": ""2"", ""Role Detached"": ""2"", ""Role Disabled"": ""0"", ""Role Leader"": ""0"", ""Role Router"": ""0"", ""Time Child Milli"": ""148529"", ""Time Detached Milli"": ""1471"", ""Time Disabled Milli"": ""0"", ""Time Leader Milli"": ""0"", ""Time Router Milli"": ""0"", ""Time Tracked Milli"": ""150000""}",,,,,,,,
145,331.0,375.0,300.0,child,9001,baf806c20548a4f4,9000,router_a,3,3,2,5,router_a,9000,baf806c20548a4f4,0.0,0.0,0.0,0.0,1,1,0.0,8.0,8.0,8.0,,,,,,,,,False,True,MutualInterference,minimal_end_device,med,disabled,True,packet_probe,post_switch_request,,,router_a,baf806c20548a4f4,"{""RxFailed"": ""0"", ""RxSuccess"": ""199"", ""TxFailed"": ""0"", ""TxSuccess"": ""151""}","{""Attach Attempts"": ""1"", ""Better Parent Attach Attempts"": ""0"", ""Better Partition Attach Attempts"": ""0"", ""Parent Changes"": ""1"", ""Partition Id Changes"": ""1"", ""Role Child"": ""2"", ""Role Detached"": ""2"", ""Role Disabled"": ""0"", ""Role Leader"": ""0"", ""Role Router"": ""0"", ""Time Child Milli"": ""149529"", ""Time Detached Milli"": ""1471"", ""Time Disabled Milli"": ""0"", ""Time Leader Milli"": ""0"", ""Time Router Milli"": ""0"", ""Time Tracked Milli"": ""151000""}",,,,,,,,
146,332.0,375.0,300.0,child,9001,baf806c20548a4f4,9000,router_a,3,3,3,5,router_a,9000,baf806c20548a4f4,0.0,0.0,0.0,0.0,1,1,0.0,7.0,7.0,7.0,,,,,,,,,False,True,MutualInterference,minimal_end_device,med,disabled,True,packet_probe,post_switch_request,,,router_a,baf806c20548a4f4,"{""RxFailed"": ""0"", ""RxSuccess"": ""200"", ""TxFailed"": ""0"", ""TxSuccess"": ""152""}","{""Attach Attempts"": ""1"", ""Better Parent Attach Attempts"": ""0"", ""Better Partition Attach Attempts"": ""0"", ""Parent Changes"": ""1"", ""Partition Id Changes"": ""1"", ""Role Child"": ""2"", ""Role Detached"": ""2"", ""Role Disabled"": ""0"", ""Role Leader"": ""0"", ""Role Router"": ""0"", ""Time Child Milli"": ""150529"", ""Time Detached Milli"": ""1471"", ""Time Disabled Milli"": ""0"", ""Time Leader Milli"": ""0"", ""Time Router Milli"": ""0"", ""Time Tracked Milli"": ""152000""}",,,,,,,,
147,333.0,375.0,300.0,child,9001,baf806c20548a4f4,9000,router_a,3,3,4,5,router_a,9000,baf806c20548a4f4,0.0,0.0,0.0,0.0,1,1,0.0,8.0,8.0,8.0,,,,,,,,,False,True,MutualInterference,minimal_end_device,med,disabled,True,packet_probe,post_switch_request,,,router_a,baf806c20548a4f4,"{""RxFailed"": ""0"", ""RxSuccess"": ""201"", ""TxFailed"": ""0"", ""TxSuccess"": ""153""}","{""Attach Attempts"": ""1"", ""Better Parent Attach Attempts"": ""0"", ""Better Partition Attach Attempts"": ""0"", ""Parent Changes"": ""1"", ""Partition Id Changes"": ""1"", ""Role Child"": ""2"", ""Role Detached"": ""2"", ""Role Disabled"": ""0"", ""Role Leader"": ""0"", ""Role Router"": ""0"", ""Time Child Milli"": ""151529"", ""Time Detached Milli"": ""1471"", ""Time Disabled Milli"": ""0"", ""Time Leader Milli"": ""0"", ""Time Router Milli"": ""0"", ""Time Tracked Milli"": ""153000""}",,,,,,,,
148,334.0,375.0,300.0,child,9001,baf806c20548a4f4,9000,router_a,3,3,5,5,router_a,9000,baf806c20548a4f4,0.0,0.0,0.0,0.0,1,1,0.0,7.0,7.0,7.0,,,,,,,,,False,True,MutualInterference,minimal_end_device,med,disabled,True,packet_probe,post_switch_request,,,router_a,baf806c20548a4f4,"{""RxFailed"": ""0"", ""RxSuccess"": ""202"", ""TxFailed"": ""0"", ""TxSuccess"": ""154""}","{""Attach Attempts"": ""1"", ""Better Parent Attach Attempts"": ""0"", ""Better Partition Attach Attempts"": ""0"", ""Parent Changes"": ""1"", ""Partition Id Changes"": ""1"", ""Role Child"": ""2"", ""Role Detached"": ""2"", ""Role Disabled"": ""0"", ""Role Leader"": ""0"", ""Role Router"": ""0"", ""Time Child Milli"": ""152529"", ""Time Detached Milli"": ""1471"", ""Time Disabled Milli"": ""0"", ""Time Leader Milli"": ""0"", ""Time Router Milli"": ""0"", ""Time Tracked Milli"": ""154000""}",,,,,,,,
149,335.0,375.0,300.0,child,9001,baf806c20548a4f4,9000,router_a,3,3,6,5,router_a,9000,baf806c20548a4f4,0.0,0.0,0.0,0.0,1,1,0.0,5.0,5.0,5.0,,,,,,,,,False,True,MutualInterference,minimal_end_device,med,disabled,True,packet_probe,post_switch_request,,,router_a,baf806c20548a4f4,"{""RxFailed"": ""0"", ""RxSuccess"": ""203"", ""TxFailed"": ""0"", ""TxSuccess"": ""155""}","{""Attach Attempts"": ""1"", ""Better Parent Attach Attempts"": ""0"", ""Better Partition Attach Attempts"": ""0"", ""Parent Changes"": ""1"", ""Partition Id Changes"": ""1"", ""Role Child"": ""2"", ""Role Detached"": ""2"", ""Role Disabled"": ""0"", ""Role Leader"": ""0"", ""Role Router"": ""0"", ""Time Child Milli"": ""153529"", ""Time Detached Milli"": ""1471"", ""Time Disabled Milli"": ""0"", ""Time Leader Milli"": ""0"", ""Time Router Milli"": ""0"", ""Time Tracked Milli"": ""155000""}",,,,,,,,
150,336.0,375.0,300.0,child,9001,baf806c20548a4f4,9000,router_a,3,3,7,5,router_a,9000,baf806c20548a4f4,0.0,0.0,0.0,0.0,1,1,0.0,7.0,7.0,7.0,,,,,,,,,False,True,MutualInterference,minimal_end_device,med,disabled,True,packet_probe,post_switch_request,,,router_a,baf806c20548a4f4,"{""RxFailed"": ""0"", ""RxSuccess"": ""204"", ""TxFailed"": ""0"", ""TxSuccess"": ""156""}","{""Attach Attempts"": ""1"", ""Better Parent Attach Attempts"": ""0"", ""Better Partition Attach Attempts"": ""0"", ""Parent Changes"": ""1"", ""Partition Id Changes"": ""1"", ""Role Child"": ""2"", ""Role Detached"": ""2"", ""Role Disabled"": ""0"", ""Role Leader"": ""0"", ""Role Router"": ""0"", ""Time Child Milli"": ""154529"", ""Time Detached Milli"": ""1471"", ""Time Disabled Milli"": ""0"", ""Time Leader Milli"": ""0"", ""Time Router Milli"": ""0"", ""Time Tracked Milli"": ""156000""}",,,,,,,,
151,337.0,375.0,300.0,child,9001,baf806c20548a4f4,9000,router_a,3,3,8,5,router_a,9000,baf806c20548a4f4,0.0,0.0,0.0,0.0,1,1,0.0,14.0,14.0,14.0,,,,,,,,,False,True,MutualInterference,minimal_end_device,med,disabled,True,packet_probe,post_switch_request,,,router_a,baf806c20548a4f4,"{""RxFailed"": ""0"", ""RxSuccess"": ""205"", ""TxFailed"": ""0"", ""TxSuccess"": ""157""}","{""Attach Attempts"": ""1"", ""Better Parent Attach Attempts"": ""0"", ""Better Partition Attach Attempts"": ""0"", ""Parent Changes"": ""1"", ""Partition Id Changes"": ""1"", ""Role Child"": ""2"", ""Role Detached"": ""2"", ""Role Disabled"": ""0"", ""Role Leader"": ""0"", ""Role Router"": ""0"", ""Time Child Milli"": ""155529"", ""Time Detached Milli"": ""1471"", ""Time Disabled Milli"": ""0"", ""Time Leader Milli"": ""0"", ""Time Router Milli"": ""0"", ""Time Tracked Milli"": ""157000""}",,,,,,,,
152,338.0,375.0,300.0,child,9001,baf806c20548a4f4,9000,router_a,3,3,9,5,router_a,9000,baf806c20548a4f4,0.0,0.0,0.0,0.0,1,1,0.0,7.0,7.0,7.0,,,,,,,,,False,True,MutualInterference,minimal_end_device,med,disabled,True,packet_probe,post_switch_request,,,router_a,baf806c20548a4f4,"{""RxFailed"": ""0"", ""RxSuccess"": ""206"", ""TxFailed"": ""0"", ""TxSuccess"": ""158""}","{""Attach Attempts"": ""1"", ""Better Parent Attach Attempts"": ""0"", ""Better Partition Attach Attempts"": ""0"", ""Parent Changes"": ""1"", ""Partition Id Changes"": ""1"", ""Role Child"": ""2"", ""Role Detached"": ""2"", ""Role Disabled"": ""0"", ""Role Leader"": ""0"", ""Role Router"": ""0"", ""Time Child Milli"": ""156529"", ""Time Detached Milli"": ""1471"", ""Time Disabled Milli"": ""0"", ""Time Leader Milli"": ""0"", ""Time Router Milli"": ""0"", ""Time Tracked Milli"": ""158000""}",,,,,,,,
153,339.0,375.0,300.0,child,9001,baf806c20548a4f4,9000,router_a,3,3,10,5,router_a,9000,baf806c20548a4f4,0.0,0.0,0.0,0.0,1,1,0.0,9.0,9.0,9.0,,,,,,,,,False,True,MutualInterference,minimal_end_device,med,disabled,True,packet_probe,post_switch_request,,,router_a,baf806c20548a4f4,"{""RxFailed"": ""0"", ""RxSuccess"": ""207"", ""TxFailed"": ""0"", ""TxSuccess"": ""159""}","{""Attach Attempts"": ""1"", ""Better Parent Attach Attempts"": ""0"", ""Better Partition Attach Attempts"": ""0"", ""Parent Changes"": ""1"", ""Partition Id Changes"": ""1"", ""Role Child"": ""2"", ""Role Detached"": ""2"", ""Role Disabled"": ""0"", ""Role Leader"": ""0"", ""Role Router"": ""0"", ""Time Child Milli"": ""157529"", ""Time Detached Milli"": ""1471"", ""Time Disabled Milli"": ""0"", ""Time Leader Milli"": ""0"", ""Time Router Milli"": ""0"", ""Time Tracked Milli"": ""159000""}",,,,,,,,
154,340.0,375.0,300.0,child,9001,baf806c20548a4f4,9000,router_a,3,3,11,5,router_a,9000,baf806c20548a4f4,0.0,0.0,0.0,0.0,1,1,0.0,6.0,6.0,6.0,,,,,,,,,False,True,MutualInterference,minimal_end_device,med,disabled,True,packet_probe,post_switch_request,,,router_a,baf806c20548a4f4,"{""RxFailed"": ""0"", ""RxSuccess"": ""208"", ""TxFailed"": ""0"", ""TxSuccess"": ""160""}","{""Attach Attempts"": ""1"", ""Better Parent Attach Attempts"": ""0"", ""Better Partition Attach Attempts"": ""0"", ""Parent Changes"": ""1"", ""Partition Id Changes"": ""1"", ""Role Child"": ""2"", ""Role Detached"": ""2"", ""Role Disabled"": ""0"", ""Role Leader"": ""0"", ""Role Router"": ""0"", ""Time Child Milli"": ""158529"", ""Time Detached Milli"": ""1471"", ""Time Disabled Milli"": ""0"", ""Time Leader Milli"": ""0"", ""Time Router Milli"": ""0"", ""Time Tracked Milli"": ""160000""}",,,,,,,,
155,341.0,375.0,300.0,child,9001,baf806c20548a4f4,9000,router_a,3,3,12,5,router_a,9000,baf806c20548a4f4,0.0,0.0,0.0,0.0,1,1,0.0,6.0,6.0,6.0,,,,,,,,,False,True,MutualInterference,minimal_end_device,med,disabled,True,packet_probe,post_switch_request,,,router_a,baf806c20548a4f4,"{""RxFailed"": ""0"", ""RxSuccess"": ""209"", ""TxFailed"": ""0"", ""TxSuccess"": ""161""}","{""Attach Attempts"": ""1"", ""Better Parent Attach Attempts"": ""0"", ""Better Partition Attach Attempts"": ""0"", ""Parent Changes"": ""1"", ""Partition Id Changes"": ""1"", ""Role Child"": ""2"", ""Role Detached"": ""2"", ""Role Disabled"": ""0"", ""Role Leader"": ""0"", ""Role Router"": ""0"", ""Time Child Milli"": ""159529"", ""Time Detached Milli"": ""1471"", ""Time Disabled Milli"": ""0"", ""Time Leader Milli"": ""0"", ""Time Router Milli"": ""0"", ""Time Tracked Milli"": ""161000""}",,,,,,,,
156,342.0,375.0,300.0,child,9001,baf806c20548a4f4,9000,router_a,3,3,13,5,router_a,9000,baf806c20548a4f4,0.0,0.0,0.0,0.0,1,1,0.0,5.0,5.0,5.0,,,,,,,,,False,True,MutualInterference,minimal_end_device,med,disabled,True,packet_probe,post_switch_request,,,router_a,baf806c20548a4f4,"{""RxFailed"": ""0"", ""RxSuccess"": ""210"", ""TxFailed"": ""0"", ""TxSuccess"": ""162""}","{""Attach Attempts"": ""1"", ""Better Parent Attach Attempts"": ""0"", ""Better Partition Attach Attempts"": ""0"", ""Parent Changes"": ""1"", ""Partition Id Changes"": ""1"", ""Role Child"": ""2"", ""Role Detached"": ""2"", ""Role Disabled"": ""0"", ""Role Leader"": ""0"", ""Role Router"": ""0"", ""Time Child Milli"": ""160529"", ""Time Detached Milli"": ""1471"", ""Time Disabled Milli"": ""0"", ""Time Leader Milli"": ""0"", ""Time Router Milli"": ""0"", ""Time Tracked Milli"": ""162000""}",,,,,,,,
157,343.0,375.0,300.0,child,9001,baf806c20548a4f4,9000,router_a,3,3,14,5,router_a,9000,baf806c20548a4f4,0.0,0.0,0.0,0.0,1,1,0.0,6.0,6.0,6.0,,,,,,,,,False,True,MutualInterference,minimal_end_device,med,disabled,True,packet_probe,post_switch_request,,,router_a,baf806c20548a4f4,"{""RxFailed"": ""0"", ""RxSuccess"": ""212"", ""TxFailed"": ""0"", ""TxSuccess"": ""163""}","{""Attach Attempts"": ""1"", ""Better Parent Attach Attempts"": ""0"", ""Better Partition Attach Attempts"": ""0"", ""Parent Changes"": ""1"", ""Partition Id Changes"": ""1"", ""Role Child"": ""2"", ""Role Detached"": ""2"", ""Role Disabled"": ""0"", ""Role Leader"": ""0"", ""Role Router"": ""0"", ""Time Child Milli"": ""161529"", ""Time Detached Milli"": ""1471"", ""Time Disabled Milli"": ""0"", ""Time Leader Milli"": ""0"", ""Time Router Milli"": ""0"", ""Time Tracked Milli"": ""163000""}",,,,,,,,
158,344.0,375.0,300.0,child,9001,baf806c20548a4f4,9000,router_a,3,3,15,5,router_a,9000,baf806c20548a4f4,0.0,0.0,0.0,0.0,1,1,0.0,6.0,6.0,6.0,,,,,,,,,False,True,MutualInterference,minimal_end_device,med,disabled,True,packet_probe,post_switch_request,,,router_a,baf806c20548a4f4,"{""RxFailed"": ""0"", ""RxSuccess"": ""213"", ""TxFailed"": ""0"", ""TxSuccess"": ""164""}","{""Attach Attempts"": ""1"", ""Better Parent Attach Attempts"": ""0"", ""Better Partition Attach Attempts"": ""0"", ""Parent Changes"": ""1"", ""Partition Id Changes"": ""1"", ""Role Child"": ""2"", ""Role Detached"": ""2"", ""Role Disabled"": ""0"", ""Role Leader"": ""0"", ""Role Router"": ""0"", ""Time Child Milli"": ""162529"", ""Time Detached Milli"": ""1471"", ""Time Disabled Milli"": ""0"", ""Time Leader Milli"": ""0"", ""Time Router Milli"": ""0"", ""Time Tracked Milli"": ""164000""}",,,,,,,,
159,345.0,375.0,300.0,child,9001,baf806c20548a4f4,9000,router_a,3,3,0,5,router_a,9000,baf806c20548a4f4,0.0,0.0,0.0,0.0,1,1,0.0,9.0,9.0,9.0,,,,,,,,,False,True,MutualInterference,minimal_end_device,med,disabled,True,packet_probe,post_switch_request,,,router_a,baf806c20548a4f4,"{""RxFailed"": ""0"", ""RxSuccess"": ""217"", ""TxFailed"": ""0"", ""TxSuccess"": ""165""}","{""Attach Attempts"": ""1"", ""Better Parent Attach Attempts"": ""0"", ""Better Partition Attach Attempts"": ""0"", ""Parent Changes"": ""1"", ""Partition Id Changes"": ""1"", ""Role Child"": ""2"", ""Role Detached"": ""2"", ""Role Disabled"": ""0"", ""Role Leader"": ""0"", ""Role Router"": ""0"", ""Time Child Milli"": ""163529"", ""Time Detached Milli"": ""1471"", ""Time Disabled Milli"": ""0"", ""Time Leader Milli"": ""0"", ""Time Router Milli"": ""0"", ""Time Tracked Milli"": ""165000""}",,,,,,,,
160,346.0,375.0,300.0,child,9001,baf806c20548a4f4,9000,router_a,3,3,1,5,router_a,9000,baf806c20548a4f4,0.0,0.0,0.0,0.0,1,1,0.0,5.0,5.0,5.0,,,,,,,,,False,True,MutualInterference,minimal_end_device,med,disabled,True,packet_probe,post_switch_request,,,router_a,baf806c20548a4f4,"{""RxFailed"": ""0"", ""RxSuccess"": ""218"", ""TxFailed"": ""0"", ""TxSuccess"": ""166""}","{""Attach Attempts"": ""1"", ""Better Parent Attach Attempts"": ""0"", ""Better Partition Attach Attempts"": ""0"", ""Parent Changes"": ""1"", ""Partition Id Changes"": ""1"", ""Role Child"": ""2"", ""Role Detached"": ""2"", ""Role Disabled"": ""0"", ""Role Leader"": ""0"", ""Role Router"": ""0"", ""Time Child Milli"": ""164529"", ""Time Detached Milli"": ""1471"", ""Time Disabled Milli"": ""0"", ""Time Leader Milli"": ""0"", ""Time Router Milli"": ""0"", ""Time Tracked Milli"": ""166000""}",,,,,,,,
161,347.0,375.0,300.0,child,9001,baf806c20548a4f4,9000,router_a,3,3,2,5,router_a,9000,baf806c20548a4f4,0.0,0.0,0.0,0.0,1,1,0.0,7.0,7.0,7.0,,,,,,,,,False,True,MutualInterference,minimal_end_device,med,disabled,True,packet_probe,post_switch_request,,,router_a,baf806c20548a4f4,"{""RxFailed"": ""0"", ""RxSuccess"": ""219"", ""TxFailed"": ""0"", ""TxSuccess"": ""167""}","{""Attach Attempts"": ""1"", ""Better Parent Attach Attempts"": ""0"", ""Better Partition Attach Attempts"": ""0"", ""Parent Changes"": ""1"", ""Partition Id Changes"": ""1"", ""Role Child"": ""2"", ""Role Detached"": ""2"", ""Role Disabled"": ""0"", ""Role Leader"": ""0"", ""Role Router"": ""0"", ""Time Child Milli"": ""165529"", ""Time Detached Milli"": ""1471"", ""Time Disabled Milli"": ""0"", ""Time Leader Milli"": ""0"", ""Time Router Milli"": ""0"", ""Time Tracked Milli"": ""167000""}",,,,,,,,
162,348.0,375.0,300.0,child,9001,baf806c20548a4f4,9000,router_a,3,3,3,5,router_a,9000,baf806c20548a4f4,0.0,0.0,0.0,0.0,1,1,0.0,6.0,6.0,6.0,,,,,,,,,False,True,MutualInterference,minimal_end_device,med,disabled,True,packet_probe,post_switch_request,,,router_a,baf806c20548a4f4,"{""RxFailed"": ""0"", ""RxSuccess"": ""220"", ""TxFailed"": ""0"", ""TxSuccess"": ""168""}","{""Attach Attempts"": ""1"", ""Better Parent Attach Attempts"": ""0"", ""Better Partition Attach Attempts"": ""0"", ""Parent Changes"": ""1"", ""Partition Id Changes"": ""1"", ""Role Child"": ""2"", ""Role Detached"": ""2"", ""Role Disabled"": ""0"", ""Role Leader"": ""0"", ""Role Router"": ""0"", ""Time Child Milli"": ""166529"", ""Time Detached Milli"": ""1471"", ""Time Disabled Milli"": ""0"", ""Time Leader Milli"": ""0"", ""Time Router Milli"": ""0"", ""Time Tracked Milli"": ""168000""}",,,,,,,,
163,349.0,375.0,300.0,child,9001,baf806c20548a4f4,9000,router_a,3,3,4,5,router_a,9000,baf806c20548a4f4,0.0,0.0,0.0,0.0,1,1,0.0,9.0,9.0,9.0,,,,,,,,,False,True,MutualInterference,minimal_end_device,med,disabled,True,packet_probe,post_switch_request,,,router_a,baf806c20548a4f4,"{""RxFailed"": ""0"", ""RxSuccess"": ""221"", ""TxFailed"": ""0"", ""TxSuccess"": ""169""}","{""Attach Attempts"": ""1"", ""Better Parent Attach Attempts"": ""0"", ""Better Partition Attach Attempts"": ""0"", ""Parent Changes"": ""1"", ""Partition Id Changes"": ""1"", ""Role Child"": ""2"", ""Role Detached"": ""2"", ""Role Disabled"": ""0"", ""Role Leader"": ""0"", ""Role Router"": ""0"", ""Time Child Milli"": ""167529"", ""Time Detached Milli"": ""1471"", ""Time Disabled Milli"": ""0"", ""Time Leader Milli"": ""0"", ""Time Router Milli"": ""0"", ""Time Tracked Milli"": ""169000""}",,,,,,,,
164,350.0,375.0,300.0,child,9001,baf806c20548a4f4,9000,router_a,3,3,5,5,router_a,9000,baf806c20548a4f4,0.0,0.0,0.0,0.0,1,1,0.0,13.0,13.0,13.0,,,,,,,,,False,True,MutualInterference,minimal_end_device,med,disabled,True,packet_probe,post_switch_request,,,router_a,baf806c20548a4f4,"{""RxFailed"": ""0"", ""RxSuccess"": ""222"", ""TxFailed"": ""0"", ""TxSuccess"": ""170""}","{""Attach Attempts"": ""1"", ""Better Parent Attach Attempts"": ""0"", ""Better Partition Attach Attempts"": ""0"", ""Parent Changes"": ""1"", ""Partition Id Changes"": ""1"", ""Role Child"": ""2"", ""Role Detached"": ""2"", ""Role Disabled"": ""0"", ""Role Leader"": ""0"", ""Role Router"": ""0"", ""Time Child Milli"": ""168529"", ""Time Detached Milli"": ""1471"", ""Time Disabled Milli"": ""0"", ""Time Leader Milli"": ""0"", ""Time Router Milli"": ""0"", ""Time Tracked Milli"": ""170000""}",,,,,,,,
165,351.0,375.0,300.0,child,9001,baf806c20548a4f4,9000,router_a,3,3,6,5,router_a,9000,baf806c20548a4f4,0.0,0.0,0.0,0.0,1,1,0.0,6.0,6.0,6.0,,,,,,,,,False,True,MutualInterference,minimal_end_device,med,disabled,True,packet_probe,post_switch_request,,,router_a,baf806c20548a4f4,"{""RxFailed"": ""0"", ""RxSuccess"": ""223"", ""TxFailed"": ""0"", ""TxSuccess"": ""171""}","{""Attach Attempts"": ""1"", ""Better Parent Attach Attempts"": ""0"", ""Better Partition Attach Attempts"": ""0"", ""Parent Changes"": ""1"", ""Partition Id Changes"": ""1"", ""Role Child"": ""2"", ""Role Detached"": ""2"", ""Role Disabled"": ""0"", ""Role Leader"": ""0"", ""Role Router"": ""0"", ""Time Child Milli"": ""169529"", ""Time Detached Milli"": ""1471"", ""Time Disabled Milli"": ""0"", ""Time Leader Milli"": ""0"", ""Time Router Milli"": ""0"", ""Time Tracked Milli"": ""171000""}",,,,,,,,
166,352.0,375.0,300.0,child,9001,baf806c20548a4f4,9000,router_a,3,3,7,5,router_a,9000,baf806c20548a4f4,0.0,0.0,0.0,0.0,1,1,0.0,5.0,5.0,5.0,,,,,,,,,False,True,MutualInterference,minimal_end_device,med,disabled,True,packet_probe,post_switch_request,,,router_a,baf806c20548a4f4,"{""RxFailed"": ""0"", ""RxSuccess"": ""224"", ""TxFailed"": ""0"", ""TxSuccess"": ""172""}","{""Attach Attempts"": ""1"", ""Better Parent Attach Attempts"": ""0"", ""Better Partition Attach Attempts"": ""0"", ""Parent Changes"": ""1"", ""Partition Id Changes"": ""1"", ""Role Child"": ""2"", ""Role Detached"": ""2"", ""Role Disabled"": ""0"", ""Role Leader"": ""0"", ""Role Router"": ""0"", ""Time Child Milli"": ""170529"", ""Time Detached Milli"": ""1471"", ""Time Disabled Milli"": ""0"", ""Time Leader Milli"": ""0"", ""Time Router Milli"": ""0"", ""Time Tracked Milli"": ""172000""}",,,,,,,,
167,353.0,375.0,300.0,child,9001,baf806c20548a4f4,9000,router_a,3,3,0,5,router_a,9000,baf806c20548a4f4,0.0,0.0,0.0,0.0,1,1,0.0,5.0,5.0,5.0,,,,,,,,,False,True,MutualInterference,minimal_end_device,med,disabled,True,packet_probe,post_switch_request,,,router_a,baf806c20548a4f4,"{""RxFailed"": ""0"", ""RxSuccess"": ""226"", ""TxFailed"": ""0"", ""TxSuccess"": ""173""}","{""Attach Attempts"": ""1"", ""Better Parent Attach Attempts"": ""0"", ""Better Partition Attach Attempts"": ""0"", ""Parent Changes"": ""1"", ""Partition Id Changes"": ""1"", ""Role Child"": ""2"", ""Role Detached"": ""2"", ""Role Disabled"": ""0"", ""Role Leader"": ""0"", ""Role Router"": ""0"", ""Time Child Milli"": ""171529"", ""Time Detached Milli"": ""1471"", ""Time Disabled Milli"": ""0"", ""Time Leader Milli"": ""0"", ""Time Router Milli"": ""0"", ""Time Tracked Milli"": ""173000""}",,,,,,,,
168,354.0,375.0,300.0,child,9001,baf806c20548a4f4,9000,router_a,3,3,1,5,router_a,9000,baf806c20548a4f4,0.0,0.0,0.0,0.0,1,1,0.0,6.0,6.0,6.0,,,,,,,,,False,True,MutualInterference,minimal_end_device,med,disabled,True,packet_probe,post_switch_request,,,router_a,baf806c20548a4f4,"{""RxFailed"": ""0"", ""RxSuccess"": ""227"", ""TxFailed"": ""0"", ""TxSuccess"": ""174""}","{""Attach Attempts"": ""1"", ""Better Parent Attach Attempts"": ""0"", ""Better Partition Attach Attempts"": ""0"", ""Parent Changes"": ""1"", ""Partition Id Changes"": ""1"", ""Role Child"": ""2"", ""Role Detached"": ""2"", ""Role Disabled"": ""0"", ""Role Leader"": ""0"", ""Role Router"": ""0"", ""Time Child Milli"": ""172529"", ""Time Detached Milli"": ""1471"", ""Time Disabled Milli"": ""0"", ""Time Leader Milli"": ""0"", ""Time Router Milli"": ""0"", ""Time Tracked Milli"": ""174000""}",,,,,,,,
169,355.0,375.0,300.0,child,9001,baf806c20548a4f4,9000,router_a,3,3,2,5,router_a,9000,baf806c20548a4f4,0.0,0.0,0.0,0.0,1,1,0.0,7.0,7.0,7.0,,,,,,,,,False,True,MutualInterference,minimal_end_device,med,disabled,True,packet_probe,post_switch_request,,,router_a,baf806c20548a4f4,"{""RxFailed"": ""0"", ""RxSuccess"": ""228"", ""TxFailed"": ""0"", ""TxSuccess"": ""175""}","{""Attach Attempts"": ""1"", ""Better Parent Attach Attempts"": ""0"", ""Better Partition Attach Attempts"": ""0"", ""Parent Changes"": ""1"", ""Partition Id Changes"": ""1"", ""Role Child"": ""2"", ""Role Detached"": ""2"", ""Role Disabled"": ""0"", ""Role Leader"": ""0"", ""Role Router"": ""0"", ""Time Child Milli"": ""173529"", ""Time Detached Milli"": ""1471"", ""Time Disabled Milli"": ""0"", ""Time Leader Milli"": ""0"", ""Time Router Milli"": ""0"", ""Time Tracked Milli"": ""175000""}",,,,,,,,
170,356.0,375.0,300.0,child,9001,baf806c20548a4f4,9000,router_a,3,3,3,5,router_a,9000,baf806c20548a4f4,0.0,0.0,0.0,0.0,1,1,0.0,5.0,5.0,5.0,,,,,,,,,False,True,MutualInterference,minimal_end_device,med,disabled,True,packet_probe,post_switch_request,,,router_a,baf806c20548a4f4,"{""RxFailed"": ""0"", ""RxSuccess"": ""230"", ""TxFailed"": ""0"", ""TxSuccess"": ""176""}","{""Attach Attempts"": ""1"", ""Better Parent Attach Attempts"": ""0"", ""Better Partition Attach Attempts"": ""0"", ""Parent Changes"": ""1"", ""Partition Id Changes"": ""1"", ""Role Child"": ""2"", ""Role Detached"": ""2"", ""Role Disabled"": ""0"", ""Role Leader"": ""0"", ""Role Router"": ""0"", ""Time Child Milli"": ""174529"", ""Time Detached Milli"": ""1471"", ""Time Disabled Milli"": ""0"", ""Time Leader Milli"": ""0"", ""Time Router Milli"": ""0"", ""Time Tracked Milli"": ""176000""}",,,,,,,,
171,357.0,375.0,300.0,child,9001,baf806c20548a4f4,9000,router_a,3,3,4,5,router_a,9000,baf806c20548a4f4,0.0,0.0,0.0,0.0,1,1,0.0,7.0,7.0,7.0,,,,,,,,,False,True,MutualInterference,minimal_end_device,med,disabled,True,packet_probe,post_switch_request,,,router_a,baf806c20548a4f4,"{""RxFailed"": ""0"", ""RxSuccess"": ""231"", ""TxFailed"": ""0"", ""TxSuccess"": ""177""}","{""Attach Attempts"": ""1"", ""Better Parent Attach Attempts"": ""0"", ""Better Partition Attach Attempts"": ""0"", ""Parent Changes"": ""1"", ""Partition Id Changes"": ""1"", ""Role Child"": ""2"", ""Role Detached"": ""2"", ""Role Disabled"": ""0"", ""Role Leader"": ""0"", ""Role Router"": ""0"", ""Time Child Milli"": ""175529"", ""Time Detached Milli"": ""1471"", ""Time Disabled Milli"": ""0"", ""Time Leader Milli"": ""0"", ""Time Router Milli"": ""0"", ""Time Tracked Milli"": ""177000""}",,,,,,,,
172,358.0,375.0,300.0,child,9001,baf806c20548a4f4,9000,router_a,3,3,5,5,router_a,9000,baf806c20548a4f4,0.0,0.0,0.0,0.0,1,1,0.0,7.0,7.0,7.0,,,,,,,,,False,True,MutualInterference,minimal_end_device,med,disabled,True,packet_probe,post_switch_request,,,router_a,baf806c20548a4f4,"{""RxFailed"": ""0"", ""RxSuccess"": ""233"", ""TxFailed"": ""0"", ""TxSuccess"": ""178""}","{""Attach Attempts"": ""1"", ""Better Parent Attach Attempts"": ""0"", ""Better Partition Attach Attempts"": ""0"", ""Parent Changes"": ""1"", ""Partition Id Changes"": ""1"", ""Role Child"": ""2"", ""Role Detached"": ""2"", ""Role Disabled"": ""0"", ""Role Leader"": ""0"", ""Role Router"": ""0"", ""Time Child Milli"": ""176529"", ""Time Detached Milli"": ""1471"", ""Time Disabled Milli"": ""0"", ""Time Leader Milli"": ""0"", ""Time Router Milli"": ""0"", ""Time Tracked Milli"": ""178000""}",,,,,,,,
173,359.0,375.0,300.0,child,9001,baf806c20548a4f4,9000,router_a,3,3,6,5,router_a,9000,baf806c20548a4f4,0.0,0.0,0.0,0.0,1,1,0.0,8.0,8.0,8.0,,,,,,,,,False,True,MutualInterference,minimal_end_device,med,disabled,True,packet_probe,post_switch_request,,,router_a,baf806c20548a4f4,"{""RxFailed"": ""0"", ""RxSuccess"": ""234"", ""TxFailed"": ""0"", ""TxSuccess"": ""179""}","{""Attach Attempts"": ""1"", ""Better Parent Attach Attempts"": ""0"", ""Better Partition Attach Attempts"": ""0"", ""Parent Changes"": ""1"", ""Partition Id Changes"": ""1"", ""Role Child"": ""2"", ""Role Detached"": ""2"", ""Role Disabled"": ""0"", ""Role Leader"": ""0"", ""Role Router"": ""0"", ""Time Child Milli"": ""177529"", ""Time Detached Milli"": ""1471"", ""Time Disabled Milli"": ""0"", ""Time Leader Milli"": ""0"", ""Time Router Milli"": ""0"", ""Time Tracked Milli"": ""179000""}",,,,,,,,
174,360.0,375.0,300.0,child,9001,baf806c20548a4f4,9000,router_a,3,3,7,5,router_a,9000,baf806c20548a4f4,0.0,0.0,0.0,0.0,1,1,0.0,5.0,5.0,5.0,,,,,,,,,False,True,MutualInterference,minimal_end_device,med,disabled,True,packet_probe,post_switch_request,,,router_a,baf806c20548a4f4,"{""RxFailed"": ""0"", ""RxSuccess"": ""235"", ""TxFailed"": ""0"", ""TxSuccess"": ""180""}","{""Attach Attempts"": ""1"", ""Better Parent Attach Attempts"": ""0"", ""Better Partition Attach Attempts"": ""0"", ""Parent Changes"": ""1"", ""Partition Id Changes"": ""1"", ""Role Child"": ""2"", ""Role Detached"": ""2"", ""Role Disabled"": ""0"", ""Role Leader"": ""0"", ""Role Router"": ""0"", ""Time Child Milli"": ""178529"", ""Time Detached Milli"": ""1471"", ""Time Disabled Milli"": ""0"", ""Time Leader Milli"": ""0"", ""Time Router Milli"": ""0"", ""Time Tracked Milli"": ""180000""}",,,,,,,,
175,361.0,375.0,300.0,child,9001,baf806c20548a4f4,9000,router_a,3,3,8,5,router_a,9000,baf806c20548a4f4,0.0,0.0,0.0,0.0,1,1,0.0,7.0,7.0,7.0,,,,,,,,,False,True,MutualInterference,minimal_end_device,med,disabled,True,packet_probe,post_switch_request,,,router_a,baf806c20548a4f4,"{""RxFailed"": ""0"", ""RxSuccess"": ""237"", ""TxFailed"": ""0"", ""TxSuccess"": ""181""}","{""Attach Attempts"": ""1"", ""Better Parent Attach Attempts"": ""0"", ""Better Partition Attach Attempts"": ""0"", ""Parent Changes"": ""1"", ""Partition Id Changes"": ""1"", ""Role Child"": ""2"", ""Role Detached"": ""2"", ""Role Disabled"": ""0"", ""Role Leader"": ""0"", ""Role Router"": ""0"", ""Time Child Milli"": ""179529"", ""Time Detached Milli"": ""1471"", ""Time Disabled Milli"": ""0"", ""Time Leader Milli"": ""0"", ""Time Router Milli"": ""0"", ""Time Tracked Milli"": ""181000""}",,,,,,,,
176,362.0,375.0,300.0,child,9001,baf806c20548a4f4,9000,router_a,3,3,9,5,router_a,9000,baf806c20548a4f4,0.0,0.0,0.0,0.0,1,1,0.0,8.0,8.0,8.0,,,,,,,,,False,True,MutualInterference,minimal_end_device,med,disabled,True,packet_probe,post_switch_request,,,router_a,baf806c20548a4f4,"{""RxFailed"": ""0"", ""RxSuccess"": ""238"", ""TxFailed"": ""0"", ""TxSuccess"": ""182""}","{""Attach Attempts"": ""1"", ""Better Parent Attach Attempts"": ""0"", ""Better Partition Attach Attempts"": ""0"", ""Parent Changes"": ""1"", ""Partition Id Changes"": ""1"", ""Role Child"": ""2"", ""Role Detached"": ""2"", ""Role Disabled"": ""0"", ""Role Leader"": ""0"", ""Role Router"": ""0"", ""Time Child Milli"": ""180529"", ""Time Detached Milli"": ""1471"", ""Time Disabled Milli"": ""0"", ""Time Leader Milli"": ""0"", ""Time Router Milli"": ""0"", ""Time Tracked Milli"": ""182000""}",,,,,,,,
177,363.0,375.0,300.0,child,9001,baf806c20548a4f4,9000,router_a,3,3,10,5,router_a,9000,baf806c20548a4f4,0.0,0.0,0.0,0.0,1,1,0.0,7.0,7.0,7.0,,,,,,,,,False,True,MutualInterference,minimal_end_device,med,disabled,True,packet_probe,post_switch_request,,,router_a,baf806c20548a4f4,"{""RxFailed"": ""0"", ""RxSuccess"": ""239"", ""TxFailed"": ""0"", ""TxSuccess"": ""183""}","{""Attach Attempts"": ""1"", ""Better Parent Attach Attempts"": ""0"", ""Better Partition Attach Attempts"": ""0"", ""Parent Changes"": ""1"", ""Partition Id Changes"": ""1"", ""Role Child"": ""2"", ""Role Detached"": ""2"", ""Role Disabled"": ""0"", ""Role Leader"": ""0"", ""Role Router"": ""0"", ""Time Child Milli"": ""181529"", ""Time Detached Milli"": ""1471"", ""Time Disabled Milli"": ""0"", ""Time Leader Milli"": ""0"", ""Time Router Milli"": ""0"", ""Time Tracked Milli"": ""183000""}",,,,,,,,
178,364.0,375.0,300.0,child,9001,baf806c20548a4f4,9000,router_a,3,3,11,5,router_a,9000,baf806c20548a4f4,0.0,0.0,0.0,0.0,1,1,0.0,6.0,6.0,6.0,,,,,,,,,False,True,MutualInterference,minimal_end_device,med,disabled,True,packet_probe,post_switch_request,,,router_a,baf806c20548a4f4,"{""RxFailed"": ""0"", ""RxSuccess"": ""240"", ""TxFailed"": ""0"", ""TxSuccess"": ""184""}","{""Attach Attempts"": ""1"", ""Better Parent Attach Attempts"": ""0"", ""Better Partition Attach Attempts"": ""0"", ""Parent Changes"": ""1"", ""Partition Id Changes"": ""1"", ""Role Child"": ""2"", ""Role Detached"": ""2"", ""Role Disabled"": ""0"", ""Role Leader"": ""0"", ""Role Router"": ""0"", ""Time Child Milli"": ""182529"", ""Time Detached Milli"": ""1471"", ""Time Disabled Milli"": ""0"", ""Time Leader Milli"": ""0"", ""Time Router Milli"": ""0"", ""Time Tracked Milli"": ""184000""}",,,,,,,,
179,365.0,375.0,300.0,child,9001,baf806c20548a4f4,9000,router_a,3,3,12,5,router_a,9000,baf806c20548a4f4,0.0,0.0,0.0,0.0,1,1,0.0,7.0,7.0,7.0,,,,,,,,,False,True,MutualInterference,minimal_end_device,med,disabled,True,packet_probe,post_switch_request,,,router_a,baf806c20548a4f4,"{""RxFailed"": ""0"", ""RxSuccess"": ""241"", ""TxFailed"": ""0"", ""TxSuccess"": ""185""}","{""Attach Attempts"": ""1"", ""Better Parent Attach Attempts"": ""0"", ""Better Partition Attach Attempts"": ""0"", ""Parent Changes"": ""1"", ""Partition Id Changes"": ""1"", ""Role Child"": ""2"", ""Role Detached"": ""2"", ""Role Disabled"": ""0"", ""Role Leader"": ""0"", ""Role Router"": ""0"", ""Time Child Milli"": ""183529"", ""Time Detached Milli"": ""1471"", ""Time Disabled Milli"": ""0"", ""Time Leader Milli"": ""0"", ""Time Router Milli"": ""0"", ""Time Tracked Milli"": ""185000""}",,,,,,,,
180,366.0,375.0,300.0,child,9001,baf806c20548a4f4,9000,router_a,3,3,13,5,router_a,9000,baf806c20548a4f4,0.0,0.0,0.0,0.0,1,1,0.0,8.0,8.0,8.0,,,,,,,,,False,True,MutualInterference,minimal_end_device,med,disabled,True,packet_probe,post_switch_request,,,router_a,baf806c20548a4f4,"{""RxFailed"": ""0"", ""RxSuccess"": ""242"", ""TxFailed"": ""0"", ""TxSuccess"": ""186""}","{""Attach Attempts"": ""1"", ""Better Parent Attach Attempts"": ""0"", ""Better Partition Attach Attempts"": ""0"", ""Parent Changes"": ""1"", ""Partition Id Changes"": ""1"", ""Role Child"": ""2"", ""Role Detached"": ""2"", ""Role Disabled"": ""0"", ""Role Leader"": ""0"", ""Role Router"": ""0"", ""Time Child Milli"": ""184529"", ""Time Detached Milli"": ""1471"", ""Time Disabled Milli"": ""0"", ""Time Leader Milli"": ""0"", ""Time Router Milli"": ""0"", ""Time Tracked Milli"": ""186000""}",,,,,,,,
181,367.0,375.0,300.0,child,9001,baf806c20548a4f4,9000,router_a,3,3,14,5,router_a,9000,baf806c20548a4f4,0.0,0.0,0.0,0.0,1,1,0.0,5.0,5.0,5.0,,,,,,,,,False,True,MutualInterference,minimal_end_device,med,disabled,True,packet_probe,post_switch_request,,,router_a,baf806c20548a4f4,"{""RxFailed"": ""0"", ""RxSuccess"": ""244"", ""TxFailed"": ""0"", ""TxSuccess"": ""187""}","{""Attach Attempts"": ""1"", ""Better Parent Attach Attempts"": ""0"", ""Better Partition Attach Attempts"": ""0"", ""Parent Changes"": ""1"", ""Partition Id Changes"": ""1"", ""Role Child"": ""2"", ""Role Detached"": ""2"", ""Role Disabled"": ""0"", ""Role Leader"": ""0"", ""Role Router"": ""0"", ""Time Child Milli"": ""185529"", ""Time Detached Milli"": ""1471"", ""Time Disabled Milli"": ""0"", ""Time Leader Milli"": ""0"", ""Time Router Milli"": ""0"", ""Time Tracked Milli"": ""187000""}",,,,,,,,
182,368.0,375.0,300.0,child,9001,baf806c20548a4f4,9000,router_a,3,3,15,5,router_a,9000,baf806c20548a4f4,0.0,0.0,0.0,0.0,1,1,0.0,6.0,6.0,6.0,,,,,,,,,False,True,MutualInterference,minimal_end_device,med,disabled,True,packet_probe,post_switch_request,,,router_a,baf806c20548a4f4,"{""RxFailed"": ""0"", ""RxSuccess"": ""245"", ""TxFailed"": ""0"", ""TxSuccess"": ""188""}","{""Attach Attempts"": ""1"", ""Better Parent Attach Attempts"": ""0"", ""Better Partition Attach Attempts"": ""0"", ""Parent Changes"": ""1"", ""Partition Id Changes"": ""1"", ""Role Child"": ""2"", ""Role Detached"": ""2"", ""Role Disabled"": ""0"", ""Role Leader"": ""0"", ""Role Router"": ""0"", ""Time Child Milli"": ""186529"", ""Time Detached Milli"": ""1471"", ""Time Disabled Milli"": ""0"", ""Time Leader Milli"": ""0"", ""Time Router Milli"": ""0"", ""Time Tracked Milli"": ""188000""}",,,,,,,,
183,369.0,375.0,300.0,child,9001,baf806c20548a4f4,9000,router_a,3,3,0,5,router_a,9000,baf806c20548a4f4,0.0,0.0,0.0,0.0,1,1,0.0,7.0,7.0,7.0,,,,,,,,,False,True,MutualInterference,minimal_end_device,med,disabled,True,packet_probe,post_switch_request,,,router_a,baf806c20548a4f4,"{""RxFailed"": ""0"", ""RxSuccess"": ""247"", ""TxFailed"": ""0"", ""TxSuccess"": ""189""}","{""Attach Attempts"": ""1"", ""Better Parent Attach Attempts"": ""0"", ""Better Partition Attach Attempts"": ""0"", ""Parent Changes"": ""1"", ""Partition Id Changes"": ""1"", ""Role Child"": ""2"", ""Role Detached"": ""2"", ""Role Disabled"": ""0"", ""Role Leader"": ""0"", ""Role Router"": ""0"", ""Time Child Milli"": ""187529"", ""Time Detached Milli"": ""1471"", ""Time Disabled Milli"": ""0"", ""Time Leader Milli"": ""0"", ""Time Router Milli"": ""0"", ""Time Tracked Milli"": ""189000""}",,,,,,,,
184,370.0,375.0,300.0,child,9001,baf806c20548a4f4,9000,router_a,3,3,1,5,router_a,9000,baf806c20548a4f4,0.0,0.0,0.0,0.0,1,1,0.0,7.0,7.0,7.0,,,,,,,,,False,True,MutualInterference,minimal_end_device,med,disabled,True,packet_probe,post_switch_request,,,router_a,baf806c20548a4f4,"{""RxFailed"": ""0"", ""RxSuccess"": ""248"", ""TxFailed"": ""0"", ""TxSuccess"": ""190""}","{""Attach Attempts"": ""1"", ""Better Parent Attach Attempts"": ""0"", ""Better Partition Attach Attempts"": ""0"", ""Parent Changes"": ""1"", ""Partition Id Changes"": ""1"", ""Role Child"": ""2"", ""Role Detached"": ""2"", ""Role Disabled"": ""0"", ""Role Leader"": ""0"", ""Role Router"": ""0"", ""Time Child Milli"": ""188529"", ""Time Detached Milli"": ""1471"", ""Time Disabled Milli"": ""0"", ""Time Leader Milli"": ""0"", ""Time Router Milli"": ""0"", ""Time Tracked Milli"": ""190000""}",,,,,,,,
185,371.0,375.0,300.0,child,9001,baf806c20548a4f4,9000,router_a,3,3,2,5,router_a,9000,baf806c20548a4f4,0.0,0.0,0.0,0.0,1,1,0.0,6.0,6.0,6.0,,,,,,,,,False,True,MutualInterference,minimal_end_device,med,disabled,True,packet_probe,post_switch_request,,,router_a,baf806c20548a4f4,"{""RxFailed"": ""0"", ""RxSuccess"": ""249"", ""TxFailed"": ""0"", ""TxSuccess"": ""191""}","{""Attach Attempts"": ""1"", ""Better Parent Attach Attempts"": ""0"", ""Better Partition Attach Attempts"": ""0"", ""Parent Changes"": ""1"", ""Partition Id Changes"": ""1"", ""Role Child"": ""2"", ""Role Detached"": ""2"", ""Role Disabled"": ""0"", ""Role Leader"": ""0"", ""Role Router"": ""0"", ""Time Child Milli"": ""189529"", ""Time Detached Milli"": ""1471"", ""Time Disabled Milli"": ""0"", ""Time Leader Milli"": ""0"", ""Time Router Milli"": ""0"", ""Time Tracked Milli"": ""191000""}",,,,,,,,
186,372.0,375.0,300.0,child,9001,baf806c20548a4f4,9000,router_a,3,3,3,5,router_a,9000,baf806c20548a4f4,0.0,0.0,0.0,0.0,1,1,0.0,7.0,7.0,7.0,,,,,,,,,False,True,MutualInterference,minimal_end_device,med,disabled,True,packet_probe,post_switch_request,,,router_a,baf806c20548a4f4,"{""RxFailed"": ""0"", ""RxSuccess"": ""250"", ""TxFailed"": ""0"", ""TxSuccess"": ""192""}","{""Attach Attempts"": ""1"", ""Better Parent Attach Attempts"": ""0"", ""Better Partition Attach Attempts"": ""0"", ""Parent Changes"": ""1"", ""Partition Id Changes"": ""1"", ""Role Child"": ""2"", ""Role Detached"": ""2"", ""Role Disabled"": ""0"", ""Role Leader"": ""0"", ""Role Router"": ""0"", ""Time Child Milli"": ""190529"", ""Time Detached Milli"": ""1471"", ""Time Disabled Milli"": ""0"", ""Time Leader Milli"": ""0"", ""Time Router Milli"": ""0"", ""Time Tracked Milli"": ""192000""}",,,,,,,,
187,373.0,375.0,300.0,child,9001,baf806c20548a4f4,9000,router_a,3,3,4,5,router_a,9000,baf806c20548a4f4,0.0,0.0,0.0,0.0,1,1,0.0,7.0,7.0,7.0,,,,,,,,,False,True,MutualInterference,minimal_end_device,med,disabled,True,packet_probe,post_switch_request,,,router_a,baf806c20548a4f4,"{""RxFailed"": ""0"", ""RxSuccess"": ""251"", ""TxFailed"": ""0"", ""TxSuccess"": ""193""}","{""Attach Attempts"": ""1"", ""Better Parent Attach Attempts"": ""0"", ""Better Partition Attach Attempts"": ""0"", ""Parent Changes"": ""1"", ""Partition Id Changes"": ""1"", ""Role Child"": ""2"", ""Role Detached"": ""2"", ""Role Disabled"": ""0"", ""Role Leader"": ""0"", ""Role Router"": ""0"", ""Time Child Milli"": ""191529"", ""Time Detached Milli"": ""1471"", ""Time Disabled Milli"": ""0"", ""Time Leader Milli"": ""0"", ""Time Router Milli"": ""0"", ""Time Tracked Milli"": ""193000""}",,,,,,,,
188,374.0,375.0,300.0,child,9001,baf806c20548a4f4,9000,router_a,3,3,5,5,router_a,9000,baf806c20548a4f4,0.0,0.0,0.0,0.0,1,1,0.0,7.0,7.0,7.0,,,,,,,,,False,True,MutualInterference,minimal_end_device,med,disabled,True,packet_probe,post_switch_request,,,router_a,baf806c20548a4f4,"{""RxFailed"": ""0"", ""RxSuccess"": ""253"", ""TxFailed"": ""0"", ""TxSuccess"": ""194""}","{""Attach Attempts"": ""1"", ""Better Parent Attach Attempts"": ""0"", ""Better Partition Attach Attempts"": ""0"", ""Parent Changes"": ""1"", ""Partition Id Changes"": ""1"", ""Role Child"": ""2"", ""Role Detached"": ""2"", ""Role Disabled"": ""0"", ""Role Leader"": ""0"", ""Role Router"": ""0"", ""Time Child Milli"": ""192529"", ""Time Detached Milli"": ""1471"", ""Time Disabled Milli"": ""0"", ""Time Leader Milli"": ""0"", ""Time Router Milli"": ""0"", ""Time Tracked Milli"": ""194000""}",,,,,,,,
189,375.0,375.0,300.0,child,9001,baf806c20548a4f4,9000,router_a,3,3,6,5,router_a,9000,baf806c20548a4f4,0.0,0.0,0.0,0.0,1,1,0.0,7.0,7.0,7.0,,,,,,,,,False,True,MutualInterference,minimal_end_device,med,disabled,True,packet_probe,post_switch_request,,,router_a,baf806c20548a4f4,"{""RxFailed"": ""0"", ""RxSuccess"": ""254"", ""TxFailed"": ""0"", ""TxSuccess"": ""195""}","{""Attach Attempts"": ""1"", ""Better Parent Attach Attempts"": ""0"", ""Better Partition Attach Attempts"": ""0"", ""Parent Changes"": ""1"", ""Partition Id Changes"": ""1"", ""Role Child"": ""2"", ""Role Detached"": ""2"", ""Role Disabled"": ""0"", ""Role Leader"": ""0"", ""Role Router"": ""0"", ""Time Child Milli"": ""193529"", ""Time Detached Milli"": ""1471"", ""Time Disabled Milli"": ""0"", ""Time Leader Milli"": ""0"", ""Time Router Milli"": ""0"", ""Time Tracked Milli"": ""195000""}",,,,,,,,
190,376.0,375.0,300.0,child,9001,baf806c20548a4f4,9000,router_a,3,3,7,5,router_a,9000,baf806c20548a4f4,0.0,0.0,0.0,0.0,1,1,0.0,7.0,7.0,7.0,,,,,,,,,False,True,MutualInterference,minimal_end_device,med,disabled,True,packet_probe,post_switch_request,,,router_a,baf806c20548a4f4,"{""RxFailed"": ""0"", ""RxSuccess"": ""256"", ""TxFailed"": ""0"", ""TxSuccess"": ""196""}","{""Attach Attempts"": ""1"", ""Better Parent Attach Attempts"": ""0"", ""Better Partition Attach Attempts"": ""0"", ""Parent Changes"": ""1"", ""Partition Id Changes"": ""1"", ""Role Child"": ""2"", ""Role Detached"": ""2"", ""Role Disabled"": ""0"", ""Role Leader"": ""0"", ""Role Router"": ""0"", ""Time Child Milli"": ""194529"", ""Time Detached Milli"": ""1471"", ""Time Disabled Milli"": ""0"", ""Time Leader Milli"": ""0"", ""Time Router Milli"": ""0"", ""Time Tracked Milli"": ""196000""}",,,,,,,,
191,377.0,375.0,300.0,child,9001,baf806c20548a4f4,9000,router_a,3,3,8,5,router_a,9000,baf806c20548a4f4,0.0,0.0,0.0,0.0,1,1,0.0,6.0,6.0,6.0,,,,,,,,,False,True,MutualInterference,minimal_end_device,med,disabled,True,packet_probe,post_switch_request,,,router_a,baf806c20548a4f4,"{""RxFailed"": ""0"", ""RxSuccess"": ""257"", ""TxFailed"": ""0"", ""TxSuccess"": ""197""}","{""Attach Attempts"": ""1"", ""Better Parent Attach Attempts"": ""0"", ""Better Partition Attach Attempts"": ""0"", ""Parent Changes"": ""1"", ""Partition Id Changes"": ""1"", ""Role Child"": ""2"", ""Role Detached"": ""2"", ""Role Disabled"": ""0"", ""Role Leader"": ""0"", ""Role Router"": ""0"", ""Time Child Milli"": ""195529"", ""Time Detached Milli"": ""1471"", ""Time Disabled Milli"": ""0"", ""Time Leader Milli"": ""0"", ""Time Router Milli"": ""0"", ""Time Tracked Milli"": ""197000""}",,,,,,,,
192,378.0,375.0,300.0,child,9001,baf806c20548a4f4,9000,router_a,3,3,9,5,router_a,9000,baf806c20548a4f4,0.0,0.0,0.0,0.0,1,1,0.0,5.0,5.0,5.0,,,,,,,,,False,True,MutualInterference,minimal_end_device,med,disabled,True,packet_probe,post_switch_request,,,router_a,baf806c20548a4f4,"{""RxFailed"": ""0"", ""RxSuccess"": ""258"", ""TxFailed"": ""0"", ""TxSuccess"": ""198""}","{""Attach Attempts"": ""1"", ""Better Parent Attach Attempts"": ""0"", ""Better Partition Attach Attempts"": ""0"", ""Parent Changes"": ""1"", ""Partition Id Changes"": ""1"", ""Role Child"": ""2"", ""Role Detached"": ""2"", ""Role Disabled"": ""0"", ""Role Leader"": ""0"", ""Role Router"": ""0"", ""Time Child Milli"": ""196529"", ""Time Detached Milli"": ""1471"", ""Time Disabled Milli"": ""0"", ""Time Leader Milli"": ""0"", ""Time Router Milli"": ""0"", ""Time Tracked Milli"": ""198000""}",,,,,,,,
193,379.0,375.0,300.0,child,9001,baf806c20548a4f4,9000,router_a,3,3,0,5,router_a,9000,baf806c20548a4f4,0.0,0.0,0.0,0.0,1,1,0.0,6.0,6.0,6.0,,,,,,,,,False,True,MutualInterference,minimal_end_device,med,disabled,True,packet_probe,post_switch_request,,,router_a,baf806c20548a4f4,"{""RxFailed"": ""0"", ""RxSuccess"": ""261"", ""TxFailed"": ""0"", ""TxSuccess"": ""199""}","{""Attach Attempts"": ""1"", ""Better Parent Attach Attempts"": ""0"", ""Better Partition Attach Attempts"": ""0"", ""Parent Changes"": ""1"", ""Partition Id Changes"": ""1"", ""Role Child"": ""2"", ""Role Detached"": ""2"", ""Role Disabled"": ""0"", ""Role Leader"": ""0"", ""Role Router"": ""0"", ""Time Child Milli"": ""197529"", ""Time Detached Milli"": ""1471"", ""Time Disabled Milli"": ""0"", ""Time Leader Milli"": ""0"", ""Time Router Milli"": ""0"", ""Time Tracked Milli"": ""199000""}",,,,,,,,
194,380.0,375.0,300.0,child,9001,baf806c20548a4f4,9000,router_a,3,3,1,5,router_a,9000,baf806c20548a4f4,0.0,0.0,0.0,0.0,1,1,0.0,6.0,6.0,6.0,,,,,,,,,False,True,MutualInterference,minimal_end_device,med,disabled,True,packet_probe,post_switch_request,,,router_a,baf806c20548a4f4,"{""RxFailed"": ""0"", ""RxSuccess"": ""262"", ""TxFailed"": ""0"", ""TxSuccess"": ""200""}","{""Attach Attempts"": ""1"", ""Better Parent Attach Attempts"": ""0"", ""Better Partition Attach Attempts"": ""0"", ""Parent Changes"": ""1"", ""Partition Id Changes"": ""1"", ""Role Child"": ""2"", ""Role Detached"": ""2"", ""Role Disabled"": ""0"", ""Role Leader"": ""0"", ""Role Router"": ""0"", ""Time Child Milli"": ""198529"", ""Time Detached Milli"": ""1471"", ""Time Disabled Milli"": ""0"", ""Time Leader Milli"": ""0"", ""Time Router Milli"": ""0"", ""Time Tracked Milli"": ""200000""}",,,,,,,,
195,381.0,375.0,300.0,child,9001,baf806c20548a4f4,9000,router_a,3,3,2,5,router_a,9000,baf806c20548a4f4,0.0,0.0,0.0,0.0,1,1,0.0,7.0,7.0,7.0,,,,,,,,,False,True,MutualInterference,minimal_end_device,med,disabled,True,packet_probe,post_switch_request,,,router_a,baf806c20548a4f4,"{""RxFailed"": ""0"", ""RxSuccess"": ""263"", ""TxFailed"": ""0"", ""TxSuccess"": ""201""}","{""Attach Attempts"": ""1"", ""Better Parent Attach Attempts"": ""0"", ""Better Partition Attach Attempts"": ""0"", ""Parent Changes"": ""1"", ""Partition Id Changes"": ""1"", ""Role Child"": ""2"", ""Role Detached"": ""2"", ""Role Disabled"": ""0"", ""Role Leader"": ""0"", ""Role Router"": ""0"", ""Time Child Milli"": ""199529"", ""Time Detached Milli"": ""1471"", ""Time Disabled Milli"": ""0"", ""Time Leader Milli"": ""0"", ""Time Router Milli"": ""0"", ""Time Tracked Milli"": ""201000""}",,,,,,,,
196,382.0,375.0,300.0,child,9001,baf806c20548a4f4,9000,router_a,3,3,3,5,router_a,9000,baf806c20548a4f4,0.0,0.0,0.0,0.0,1,1,0.0,8.0,8.0,8.0,,,,,,,,,False,True,MutualInterference,minimal_end_device,med,disabled,True,packet_probe,post_switch_request,,,router_a,baf806c20548a4f4,"{""RxFailed"": ""0"", ""RxSuccess"": ""264"", ""TxFailed"": ""0"", ""TxSuccess"": ""202""}","{""Attach Attempts"": ""1"", ""Better Parent Attach Attempts"": ""0"", ""Better Partition Attach Attempts"": ""0"", ""Parent Changes"": ""1"", ""Partition Id Changes"": ""1"", ""Role Child"": ""2"", ""Role Detached"": ""2"", ""Role Disabled"": ""0"", ""Role Leader"": ""0"", ""Role Router"": ""0"", ""Time Child Milli"": ""200529"", ""Time Detached Milli"": ""1471"", ""Time Disabled Milli"": ""0"", ""Time Leader Milli"": ""0"", ""Time Router Milli"": ""0"", ""Time Tracked Milli"": ""202000""}",,,,,,,,
197,383.0,375.0,300.0,child,9001,baf806c20548a4f4,9000,router_a,3,3,4,5,router_a,9000,baf806c20548a4f4,0.0,0.0,0.0,0.0,1,1,0.0,7.0,7.0,7.0,,,,,,,,,False,True,MutualInterference,minimal_end_device,med,disabled,True,packet_probe,post_switch_request,,,router_a,baf806c20548a4f4,"{""RxFailed"": ""0"", ""RxSuccess"": ""265"", ""TxFailed"": ""0"", ""TxSuccess"": ""203""}","{""Attach Attempts"": ""1"", ""Better Parent Attach Attempts"": ""0"", ""Better Partition Attach Attempts"": ""0"", ""Parent Changes"": ""1"", ""Partition Id Changes"": ""1"", ""Role Child"": ""2"", ""Role Detached"": ""2"", ""Role Disabled"": ""0"", ""Role Leader"": ""0"", ""Role Router"": ""0"", ""Time Child Milli"": ""201529"", ""Time Detached Milli"": ""1471"", ""Time Disabled Milli"": ""0"", ""Time Leader Milli"": ""0"", ""Time Router Milli"": ""0"", ""Time Tracked Milli"": ""203000""}",,,,,,,,
198,384.0,375.0,300.0,child,9001,baf806c20548a4f4,9000,router_a,3,3,5,5,router_a,9000,baf806c20548a4f4,0.0,0.0,0.0,0.0,1,1,0.0,7.0,7.0,7.0,,,,,,,,,False,True,MutualInterference,minimal_end_device,med,disabled,True,packet_probe,post_switch_request,,,router_a,baf806c20548a4f4,"{""RxFailed"": ""0"", ""RxSuccess"": ""266"", ""TxFailed"": ""0"", ""TxSuccess"": ""204""}","{""Attach Attempts"": ""1"", ""Better Parent Attach Attempts"": ""0"", ""Better Partition Attach Attempts"": ""0"", ""Parent Changes"": ""1"", ""Partition Id Changes"": ""1"", ""Role Child"": ""2"", ""Role Detached"": ""2"", ""Role Disabled"": ""0"", ""Role Leader"": ""0"", ""Role Router"": ""0"", ""Time Child Milli"": ""202529"", ""Time Detached Milli"": ""1471"", ""Time Disabled Milli"": ""0"", ""Time Leader Milli"": ""0"", ""Time Router Milli"": ""0"", ""Time Tracked Milli"": ""204000""}",,,,,,,,
199,385.0,375.0,300.0,child,9001,baf806c20548a4f4,9000,router_a,3,3,6,5,router_a,9000,baf806c20548a4f4,0.0,0.0,0.0,0.0,1,1,0.0,5.0,5.0,5.0,,,,,,,,,False,True,MutualInterference,minimal_end_device,med,disabled,True,packet_probe,post_switch_request,,,router_a,baf806c20548a4f4,"{""RxFailed"": ""0"", ""RxSuccess"": ""267"", ""TxFailed"": ""0"", ""TxSuccess"": ""205""}","{""Attach Attempts"": ""1"", ""Better Parent Attach Attempts"": ""0"", ""Better Partition Attach Attempts"": ""0"", ""Parent Changes"": ""1"", ""Partition Id Changes"": ""1"", ""Role Child"": ""2"", ""Role Detached"": ""2"", ""Role Disabled"": ""0"", ""Role Leader"": ""0"", ""Role Router"": ""0"", ""Time Child Milli"": ""203529"", ""Time Detached Milli"": ""1471"", ""Time Disabled Milli"": ""0"", ""Time Leader Milli"": ""0"", ""Time Router Milli"": ""0"", ""Time Tracked Milli"": ""205000""}",,,,,,,,
200,386.0,375.0,300.0,child,9001,baf806c20548a4f4,9000,router_a,3,3,7,5,router_a,9000,baf806c20548a4f4,0.0,0.0,0.0,0.0,1,1,0.0,8.0,8.0,8.0,,,,,,,,,False,True,MutualInterference,minimal_end_device,med,disabled,True,packet_probe,post_switch_request,,,router_a,baf806c20548a4f4,"{""RxFailed"": ""0"", ""RxSuccess"": ""269"", ""TxFailed"": ""0"", ""TxSuccess"": ""206""}","{""Attach Attempts"": ""1"", ""Better Parent Attach Attempts"": ""0"", ""Better Partition Attach Attempts"": ""0"", ""Parent Changes"": ""1"", ""Partition Id Changes"": ""1"", ""Role Child"": ""2"", ""Role Detached"": ""2"", ""Role Disabled"": ""0"", ""Role Leader"": ""0"", ""Role Router"": ""0"", ""Time Child Milli"": ""204529"", ""Time Detached Milli"": ""1471"", ""Time Disabled Milli"": ""0"", ""Time Leader Milli"": ""0"", ""Time Router Milli"": ""0"", ""Time Tracked Milli"": ""206000""}",,,,,,,,
201,387.0,375.0,300.0,child,9001,baf806c20548a4f4,9000,router_a,3,3,8,5,router_a,9000,baf806c20548a4f4,0.0,0.0,0.0,0.0,1,1,0.0,6.0,6.0,6.0,,,,,,,,,False,True,MutualInterference,minimal_end_device,med,disabled,True,packet_probe,post_switch_request,,,router_a,baf806c20548a4f4,"{""RxFailed"": ""0"", ""RxSuccess"": ""270"", ""TxFailed"": ""0"", ""TxSuccess"": ""207""}","{""Attach Attempts"": ""1"", ""Better Parent Attach Attempts"": ""0"", ""Better Partition Attach Attempts"": ""0"", ""Parent Changes"": ""1"", ""Partition Id Changes"": ""1"", ""Role Child"": ""2"", ""Role Detached"": ""2"", ""Role Disabled"": ""0"", ""Role Leader"": ""0"", ""Role Router"": ""0"", ""Time Child Milli"": ""205529"", ""Time Detached Milli"": ""1471"", ""Time Disabled Milli"": ""0"", ""Time Leader Milli"": ""0"", ""Time Router Milli"": ""0"", ""Time Tracked Milli"": ""207000""}",,,,,,,,
202,388.0,375.0,300.0,child,9001,baf806c20548a4f4,9000,router_a,3,3,9,5,router_a,9000,baf806c20548a4f4,0.0,0.0,0.0,0.0,1,1,0.0,7.0,7.0,7.0,,,,,,,,,False,True,MutualInterference,minimal_end_device,med,disabled,True,packet_probe,post_switch_request,,,router_a,baf806c20548a4f4,"{""RxFailed"": ""0"", ""RxSuccess"": ""271"", ""TxFailed"": ""0"", ""TxSuccess"": ""208""}","{""Attach Attempts"": ""1"", ""Better Parent Attach Attempts"": ""0"", ""Better Partition Attach Attempts"": ""0"", ""Parent Changes"": ""1"", ""Partition Id Changes"": ""1"", ""Role Child"": ""2"", ""Role Detached"": ""2"", ""Role Disabled"": ""0"", ""Role Leader"": ""0"", ""Role Router"": ""0"", ""Time Child Milli"": ""206529"", ""Time Detached Milli"": ""1471"", ""Time Disabled Milli"": ""0"", ""Time Leader Milli"": ""0"", ""Time Router Milli"": ""0"", ""Time Tracked Milli"": ""208000""}",,,,,,,,
203,389.0,375.0,300.0,child,9001,baf806c20548a4f4,9000,router_a,3,3,10,5,router_a,9000,baf806c20548a4f4,0.0,0.0,0.0,0.0,1,1,0.0,8.0,8.0,8.0,,,,,,,,,False,True,MutualInterference,minimal_end_device,med,disabled,True,packet_probe,post_switch_request,,,router_a,baf806c20548a4f4,"{""RxFailed"": ""0"", ""RxSuccess"": ""272"", ""TxFailed"": ""0"", ""TxSuccess"": ""209""}","{""Attach Attempts"": ""1"", ""Better Parent Attach Attempts"": ""0"", ""Better Partition Attach Attempts"": ""0"", ""Parent Changes"": ""1"", ""Partition Id Changes"": ""1"", ""Role Child"": ""2"", ""Role Detached"": ""2"", ""Role Disabled"": ""0"", ""Role Leader"": ""0"", ""Role Router"": ""0"", ""Time Child Milli"": ""207529"", ""Time Detached Milli"": ""1471"", ""Time Disabled Milli"": ""0"", ""Time Leader Milli"": ""0"", ""Time Router Milli"": ""0"", ""Time Tracked Milli"": ""209000""}",,,,,,,,
204,390.0,375.0,300.0,child,9001,baf806c20548a4f4,9000,router_a,3,3,11,5,router_a,9000,baf806c20548a4f4,0.0,0.0,0.0,0.0,1,1,0.0,6.0,6.0,6.0,,,,,,,,,False,True,MutualInterference,minimal_end_device,med,disabled,True,packet_probe,post_switch_request,,,router_a,baf806c20548a4f4,"{""RxFailed"": ""0"", ""RxSuccess"": ""273"", ""TxFailed"": ""0"", ""TxSuccess"": ""210""}","{""Attach Attempts"": ""1"", ""Better Parent Attach Attempts"": ""0"", ""Better Partition Attach Attempts"": ""0"", ""Parent Changes"": ""1"", ""Partition Id Changes"": ""1"", ""Role Child"": ""2"", ""Role Detached"": ""2"", ""Role Disabled"": ""0"", ""Role Leader"": ""0"", ""Role Router"": ""0"", ""Time Child Milli"": ""208529"", ""Time Detached Milli"": ""1471"", ""Time Disabled Milli"": ""0"", ""Time Leader Milli"": ""0"", ""Time Router Milli"": ""0"", ""Time Tracked Milli"": ""210000""}",,,,,,,,
205,391.0,375.0,300.0,child,9001,baf806c20548a4f4,9000,router_a,3,3,12,5,router_a,9000,baf806c20548a4f4,0.0,0.0,0.0,0.0,1,1,0.0,5.0,5.0,5.0,,,,,,,,,False,True,MutualInterference,minimal_end_device,med,disabled,True,packet_probe,post_switch_request,,,router_a,baf806c20548a4f4,"{""RxFailed"": ""0"", ""RxSuccess"": ""274"", ""TxFailed"": ""0"", ""TxSuccess"": ""211""}","{""Attach Attempts"": ""1"", ""Better Parent Attach Attempts"": ""0"", ""Better Partition Attach Attempts"": ""0"", ""Parent Changes"": ""1"", ""Partition Id Changes"": ""1"", ""Role Child"": ""2"", ""Role Detached"": ""2"", ""Role Disabled"": ""0"", ""Role Leader"": ""0"", ""Role Router"": ""0"", ""Time Child Milli"": ""209529"", ""Time Detached Milli"": ""1471"", ""Time Disabled Milli"": ""0"", ""Time Leader Milli"": ""0"", ""Time Router Milli"": ""0"", ""Time Tracked Milli"": ""211000""}",,,,,,,,
206,392.0,375.0,300.0,child,9001,baf806c20548a4f4,9000,router_a,3,3,13,5,router_a,9000,baf806c20548a4f4,0.0,0.0,0.0,0.0,1,1,0.0,6.0,6.0,6.0,,,,,,,,,False,True,MutualInterference,minimal_end_device,med,disabled,True,packet_probe,post_switch_request,,,router_a,baf806c20548a4f4,"{""RxFailed"": ""0"", ""RxSuccess"": ""277"", ""TxFailed"": ""0"", ""TxSuccess"": ""212""}","{""Attach Attempts"": ""1"", ""Better Parent Attach Attempts"": ""0"", ""Better Partition Attach Attempts"": ""0"", ""Parent Changes"": ""1"", ""Partition Id Changes"": ""1"", ""Role Child"": ""2"", ""Role Detached"": ""2"", ""Role Disabled"": ""0"", ""Role Leader"": ""0"", ""Role Router"": ""0"", ""Time Child Milli"": ""210529"", ""Time Detached Milli"": ""1471"", ""Time Disabled Milli"": ""0"", ""Time Leader Milli"": ""0"", ""Time Router Milli"": ""0"", ""Time Tracked Milli"": ""212000""}",,,,,,,,
207,393.0,375.0,300.0,child,9001,baf806c20548a4f4,9000,router_a,3,3,14,5,router_a,9000,baf806c20548a4f4,0.0,0.0,0.0,0.0,1,1,0.0,6.0,6.0,6.0,,,,,,,,,False,True,MutualInterference,minimal_end_device,med,disabled,True,packet_probe,post_switch_request,,,router_a,baf806c20548a4f4,"{""RxFailed"": ""0"", ""RxSuccess"": ""278"", ""TxFailed"": ""0"", ""TxSuccess"": ""213""}","{""Attach Attempts"": ""1"", ""Better Parent Attach Attempts"": ""0"", ""Better Partition Attach Attempts"": ""0"", ""Parent Changes"": ""1"", ""Partition Id Changes"": ""1"", ""Role Child"": ""2"", ""Role Detached"": ""2"", ""Role Disabled"": ""0"", ""Role Leader"": ""0"", ""Role Router"": ""0"", ""Time Child Milli"": ""211529"", ""Time Detached Milli"": ""1471"", ""Time Disabled Milli"": ""0"", ""Time Leader Milli"": ""0"", ""Time Router Milli"": ""0"", ""Time Tracked Milli"": ""213000""}",,,,,,,,
208,394.0,375.0,300.0,child,9001,baf806c20548a4f4,9000,router_a,3,3,0,5,router_a,9000,baf806c20548a4f4,0.0,0.0,0.0,0.0,1,1,0.0,6.0,6.0,6.0,,,,,,,,,False,True,MutualInterference,minimal_end_device,med,disabled,True,packet_probe,post_switch_request,,,router_a,baf806c20548a4f4,"{""RxFailed"": ""0"", ""RxSuccess"": ""280"", ""TxFailed"": ""0"", ""TxSuccess"": ""214""}","{""Attach Attempts"": ""1"", ""Better Parent Attach Attempts"": ""0"", ""Better Partition Attach Attempts"": ""0"", ""Parent Changes"": ""1"", ""Partition Id Changes"": ""1"", ""Role Child"": ""2"", ""Role Detached"": ""2"", ""Role Disabled"": ""0"", ""Role Leader"": ""0"", ""Role Router"": ""0"", ""Time Child Milli"": ""212529"", ""Time Detached Milli"": ""1471"", ""Time Disabled Milli"": ""0"", ""Time Leader Milli"": ""0"", ""Time Router Milli"": ""0"", ""Time Tracked Milli"": ""214000""}",,,,,,,,
209,395.0,375.0,300.0,child,9001,baf806c20548a4f4,9000,router_a,3,3,1,5,router_a,9000,baf806c20548a4f4,0.0,0.0,0.0,0.0,1,1,0.0,7.0,7.0,7.0,,,,,,,,,False,True,MutualInterference,minimal_end_device,med,disabled,True,packet_probe,post_switch_request,,,router_a,baf806c20548a4f4,"{""RxFailed"": ""0"", ""RxSuccess"": ""281"", ""TxFailed"": ""0"", ""TxSuccess"": ""215""}","{""Attach Attempts"": ""1"", ""Better Parent Attach Attempts"": ""0"", ""Better Partition Attach Attempts"": ""0"", ""Parent Changes"": ""1"", ""Partition Id Changes"": ""1"", ""Role Child"": ""2"", ""Role Detached"": ""2"", ""Role Disabled"": ""0"", ""Role Leader"": ""0"", ""Role Router"": ""0"", ""Time Child Milli"": ""213529"", ""Time Detached Milli"": ""1471"", ""Time Disabled Milli"": ""0"", ""Time Leader Milli"": ""0"", ""Time Router Milli"": ""0"", ""Time Tracked Milli"": ""215000""}",,,,,,,,
210,396.0,375.0,300.0,child,9001,baf806c20548a4f4,9000,router_a,3,3,2,5,router_a,9000,baf806c20548a4f4,0.0,0.0,0.0,0.0,1,1,0.0,6.0,6.0,6.0,,,,,,,,,False,True,MutualInterference,minimal_end_device,med,disabled,True,packet_probe,post_switch_request,,,router_a,baf806c20548a4f4,"{""RxFailed"": ""0"", ""RxSuccess"": ""282"", ""TxFailed"": ""0"", ""TxSuccess"": ""216""}","{""Attach Attempts"": ""1"", ""Better Parent Attach Attempts"": ""0"", ""Better Partition Attach Attempts"": ""0"", ""Parent Changes"": ""1"", ""Partition Id Changes"": ""1"", ""Role Child"": ""2"", ""Role Detached"": ""2"", ""Role Disabled"": ""0"", ""Role Leader"": ""0"", ""Role Router"": ""0"", ""Time Child Milli"": ""214529"", ""Time Detached Milli"": ""1471"", ""Time Disabled Milli"": ""0"", ""Time Leader Milli"": ""0"", ""Time Router Milli"": ""0"", ""Time Tracked Milli"": ""216000""}",,,,,,,,
211,397.0,375.0,300.0,child,9001,baf806c20548a4f4,9000,router_a,3,3,3,5,router_a,9000,baf806c20548a4f4,0.0,0.0,0.0,0.0,1,1,0.0,7.0,7.0,7.0,,,,,,,,,False,True,MutualInterference,minimal_end_device,med,disabled,True,packet_probe,post_switch_request,,,router_a,baf806c20548a4f4,"{""RxFailed"": ""0"", ""RxSuccess"": ""283"", ""TxFailed"": ""0"", ""TxSuccess"": ""217""}","{""Attach Attempts"": ""1"", ""Better Parent Attach Attempts"": ""0"", ""Better Partition Attach Attempts"": ""0"", ""Parent Changes"": ""1"", ""Partition Id Changes"": ""1"", ""Role Child"": ""2"", ""Role Detached"": ""2"", ""Role Disabled"": ""0"", ""Role Leader"": ""0"", ""Role Router"": ""0"", ""Time Child Milli"": ""215529"", ""Time Detached Milli"": ""1471"", ""Time Disabled Milli"": ""0"", ""Time Leader Milli"": ""0"", ""Time Router Milli"": ""0"", ""Time Tracked Milli"": ""217000""}",,,,,,,,
212,398.0,375.0,300.0,child,9001,baf806c20548a4f4,9000,router_a,3,3,4,5,router_a,9000,baf806c20548a4f4,0.0,0.0,0.0,0.0,1,1,0.0,7.0,7.0,7.0,,,,,,,,,False,True,MutualInterference,minimal_end_device,med,disabled,True,packet_probe,post_switch_request,,,router_a,baf806c20548a4f4,"{""RxFailed"": ""0"", ""RxSuccess"": ""284"", ""TxFailed"": ""0"", ""TxSuccess"": ""218""}","{""Attach Attempts"": ""1"", ""Better Parent Attach Attempts"": ""0"", ""Better Partition Attach Attempts"": ""0"", ""Parent Changes"": ""1"", ""Partition Id Changes"": ""1"", ""Role Child"": ""2"", ""Role Detached"": ""2"", ""Role Disabled"": ""0"", ""Role Leader"": ""0"", ""Role Router"": ""0"", ""Time Child Milli"": ""216529"", ""Time Detached Milli"": ""1471"", ""Time Disabled Milli"": ""0"", ""Time Leader Milli"": ""0"", ""Time Router Milli"": ""0"", ""Time Tracked Milli"": ""218000""}",,,,,,,,
213,399.0,375.0,300.0,child,9001,baf806c20548a4f4,9000,router_a,3,3,5,5,router_a,9000,baf806c20548a4f4,0.0,0.0,0.0,0.0,1,1,0.0,6.0,6.0,6.0,,,,,,,,,False,True,MutualInterference,minimal_end_device,med,disabled,True,packet_probe,post_switch_request,,,router_a,baf806c20548a4f4,"{""RxFailed"": ""0"", ""RxSuccess"": ""285"", ""TxFailed"": ""0"", ""TxSuccess"": ""219""}","{""Attach Attempts"": ""1"", ""Better Parent Attach Attempts"": ""0"", ""Better Partition Attach Attempts"": ""0"", ""Parent Changes"": ""1"", ""Partition Id Changes"": ""1"", ""Role Child"": ""2"", ""Role Detached"": ""2"", ""Role Disabled"": ""0"", ""Role Leader"": ""0"", ""Role Router"": ""0"", ""Time Child Milli"": ""217529"", ""Time Detached Milli"": ""1471"", ""Time Disabled Milli"": ""0"", ""Time Leader Milli"": ""0"", ""Time Router Milli"": ""0"", ""Time Tracked Milli"": ""219000""}",,,,,,,,
214,400.0,375.0,300.0,child,9001,baf806c20548a4f4,9000,router_a,3,3,6,5,router_a,9000,baf806c20548a4f4,0.0,0.0,0.0,0.0,1,1,0.0,5.0,5.0,5.0,,,,,,,,,False,True,MutualInterference,minimal_end_device,med,disabled,True,packet_probe,post_switch_request,,,router_a,baf806c20548a4f4,"{""RxFailed"": ""0"", ""RxSuccess"": ""287"", ""TxFailed"": ""0"", ""TxSuccess"": ""220""}","{""Attach Attempts"": ""1"", ""Better Parent Attach Attempts"": ""0"", ""Better Partition Attach Attempts"": ""0"", ""Parent Changes"": ""1"", ""Partition Id Changes"": ""1"", ""Role Child"": ""2"", ""Role Detached"": ""2"", ""Role Disabled"": ""0"", ""Role Leader"": ""0"", ""Role Router"": ""0"", ""Time Child Milli"": ""218529"", ""Time Detached Milli"": ""1471"", ""Time Disabled Milli"": ""0"", ""Time Leader Milli"": ""0"", ""Time Router Milli"": ""0"", ""Time Tracked Milli"": ""220000""}",,,,,,,,
215,401.0,375.0,300.0,child,9001,baf806c20548a4f4,9000,router_a,3,3,7,5,router_a,9000,baf806c20548a4f4,0.0,0.0,0.0,0.0,1,1,0.0,7.0,7.0,7.0,,,,,,,,,False,True,MutualInterference,minimal_end_device,med,disabled,True,packet_probe,post_switch_request,,,router_a,baf806c20548a4f4,"{""RxFailed"": ""0"", ""RxSuccess"": ""288"", ""TxFailed"": ""0"", ""TxSuccess"": ""221""}","{""Attach Attempts"": ""1"", ""Better Parent Attach Attempts"": ""0"", ""Better Partition Attach Attempts"": ""0"", ""Parent Changes"": ""1"", ""Partition Id Changes"": ""1"", ""Role Child"": ""2"", ""Role Detached"": ""2"", ""Role Disabled"": ""0"", ""Role Leader"": ""0"", ""Role Router"": ""0"", ""Time Child Milli"": ""219529"", ""Time Detached Milli"": ""1471"", ""Time Disabled Milli"": ""0"", ""Time Leader Milli"": ""0"", ""Time Router Milli"": ""0"", ""Time Tracked Milli"": ""221000""}",,,,,,,,
216,402.0,375.0,300.0,child,9001,baf806c20548a4f4,9000,router_a,3,3,0,5,router_a,9000,baf806c20548a4f4,0.0,0.0,0.0,0.0,1,1,0.0,6.0,6.0,6.0,,,,,,,,,False,True,MutualInterference,minimal_end_device,med,disabled,True,packet_probe,post_switch_request,,,router_a,baf806c20548a4f4,"{""RxFailed"": ""0"", ""RxSuccess"": ""290"", ""TxFailed"": ""0"", ""TxSuccess"": ""222""}","{""Attach Attempts"": ""1"", ""Better Parent Attach Attempts"": ""0"", ""Better Partition Attach Attempts"": ""0"", ""Parent Changes"": ""1"", ""Partition Id Changes"": ""1"", ""Role Child"": ""2"", ""Role Detached"": ""2"", ""Role Disabled"": ""0"", ""Role Leader"": ""0"", ""Role Router"": ""0"", ""Time Child Milli"": ""220529"", ""Time Detached Milli"": ""1471"", ""Time Disabled Milli"": ""0"", ""Time Leader Milli"": ""0"", ""Time Router Milli"": ""0"", ""Time Tracked Milli"": ""222000""}",,,,,,,,
217,403.0,375.0,300.0,child,9001,baf806c20548a4f4,9000,router_a,3,3,1,5,router_a,9000,baf806c20548a4f4,0.0,0.0,0.0,0.0,1,1,0.0,7.0,7.0,7.0,,,,,,,,,False,True,MutualInterference,minimal_end_device,med,disabled,True,packet_probe,post_switch_request,,,router_a,baf806c20548a4f4,"{""RxFailed"": ""0"", ""RxSuccess"": ""291"", ""TxFailed"": ""0"", ""TxSuccess"": ""223""}","{""Attach Attempts"": ""1"", ""Better Parent Attach Attempts"": ""0"", ""Better Partition Attach Attempts"": ""0"", ""Parent Changes"": ""1"", ""Partition Id Changes"": ""1"", ""Role Child"": ""2"", ""Role Detached"": ""2"", ""Role Disabled"": ""0"", ""Role Leader"": ""0"", ""Role Router"": ""0"", ""Time Child Milli"": ""221529"", ""Time Detached Milli"": ""1471"", ""Time Disabled Milli"": ""0"", ""Time Leader Milli"": ""0"", ""Time Router Milli"": ""0"", ""Time Tracked Milli"": ""223000""}",,,,,,,,
218,404.0,375.0,300.0,child,9001,baf806c20548a4f4,9000,router_a,3,3,2,5,router_a,9000,baf806c20548a4f4,0.0,0.0,0.0,0.0,1,1,0.0,6.0,6.0,6.0,,,,,,,,,False,True,MutualInterference,minimal_end_device,med,disabled,True,packet_probe,post_switch_request,,,router_a,baf806c20548a4f4,"{""RxFailed"": ""0"", ""RxSuccess"": ""292"", ""TxFailed"": ""0"", ""TxSuccess"": ""224""}","{""Attach Attempts"": ""1"", ""Better Parent Attach Attempts"": ""0"", ""Better Partition Attach Attempts"": ""0"", ""Parent Changes"": ""1"", ""Partition Id Changes"": ""1"", ""Role Child"": ""2"", ""Role Detached"": ""2"", ""Role Disabled"": ""0"", ""Role Leader"": ""0"", ""Role Router"": ""0"", ""Time Child Milli"": ""222529"", ""Time Detached Milli"": ""1471"", ""Time Disabled Milli"": ""0"", ""Time Leader Milli"": ""0"", ""Time Router Milli"": ""0"", ""Time Tracked Milli"": ""224000""}",,,,,,,,
219,405.0,375.0,300.0,child,9001,baf806c20548a4f4,9000,router_a,3,3,3,5,router_a,9000,baf806c20548a4f4,0.0,0.0,0.0,0.0,1,1,0.0,5.0,5.0,5.0,,,,,,,,,False,True,MutualInterference,minimal_end_device,med,disabled,True,packet_probe,post_switch_request,,,router_a,baf806c20548a4f4,"{""RxFailed"": ""0"", ""RxSuccess"": ""293"", ""TxFailed"": ""0"", ""TxSuccess"": ""225""}","{""Attach Attempts"": ""1"", ""Better Parent Attach Attempts"": ""0"", ""Better Partition Attach Attempts"": ""0"", ""Parent Changes"": ""1"", ""Partition Id Changes"": ""1"", ""Role Child"": ""2"", ""Role Detached"": ""2"", ""Role Disabled"": ""0"", ""Role Leader"": ""0"", ""Role Router"": ""0"", ""Time Child Milli"": ""223529"", ""Time Detached Milli"": ""1471"", ""Time Disabled Milli"": ""0"", ""Time Leader Milli"": ""0"", ""Time Router Milli"": ""0"", ""Time Tracked Milli"": ""225000""}",,,,,,,,
220,406.0,375.0,300.0,child,9001,baf806c20548a4f4,9000,router_a,3,3,4,5,router_a,9000,baf806c20548a4f4,0.0,0.0,0.0,0.0,1,1,0.0,5.0,5.0,5.0,,,,,,,,,False,True,MutualInterference,minimal_end_device,med,disabled,True,packet_probe,post_switch_request,,,router_a,baf806c20548a4f4,"{""RxFailed"": ""0"", ""RxSuccess"": ""294"", ""TxFailed"": ""0"", ""TxSuccess"": ""226""}","{""Attach Attempts"": ""1"", ""Better Parent Attach Attempts"": ""0"", ""Better Partition Attach Attempts"": ""0"", ""Parent Changes"": ""1"", ""Partition Id Changes"": ""1"", ""Role Child"": ""2"", ""Role Detached"": ""2"", ""Role Disabled"": ""0"", ""Role Leader"": ""0"", ""Role Router"": ""0"", ""Time Child Milli"": ""224529"", ""Time Detached Milli"": ""1471"", ""Time Disabled Milli"": ""0"", ""Time Leader Milli"": ""0"", ""Time Router Milli"": ""0"", ""Time Tracked Milli"": ""226000""}",,,,,,,,
221,407.0,375.0,300.0,child,9001,baf806c20548a4f4,9000,router_a,3,3,5,5,router_a,9000,baf806c20548a4f4,0.0,0.0,0.0,0.0,1,1,0.0,6.0,6.0,6.0,,,,,,,,,False,True,MutualInterference,minimal_end_device,med,disabled,True,packet_probe,post_switch_request,,,router_a,baf806c20548a4f4,"{""RxFailed"": ""0"", ""RxSuccess"": ""296"", ""TxFailed"": ""0"", ""TxSuccess"": ""227""}","{""Attach Attempts"": ""1"", ""Better Parent Attach Attempts"": ""0"", ""Better Partition Attach Attempts"": ""0"", ""Parent Changes"": ""1"", ""Partition Id Changes"": ""1"", ""Role Child"": ""2"", ""Role Detached"": ""2"", ""Role Disabled"": ""0"", ""Role Leader"": ""0"", ""Role Router"": ""0"", ""Time Child Milli"": ""225529"", ""Time Detached Milli"": ""1471"", ""Time Disabled Milli"": ""0"", ""Time Leader Milli"": ""0"", ""Time Router Milli"": ""0"", ""Time Tracked Milli"": ""227000""}",,,,,,,,
222,408.0,375.0,300.0,child,9001,baf806c20548a4f4,9000,router_a,3,3,6,5,router_a,9000,baf806c20548a4f4,0.0,0.0,0.0,0.0,1,1,0.0,6.0,6.0,6.0,,,,,,,,,False,True,MutualInterference,minimal_end_device,med,disabled,True,packet_probe,post_switch_request,,,router_a,baf806c20548a4f4,"{""RxFailed"": ""0"", ""RxSuccess"": ""297"", ""TxFailed"": ""0"", ""TxSuccess"": ""228""}","{""Attach Attempts"": ""1"", ""Better Parent Attach Attempts"": ""0"", ""Better Partition Attach Attempts"": ""0"", ""Parent Changes"": ""1"", ""Partition Id Changes"": ""1"", ""Role Child"": ""2"", ""Role Detached"": ""2"", ""Role Disabled"": ""0"", ""Role Leader"": ""0"", ""Role Router"": ""0"", ""Time Child Milli"": ""226529"", ""Time Detached Milli"": ""1471"", ""Time Disabled Milli"": ""0"", ""Time Leader Milli"": ""0"", ""Time Router Milli"": ""0"", ""Time Tracked Milli"": ""228000""}",,,,,,,,
223,409.0,375.0,300.0,child,9001,baf806c20548a4f4,9000,router_a,3,3,7,5,router_a,9000,baf806c20548a4f4,0.0,0.0,0.0,0.0,1,1,0.0,7.0,7.0,7.0,,,,,,,,,False,True,MutualInterference,minimal_end_device,med,disabled,True,packet_probe,post_switch_request,,,router_a,baf806c20548a4f4,"{""RxFailed"": ""0"", ""RxSuccess"": ""299"", ""TxFailed"": ""0"", ""TxSuccess"": ""229""}","{""Attach Attempts"": ""1"", ""Better Parent Attach Attempts"": ""0"", ""Better Partition Attach Attempts"": ""0"", ""Parent Changes"": ""1"", ""Partition Id Changes"": ""1"", ""Role Child"": ""2"", ""Role Detached"": ""2"", ""Role Disabled"": ""0"", ""Role Leader"": ""0"", ""Role Router"": ""0"", ""Time Child Milli"": ""227529"", ""Time Detached Milli"": ""1471"", ""Time Disabled Milli"": ""0"", ""Time Leader Milli"": ""0"", ""Time Router Milli"": ""0"", ""Time Tracked Milli"": ""229000""}",,,,,,,,
224,410.0,375.0,300.0,child,9001,baf806c20548a4f4,9000,router_a,3,3,8,5,router_a,9000,baf806c20548a4f4,0.0,0.0,0.0,0.0,1,1,0.0,4.0,4.0,4.0,,,,,,,,,False,True,MutualInterference,minimal_end_device,med,disabled,True,packet_probe,post_switch_request,,,router_a,baf806c20548a4f4,"{""RxFailed"": ""0"", ""RxSuccess"": ""300"", ""TxFailed"": ""0"", ""TxSuccess"": ""230""}","{""Attach Attempts"": ""1"", ""Better Parent Attach Attempts"": ""0"", ""Better Partition Attach Attempts"": ""0"", ""Parent Changes"": ""1"", ""Partition Id Changes"": ""1"", ""Role Child"": ""2"", ""Role Detached"": ""2"", ""Role Disabled"": ""0"", ""Role Leader"": ""0"", ""Role Router"": ""0"", ""Time Child Milli"": ""228529"", ""Time Detached Milli"": ""1471"", ""Time Disabled Milli"": ""0"", ""Time Leader Milli"": ""0"", ""Time Router Milli"": ""0"", ""Time Tracked Milli"": ""230000""}",,,,,,,,
225,411.0,375.0,300.0,child,9001,baf806c20548a4f4,9000,router_a,3,3,9,5,router_a,9000,baf806c20548a4f4,0.0,0.0,0.0,0.0,1,1,0.0,6.0,6.0,6.0,,,,,,,,,False,True,MutualInterference,minimal_end_device,med,disabled,True,packet_probe,post_switch_request,,,router_a,baf806c20548a4f4,"{""RxFailed"": ""0"", ""RxSuccess"": ""301"", ""TxFailed"": ""0"", ""TxSuccess"": ""231""}","{""Attach Attempts"": ""1"", ""Better Parent Attach Attempts"": ""0"", ""Better Partition Attach Attempts"": ""0"", ""Parent Changes"": ""1"", ""Partition Id Changes"": ""1"", ""Role Child"": ""2"", ""Role Detached"": ""2"", ""Role Disabled"": ""0"", ""Role Leader"": ""0"", ""Role Router"": ""0"", ""Time Child Milli"": ""229529"", ""Time Detached Milli"": ""1471"", ""Time Disabled Milli"": ""0"", ""Time Leader Milli"": ""0"", ""Time Router Milli"": ""0"", ""Time Tracked Milli"": ""231000""}",,,,,,,,
226,412.0,375.0,300.0,child,9001,baf806c20548a4f4,9000,router_a,3,3,10,5,router_a,9000,baf806c20548a4f4,0.0,0.0,0.0,0.0,1,1,0.0,7.0,7.0,7.0,,,,,,,,,False,True,MutualInterference,minimal_end_device,med,disabled,True,packet_probe,post_switch_request,,,router_a,baf806c20548a4f4,"{""RxFailed"": ""0"", ""RxSuccess"": ""302"", ""TxFailed"": ""0"", ""TxSuccess"": ""232""}","{""Attach Attempts"": ""1"", ""Better Parent Attach Attempts"": ""0"", ""Better Partition Attach Attempts"": ""0"", ""Parent Changes"": ""1"", ""Partition Id Changes"": ""1"", ""Role Child"": ""2"", ""Role Detached"": ""2"", ""Role Disabled"": ""0"", ""Role Leader"": ""0"", ""Role Router"": ""0"", ""Time Child Milli"": ""230529"", ""Time Detached Milli"": ""1471"", ""Time Disabled Milli"": ""0"", ""Time Leader Milli"": ""0"", ""Time Router Milli"": ""0"", ""Time Tracked Milli"": ""232000""}",,,,,,,,
227,413.0,375.0,300.0,child,9001,baf806c20548a4f4,9000,router_a,3,3,11,5,router_a,9000,baf806c20548a4f4,0.0,0.0,0.0,0.0,1,1,0.0,7.0,7.0,7.0,,,,,,,,,False,True,MutualInterference,minimal_end_device,med,disabled,True,packet_probe,post_switch_request,,,router_a,baf806c20548a4f4,"{""RxFailed"": ""0"", ""RxSuccess"": ""303"", ""TxFailed"": ""0"", ""TxSuccess"": ""233""}","{""Attach Attempts"": ""1"", ""Better Parent Attach Attempts"": ""0"", ""Better Partition Attach Attempts"": ""0"", ""Parent Changes"": ""1"", ""Partition Id Changes"": ""1"", ""Role Child"": ""2"", ""Role Detached"": ""2"", ""Role Disabled"": ""0"", ""Role Leader"": ""0"", ""Role Router"": ""0"", ""Time Child Milli"": ""231529"", ""Time Detached Milli"": ""1471"", ""Time Disabled Milli"": ""0"", ""Time Leader Milli"": ""0"", ""Time Router Milli"": ""0"", ""Time Tracked Milli"": ""233000""}",,,,,,,,
228,414.0,375.0,300.0,child,9001,baf806c20548a4f4,9000,router_a,3,3,12,5,router_a,9000,baf806c20548a4f4,0.0,0.0,0.0,0.0,1,1,0.0,7.0,7.0,7.0,,,,,,,,,False,True,MutualInterference,minimal_end_device,med,disabled,True,packet_probe,post_switch_request,,,router_a,baf806c20548a4f4,"{""RxFailed"": ""0"", ""RxSuccess"": ""304"", ""TxFailed"": ""0"", ""TxSuccess"": ""234""}","{""Attach Attempts"": ""1"", ""Better Parent Attach Attempts"": ""0"", ""Better Partition Attach Attempts"": ""0"", ""Parent Changes"": ""1"", ""Partition Id Changes"": ""1"", ""Role Child"": ""2"", ""Role Detached"": ""2"", ""Role Disabled"": ""0"", ""Role Leader"": ""0"", ""Role Router"": ""0"", ""Time Child Milli"": ""232529"", ""Time Detached Milli"": ""1471"", ""Time Disabled Milli"": ""0"", ""Time Leader Milli"": ""0"", ""Time Router Milli"": ""0"", ""Time Tracked Milli"": ""234000""}",,,,,,,,
229,415.0,375.0,300.0,child,9001,baf806c20548a4f4,9000,router_a,3,3,0,5,router_a,9000,baf806c20548a4f4,0.0,0.0,0.0,0.0,1,1,0.0,8.0,8.0,8.0,,,,,,,,,False,True,MutualInterference,minimal_end_device,med,disabled,True,packet_probe,post_switch_request,,,router_a,baf806c20548a4f4,"{""RxFailed"": ""0"", ""RxSuccess"": ""306"", ""TxFailed"": ""0"", ""TxSuccess"": ""235""}","{""Attach Attempts"": ""1"", ""Better Parent Attach Attempts"": ""0"", ""Better Partition Attach Attempts"": ""0"", ""Parent Changes"": ""1"", ""Partition Id Changes"": ""1"", ""Role Child"": ""2"", ""Role Detached"": ""2"", ""Role Disabled"": ""0"", ""Role Leader"": ""0"", ""Role Router"": ""0"", ""Time Child Milli"": ""233529"", ""Time Detached Milli"": ""1471"", ""Time Disabled Milli"": ""0"", ""Time Leader Milli"": ""0"", ""Time Router Milli"": ""0"", ""Time Tracked Milli"": ""235000""}",,,,,,,,
230,416.0,375.0,300.0,child,9001,baf806c20548a4f4,9000,router_a,3,3,1,5,router_a,9000,baf806c20548a4f4,0.0,0.0,0.0,0.0,1,1,0.0,7.0,7.0,7.0,,,,,,,,,False,True,MutualInterference,minimal_end_device,med,disabled,True,packet_probe,post_switch_request,,,router_a,baf806c20548a4f4,"{""RxFailed"": ""0"", ""RxSuccess"": ""307"", ""TxFailed"": ""0"", ""TxSuccess"": ""236""}","{""Attach Attempts"": ""1"", ""Better Parent Attach Attempts"": ""0"", ""Better Partition Attach Attempts"": ""0"", ""Parent Changes"": ""1"", ""Partition Id Changes"": ""1"", ""Role Child"": ""2"", ""Role Detached"": ""2"", ""Role Disabled"": ""0"", ""Role Leader"": ""0"", ""Role Router"": ""0"", ""Time Child Milli"": ""234529"", ""Time Detached Milli"": ""1471"", ""Time Disabled Milli"": ""0"", ""Time Leader Milli"": ""0"", ""Time Router Milli"": ""0"", ""Time Tracked Milli"": ""236000""}",,,,,,,,
231,417.0,375.0,300.0,child,9001,baf806c20548a4f4,9000,router_a,3,3,2,5,router_a,9000,baf806c20548a4f4,0.0,0.0,0.0,0.0,1,1,0.0,6.0,6.0,6.0,,,,,,,,,False,True,MutualInterference,minimal_end_device,med,disabled,True,packet_probe,post_switch_request,,,router_a,baf806c20548a4f4,"{""RxFailed"": ""0"", ""RxSuccess"": ""308"", ""TxFailed"": ""0"", ""TxSuccess"": ""237""}","{""Attach Attempts"": ""1"", ""Better Parent Attach Attempts"": ""0"", ""Better Partition Attach Attempts"": ""0"", ""Parent Changes"": ""1"", ""Partition Id Changes"": ""1"", ""Role Child"": ""2"", ""Role Detached"": ""2"", ""Role Disabled"": ""0"", ""Role Leader"": ""0"", ""Role Router"": ""0"", ""Time Child Milli"": ""235529"", ""Time Detached Milli"": ""1471"", ""Time Disabled Milli"": ""0"", ""Time Leader Milli"": ""0"", ""Time Router Milli"": ""0"", ""Time Tracked Milli"": ""237000""}",,,,,,,,
232,418.0,375.0,300.0,child,9001,baf806c20548a4f4,9000,router_a,3,3,3,5,router_a,9000,baf806c20548a4f4,0.0,0.0,0.0,0.0,1,1,0.0,5.0,5.0,5.0,,,,,,,,,False,True,MutualInterference,minimal_end_device,med,disabled,True,packet_probe,post_switch_request,,,router_a,baf806c20548a4f4,"{""RxFailed"": ""0"", ""RxSuccess"": ""310"", ""TxFailed"": ""0"", ""TxSuccess"": ""238""}","{""Attach Attempts"": ""1"", ""Better Parent Attach Attempts"": ""0"", ""Better Partition Attach Attempts"": ""0"", ""Parent Changes"": ""1"", ""Partition Id Changes"": ""1"", ""Role Child"": ""2"", ""Role Detached"": ""2"", ""Role Disabled"": ""0"", ""Role Leader"": ""0"", ""Role Router"": ""0"", ""Time Child Milli"": ""236529"", ""Time Detached Milli"": ""1471"", ""Time Disabled Milli"": ""0"", ""Time Leader Milli"": ""0"", ""Time Router Milli"": ""0"", ""Time Tracked Milli"": ""238000""}",,,,,,,,
233,419.0,375.0,300.0,child,9001,baf806c20548a4f4,9000,router_a,3,3,4,5,router_a,9000,baf806c20548a4f4,0.0,0.0,0.0,0.0,1,1,0.0,6.0,6.0,6.0,,,,,,,,,False,True,MutualInterference,minimal_end_device,med,disabled,True,packet_probe,post_switch_request,,,router_a,baf806c20548a4f4,"{""RxFailed"": ""0"", ""RxSuccess"": ""311"", ""TxFailed"": ""0"", ""TxSuccess"": ""239""}","{""Attach Attempts"": ""1"", ""Better Parent Attach Attempts"": ""0"", ""Better Partition Attach Attempts"": ""0"", ""Parent Changes"": ""1"", ""Partition Id Changes"": ""1"", ""Role Child"": ""2"", ""Role Detached"": ""2"", ""Role Disabled"": ""0"", ""Role Leader"": ""0"", ""Role Router"": ""0"", ""Time Child Milli"": ""237529"", ""Time Detached Milli"": ""1471"", ""Time Disabled Milli"": ""0"", ""Time Leader Milli"": ""0"", ""Time Router Milli"": ""0"", ""Time Tracked Milli"": ""239000""}",,,,,,,,
234,420.0,375.0,300.0,child,9001,baf806c20548a4f4,9000,router_a,3,3,5,5,router_a,9000,baf806c20548a4f4,0.0,0.0,0.0,0.0,1,1,0.0,5.0,5.0,5.0,,,,,,,,,False,True,MutualInterference,minimal_end_device,med,disabled,True,packet_probe,post_switch_request,,,router_a,baf806c20548a4f4,"{""RxFailed"": ""0"", ""RxSuccess"": ""312"", ""TxFailed"": ""0"", ""TxSuccess"": ""240""}","{""Attach Attempts"": ""1"", ""Better Parent Attach Attempts"": ""0"", ""Better Partition Attach Attempts"": ""0"", ""Parent Changes"": ""1"", ""Partition Id Changes"": ""1"", ""Role Child"": ""2"", ""Role Detached"": ""2"", ""Role Disabled"": ""0"", ""Role Leader"": ""0"", ""Role Router"": ""0"", ""Time Child Milli"": ""238529"", ""Time Detached Milli"": ""1471"", ""Time Disabled Milli"": ""0"", ""Time Leader Milli"": ""0"", ""Time Router Milli"": ""0"", ""Time Tracked Milli"": ""240000""}",,,,,,,,
235,421.0,375.0,300.0,child,9001,baf806c20548a4f4,9000,router_a,3,3,6,5,router_a,9000,baf806c20548a4f4,0.0,0.0,0.0,0.0,1,1,0.0,8.0,8.0,8.0,,,,,,,,,False,True,MutualInterference,minimal_end_device,med,disabled,True,packet_probe,post_switch_request,,,router_a,baf806c20548a4f4,"{""RxFailed"": ""0"", ""RxSuccess"": ""313"", ""TxFailed"": ""0"", ""TxSuccess"": ""241""}","{""Attach Attempts"": ""1"", ""Better Parent Attach Attempts"": ""0"", ""Better Partition Attach Attempts"": ""0"", ""Parent Changes"": ""1"", ""Partition Id Changes"": ""1"", ""Role Child"": ""2"", ""Role Detached"": ""2"", ""Role Disabled"": ""0"", ""Role Leader"": ""0"", ""Role Router"": ""0"", ""Time Child Milli"": ""239529"", ""Time Detached Milli"": ""1471"", ""Time Disabled Milli"": ""0"", ""Time Leader Milli"": ""0"", ""Time Router Milli"": ""0"", ""Time Tracked Milli"": ""241000""}",,,,,,,,
236,422.0,375.0,300.0,child,9001,baf806c20548a4f4,9000,router_a,3,3,7,5,router_a,9000,baf806c20548a4f4,0.0,0.0,0.0,0.0,1,1,0.0,8.0,8.0,8.0,,,,,,,,,False,True,MutualInterference,minimal_end_device,med,disabled,True,packet_probe,post_switch_request,,,router_a,baf806c20548a4f4,"{""RxFailed"": ""0"", ""RxSuccess"": ""315"", ""TxFailed"": ""0"", ""TxSuccess"": ""243""}","{""Attach Attempts"": ""1"", ""Better Parent Attach Attempts"": ""0"", ""Better Partition Attach Attempts"": ""0"", ""Parent Changes"": ""1"", ""Partition Id Changes"": ""1"", ""Role Child"": ""2"", ""Role Detached"": ""2"", ""Role Disabled"": ""0"", ""Role Leader"": ""0"", ""Role Router"": ""0"", ""Time Child Milli"": ""240529"", ""Time Detached Milli"": ""1471"", ""Time Disabled Milli"": ""0"", ""Time Leader Milli"": ""0"", ""Time Router Milli"": ""0"", ""Time Tracked Milli"": ""242000""}",,,,,,,,
237,423.0,375.0,300.0,child,9001,baf806c20548a4f4,9000,router_a,3,3,8,5,router_a,9000,baf806c20548a4f4,0.0,0.0,0.0,0.0,1,1,0.0,6.0,6.0,6.0,,,,,,,,,False,True,MutualInterference,minimal_end_device,med,disabled,True,packet_probe,post_switch_request,,,router_a,baf806c20548a4f4,"{""RxFailed"": ""0"", ""RxSuccess"": ""318"", ""TxFailed"": ""0"", ""TxSuccess"": ""244""}","{""Attach Attempts"": ""1"", ""Better Parent Attach Attempts"": ""0"", ""Better Partition Attach Attempts"": ""0"", ""Parent Changes"": ""1"", ""Partition Id Changes"": ""1"", ""Role Child"": ""2"", ""Role Detached"": ""2"", ""Role Disabled"": ""0"", ""Role Leader"": ""0"", ""Role Router"": ""0"", ""Time Child Milli"": ""241529"", ""Time Detached Milli"": ""1471"", ""Time Disabled Milli"": ""0"", ""Time Leader Milli"": ""0"", ""Time Router Milli"": ""0"", ""Time Tracked Milli"": ""243000""}",,,,,,,,
238,424.0,375.0,300.0,child,9001,baf806c20548a4f4,9000,router_a,3,3,9,5,router_a,9000,baf806c20548a4f4,0.0,0.0,0.0,0.0,1,1,0.0,5.0,5.0,5.0,,,,,,,,,False,True,MutualInterference,minimal_end_device,med,disabled,True,packet_probe,post_switch_request,,,router_a,baf806c20548a4f4,"{""RxFailed"": ""0"", ""RxSuccess"": ""320"", ""TxFailed"": ""0"", ""TxSuccess"": ""245""}","{""Attach Attempts"": ""1"", ""Better Parent Attach Attempts"": ""0"", ""Better Partition Attach Attempts"": ""0"", ""Parent Changes"": ""1"", ""Partition Id Changes"": ""1"", ""Role Child"": ""2"", ""Role Detached"": ""2"", ""Role Disabled"": ""0"", ""Role Leader"": ""0"", ""Role Router"": ""0"", ""Time Child Milli"": ""242529"", ""Time Detached Milli"": ""1471"", ""Time Disabled Milli"": ""0"", ""Time Leader Milli"": ""0"", ""Time Router Milli"": ""0"", ""Time Tracked Milli"": ""244000""}",,,,,,,,
239,425.0,375.0,300.0,child,9001,baf806c20548a4f4,9000,router_a,3,3,10,5,router_a,9000,baf806c20548a4f4,0.0,0.0,0.0,0.0,1,1,0.0,6.0,6.0,6.0,,,,,,,,,False,True,MutualInterference,minimal_end_device,med,disabled,True,packet_probe,post_switch_request,,,router_a,baf806c20548a4f4,"{""RxFailed"": ""0"", ""RxSuccess"": ""321"", ""TxFailed"": ""0"", ""TxSuccess"": ""246""}","{""Attach Attempts"": ""1"", ""Better Parent Attach Attempts"": ""0"", ""Better Partition Attach Attempts"": ""0"", ""Parent Changes"": ""1"", ""Partition Id Changes"": ""1"", ""Role Child"": ""2"", ""Role Detached"": ""2"", ""Role Disabled"": ""0"", ""Role Leader"": ""0"", ""Role Router"": ""0"", ""Time Child Milli"": ""243529"", ""Time Detached Milli"": ""1471"", ""Time Disabled Milli"": ""0"", ""Time Leader Milli"": ""0"", ""Time Router Milli"": ""0"", ""Time Tracked Milli"": ""245000""}",,,,,,,,
240,426.0,375.0,300.0,child,9001,baf806c20548a4f4,9000,router_a,3,3,11,5,router_a,9000,baf806c20548a4f4,0.0,0.0,0.0,0.0,1,1,0.0,6.0,6.0,6.0,,,,,,,,,False,True,MutualInterference,minimal_end_device,med,disabled,True,packet_probe,post_switch_request,,,router_a,baf806c20548a4f4,"{""RxFailed"": ""0"", ""RxSuccess"": ""322"", ""TxFailed"": ""0"", ""TxSuccess"": ""247""}","{""Attach Attempts"": ""1"", ""Better Parent Attach Attempts"": ""0"", ""Better Partition Attach Attempts"": ""0"", ""Parent Changes"": ""1"", ""Partition Id Changes"": ""1"", ""Role Child"": ""2"", ""Role Detached"": ""2"", ""Role Disabled"": ""0"", ""Role Leader"": ""0"", ""Role Router"": ""0"", ""Time Child Milli"": ""244529"", ""Time Detached Milli"": ""1471"", ""Time Disabled Milli"": ""0"", ""Time Leader Milli"": ""0"", ""Time Router Milli"": ""0"", ""Time Tracked Milli"": ""246000""}",,,,,,,,
241,427.0,375.0,300.0,child,9001,baf806c20548a4f4,9000,router_a,3,3,12,5,router_a,9000,baf806c20548a4f4,0.0,0.0,0.0,0.0,1,1,0.0,6.0,6.0,6.0,,,,,,,,,False,True,MutualInterference,minimal_end_device,med,disabled,True,packet_probe,post_switch_request,,,router_a,baf806c20548a4f4,"{""RxFailed"": ""0"", ""RxSuccess"": ""323"", ""TxFailed"": ""0"", ""TxSuccess"": ""248""}","{""Attach Attempts"": ""1"", ""Better Parent Attach Attempts"": ""0"", ""Better Partition Attach Attempts"": ""0"", ""Parent Changes"": ""1"", ""Partition Id Changes"": ""1"", ""Role Child"": ""2"", ""Role Detached"": ""2"", ""Role Disabled"": ""0"", ""Role Leader"": ""0"", ""Role Router"": ""0"", ""Time Child Milli"": ""245529"", ""Time Detached Milli"": ""1471"", ""Time Disabled Milli"": ""0"", ""Time Leader Milli"": ""0"", ""Time Router Milli"": ""0"", ""Time Tracked Milli"": ""247000""}",,,,,,,,
242,428.0,375.0,300.0,child,9001,baf806c20548a4f4,9000,router_a,3,3,13,5,router_a,9000,baf806c20548a4f4,0.0,0.0,0.0,0.0,1,1,0.0,5.0,5.0,5.0,,,,,,,,,False,True,MutualInterference,minimal_end_device,med,disabled,True,packet_probe,post_switch_request,,,router_a,baf806c20548a4f4,"{""RxFailed"": ""0"", ""RxSuccess"": ""324"", ""TxFailed"": ""0"", ""TxSuccess"": ""249""}","{""Attach Attempts"": ""1"", ""Better Parent Attach Attempts"": ""0"", ""Better Partition Attach Attempts"": ""0"", ""Parent Changes"": ""1"", ""Partition Id Changes"": ""1"", ""Role Child"": ""2"", ""Role Detached"": ""2"", ""Role Disabled"": ""0"", ""Role Leader"": ""0"", ""Role Router"": ""0"", ""Time Child Milli"": ""246529"", ""Time Detached Milli"": ""1471"", ""Time Disabled Milli"": ""0"", ""Time Leader Milli"": ""0"", ""Time Router Milli"": ""0"", ""Time Tracked Milli"": ""248000""}",,,,,,,,
243,429.0,375.0,300.0,child,9001,baf806c20548a4f4,9000,router_a,3,3,0,5,router_a,9000,baf806c20548a4f4,0.0,0.0,0.0,0.0,1,1,0.0,8.0,8.0,8.0,,,,,,,,,False,True,MutualInterference,minimal_end_device,med,disabled,True,packet_probe,post_switch_request,,,router_a,baf806c20548a4f4,"{""RxFailed"": ""0"", ""RxSuccess"": ""327"", ""TxFailed"": ""0"", ""TxSuccess"": ""250""}","{""Attach Attempts"": ""1"", ""Better Parent Attach Attempts"": ""0"", ""Better Partition Attach Attempts"": ""0"", ""Parent Changes"": ""1"", ""Partition Id Changes"": ""1"", ""Role Child"": ""2"", ""Role Detached"": ""2"", ""Role Disabled"": ""0"", ""Role Leader"": ""0"", ""Role Router"": ""0"", ""Time Child Milli"": ""247529"", ""Time Detached Milli"": ""1471"", ""Time Disabled Milli"": ""0"", ""Time Leader Milli"": ""0"", ""Time Router Milli"": ""0"", ""Time Tracked Milli"": ""249000""}",,,,,,,,
244,430.0,375.0,300.0,child,9001,baf806c20548a4f4,9000,router_a,3,3,1,5,router_a,9000,baf806c20548a4f4,0.0,0.0,0.0,0.0,1,1,0.0,6.0,6.0,6.0,,,,,,,,,False,True,MutualInterference,minimal_end_device,med,disabled,True,packet_probe,post_switch_request,,,router_a,baf806c20548a4f4,"{""RxFailed"": ""0"", ""RxSuccess"": ""328"", ""TxFailed"": ""0"", ""TxSuccess"": ""251""}","{""Attach Attempts"": ""1"", ""Better Parent Attach Attempts"": ""0"", ""Better Partition Attach Attempts"": ""0"", ""Parent Changes"": ""1"", ""Partition Id Changes"": ""1"", ""Role Child"": ""2"", ""Role Detached"": ""2"", ""Role Disabled"": ""0"", ""Role Leader"": ""0"", ""Role Router"": ""0"", ""Time Child Milli"": ""248529"", ""Time Detached Milli"": ""1471"", ""Time Disabled Milli"": ""0"", ""Time Leader Milli"": ""0"", ""Time Router Milli"": ""0"", ""Time Tracked Milli"": ""250000""}",,,,,,,,
245,431.0,375.0,300.0,child,9001,baf806c20548a4f4,9000,router_a,3,3,2,5,router_a,9000,baf806c20548a4f4,0.0,0.0,0.0,0.0,1,1,0.0,7.0,7.0,7.0,,,,,,,,,False,True,MutualInterference,minimal_end_device,med,disabled,True,packet_probe,post_switch_request,,,router_a,baf806c20548a4f4,"{""RxFailed"": ""0"", ""RxSuccess"": ""329"", ""TxFailed"": ""0"", ""TxSuccess"": ""252""}","{""Attach Attempts"": ""1"", ""Better Parent Attach Attempts"": ""0"", ""Better Partition Attach Attempts"": ""0"", ""Parent Changes"": ""1"", ""Partition Id Changes"": ""1"", ""Role Child"": ""2"", ""Role Detached"": ""2"", ""Role Disabled"": ""0"", ""Role Leader"": ""0"", ""Role Router"": ""0"", ""Time Child Milli"": ""249529"", ""Time Detached Milli"": ""1471"", ""Time Disabled Milli"": ""0"", ""Time Leader Milli"": ""0"", ""Time Router Milli"": ""0"", ""Time Tracked Milli"": ""251000""}",,,,,,,,
246,432.0,375.0,300.0,child,9001,baf806c20548a4f4,9000,router_a,3,3,3,5,router_a,9000,baf806c20548a4f4,0.0,0.0,0.0,0.0,1,1,0.0,7.0,7.0,7.0,,,,,,,,,False,True,MutualInterference,minimal_end_device,med,disabled,True,packet_probe,post_switch_request,,,router_a,baf806c20548a4f4,"{""RxFailed"": ""0"", ""RxSuccess"": ""331"", ""TxFailed"": ""0"", ""TxSuccess"": ""253""}","{""Attach Attempts"": ""1"", ""Better Parent Attach Attempts"": ""0"", ""Better Partition Attach Attempts"": ""0"", ""Parent Changes"": ""1"", ""Partition Id Changes"": ""1"", ""Role Child"": ""2"", ""Role Detached"": ""2"", ""Role Disabled"": ""0"", ""Role Leader"": ""0"", ""Role Router"": ""0"", ""Time Child Milli"": ""250529"", ""Time Detached Milli"": ""1471"", ""Time Disabled Milli"": ""0"", ""Time Leader Milli"": ""0"", ""Time Router Milli"": ""0"", ""Time Tracked Milli"": ""252000""}",,,,,,,,
247,433.0,375.0,300.0,child,9001,baf806c20548a4f4,9000,router_a,3,3,4,5,router_a,9000,baf806c20548a4f4,0.0,0.0,0.0,0.0,1,1,0.0,7.0,7.0,7.0,,,,,,,,,False,True,MutualInterference,minimal_end_device,med,disabled,True,packet_probe,post_switch_request,,,router_a,baf806c20548a4f4,"{""RxFailed"": ""0"", ""RxSuccess"": ""332"", ""TxFailed"": ""0"", ""TxSuccess"": ""254""}","{""Attach Attempts"": ""1"", ""Better Parent Attach Attempts"": ""0"", ""Better Partition Attach Attempts"": ""0"", ""Parent Changes"": ""1"", ""Partition Id Changes"": ""1"", ""Role Child"": ""2"", ""Role Detached"": ""2"", ""Role Disabled"": ""0"", ""Role Leader"": ""0"", ""Role Router"": ""0"", ""Time Child Milli"": ""251529"", ""Time Detached Milli"": ""1471"", ""Time Disabled Milli"": ""0"", ""Time Leader Milli"": ""0"", ""Time Router Milli"": ""0"", ""Time Tracked Milli"": ""253000""}",,,,,,,,
248,434.0,375.0,300.0,child,9001,baf806c20548a4f4,9000,router_a,3,3,5,5,router_a,9000,baf806c20548a4f4,0.0,0.0,0.0,0.0,1,1,0.0,6.0,6.0,6.0,,,,,,,,,False,True,MutualInterference,minimal_end_device,med,disabled,True,packet_probe,post_switch_request,,,router_a,baf806c20548a4f4,"{""RxFailed"": ""0"", ""RxSuccess"": ""333"", ""TxFailed"": ""0"", ""TxSuccess"": ""255""}","{""Attach Attempts"": ""1"", ""Better Parent Attach Attempts"": ""0"", ""Better Partition Attach Attempts"": ""0"", ""Parent Changes"": ""1"", ""Partition Id Changes"": ""1"", ""Role Child"": ""2"", ""Role Detached"": ""2"", ""Role Disabled"": ""0"", ""Role Leader"": ""0"", ""Role Router"": ""0"", ""Time Child Milli"": ""252529"", ""Time Detached Milli"": ""1471"", ""Time Disabled Milli"": ""0"", ""Time Leader Milli"": ""0"", ""Time Router Milli"": ""0"", ""Time Tracked Milli"": ""254000""}",,,,,,,,
249,435.0,375.0,300.0,child,9001,baf806c20548a4f4,9000,router_a,3,3,6,5,router_a,9000,baf806c20548a4f4,0.0,0.0,0.0,0.0,1,1,0.0,5.0,5.0,5.0,,,,,,,,,False,True,MutualInterference,minimal_end_device,med,disabled,True,packet_probe,post_switch_request,,,router_a,baf806c20548a4f4,"{""RxFailed"": ""0"", ""RxSuccess"": ""334"", ""TxFailed"": ""0"", ""TxSuccess"": ""256""}","{""Attach Attempts"": ""1"", ""Better Parent Attach Attempts"": ""0"", ""Better Partition Attach Attempts"": ""0"", ""Parent Changes"": ""1"", ""Partition Id Changes"": ""1"", ""Role Child"": ""2"", ""Role Detached"": ""2"", ""Role Disabled"": ""0"", ""Role Leader"": ""0"", ""Role Router"": ""0"", ""Time Child Milli"": ""253529"", ""Time Detached Milli"": ""1471"", ""Time Disabled Milli"": ""0"", ""Time Leader Milli"": ""0"", ""Time Router Milli"": ""0"", ""Time Tracked Milli"": ""255000""}",,,,,,,,
250,436.0,375.0,300.0,child,9001,baf806c20548a4f4,9000,router_a,3,3,7,5,router_a,9000,baf806c20548a4f4,0.0,0.0,0.0,0.0,1,1,0.0,6.0,6.0,6.0,,,,,,,,,False,True,MutualInterference,minimal_end_device,med,disabled,True,packet_probe,post_switch_request,,,router_a,baf806c20548a4f4,"{""RxFailed"": ""0"", ""RxSuccess"": ""335"", ""TxFailed"": ""0"", ""TxSuccess"": ""257""}","{""Attach Attempts"": ""1"", ""Better Parent Attach Attempts"": ""0"", ""Better Partition Attach Attempts"": ""0"", ""Parent Changes"": ""1"", ""Partition Id Changes"": ""1"", ""Role Child"": ""2"", ""Role Detached"": ""2"", ""Role Disabled"": ""0"", ""Role Leader"": ""0"", ""Role Router"": ""0"", ""Time Child Milli"": ""254529"", ""Time Detached Milli"": ""1471"", ""Time Disabled Milli"": ""0"", ""Time Leader Milli"": ""0"", ""Time Router Milli"": ""0"", ""Time Tracked Milli"": ""256000""}",,,,,,,,
251,437.0,375.0,300.0,child,9001,baf806c20548a4f4,9000,router_a,3,3,8,5,router_a,9000,baf806c20548a4f4,0.0,0.0,0.0,0.0,1,1,0.0,6.0,6.0,6.0,,,,,,,,,False,True,MutualInterference,minimal_end_device,med,disabled,True,packet_probe,post_switch_request,,,router_a,baf806c20548a4f4,"{""RxFailed"": ""0"", ""RxSuccess"": ""336"", ""TxFailed"": ""0"", ""TxSuccess"": ""258""}","{""Attach Attempts"": ""1"", ""Better Parent Attach Attempts"": ""0"", ""Better Partition Attach Attempts"": ""0"", ""Parent Changes"": ""1"", ""Partition Id Changes"": ""1"", ""Role Child"": ""2"", ""Role Detached"": ""2"", ""Role Disabled"": ""0"", ""Role Leader"": ""0"", ""Role Router"": ""0"", ""Time Child Milli"": ""255529"", ""Time Detached Milli"": ""1471"", ""Time Disabled Milli"": ""0"", ""Time Leader Milli"": ""0"", ""Time Router Milli"": ""0"", ""Time Tracked Milli"": ""257000""}",,,,,,,,
252,438.0,375.0,300.0,child,9001,baf806c20548a4f4,9000,router_a,3,3,9,5,router_a,9000,baf806c20548a4f4,0.0,0.0,0.0,0.0,1,1,0.0,7.0,7.0,7.0,,,,,,,,,False,True,MutualInterference,minimal_end_device,med,disabled,True,packet_probe,post_switch_request,,,router_a,baf806c20548a4f4,"{""RxFailed"": ""0"", ""RxSuccess"": ""337"", ""TxFailed"": ""0"", ""TxSuccess"": ""259""}","{""Attach Attempts"": ""1"", ""Better Parent Attach Attempts"": ""0"", ""Better Partition Attach Attempts"": ""0"", ""Parent Changes"": ""1"", ""Partition Id Changes"": ""1"", ""Role Child"": ""2"", ""Role Detached"": ""2"", ""Role Disabled"": ""0"", ""Role Leader"": ""0"", ""Role Router"": ""0"", ""Time Child Milli"": ""256529"", ""Time Detached Milli"": ""1471"", ""Time Disabled Milli"": ""0"", ""Time Leader Milli"": ""0"", ""Time Router Milli"": ""0"", ""Time Tracked Milli"": ""258000""}",,,,,,,,
253,439.0,375.0,300.0,child,9001,baf806c20548a4f4,9000,router_a,3,3,0,5,router_a,9000,baf806c20548a4f4,0.0,0.0,0.0,0.0,1,1,0.0,7.0,7.0,7.0,,,,,,,,,False,True,MutualInterference,minimal_end_device,med,disabled,True,packet_probe,post_switch_request,,,router_a,baf806c20548a4f4,"{""RxFailed"": ""0"", ""RxSuccess"": ""339"", ""TxFailed"": ""0"", ""TxSuccess"": ""260""}","{""Attach Attempts"": ""1"", ""Better Parent Attach Attempts"": ""0"", ""Better Partition Attach Attempts"": ""0"", ""Parent Changes"": ""1"", ""Partition Id Changes"": ""1"", ""Role Child"": ""2"", ""Role Detached"": ""2"", ""Role Disabled"": ""0"", ""Role Leader"": ""0"", ""Role Router"": ""0"", ""Time Child Milli"": ""257529"", ""Time Detached Milli"": ""1471"", ""Time Disabled Milli"": ""0"", ""Time Leader Milli"": ""0"", ""Time Router Milli"": ""0"", ""Time Tracked Milli"": ""259000""}",,,,,,,,
254,440.0,375.0,300.0,child,9001,baf806c20548a4f4,9000,router_a,3,3,1,5,router_a,9000,baf806c20548a4f4,0.0,0.0,0.0,0.0,1,1,0.0,9.0,9.0,9.0,,,,,,,,,False,True,MutualInterference,minimal_end_device,med,disabled,True,packet_probe,post_switch_request,,,router_a,baf806c20548a4f4,"{""RxFailed"": ""0"", ""RxSuccess"": ""342"", ""TxFailed"": ""0"", ""TxSuccess"": ""261""}","{""Attach Attempts"": ""1"", ""Better Parent Attach Attempts"": ""0"", ""Better Partition Attach Attempts"": ""0"", ""Parent Changes"": ""1"", ""Partition Id Changes"": ""1"", ""Role Child"": ""2"", ""Role Detached"": ""2"", ""Role Disabled"": ""0"", ""Role Leader"": ""0"", ""Role Router"": ""0"", ""Time Child Milli"": ""258529"", ""Time Detached Milli"": ""1471"", ""Time Disabled Milli"": ""0"", ""Time Leader Milli"": ""0"", ""Time Router Milli"": ""0"", ""Time Tracked Milli"": ""260000""}",,,,,,,,
