sample_index,sim_time_s,mobile_x,mobile_y,mobile_state,mobile_rloc16,parent_extaddr,parent_rloc16,parent_node_guess,parent_link_quality_in,parent_link_quality_out,parent_age,parent_version,mobile_to_parent_target,mobile_to_parent_target_rloc16,mobile_to_parent_target_extaddr,mobile_tx_power_dbm,mobile_verified_tx_power_dbm,mobile_to_parent_target_tx_power_dbm,mobile_to_parent_target_verified_tx_power_dbm,mobile_to_parent_tx,mobile_to_parent_rx,mobile_to_parent_loss_pct,mobile_to_parent_rtt_min_ms,mobile_to_parent_rtt_avg_ms,mobile_to_parent_rtt_max_ms,mobile_to_parent_sim_rss_method,mobile_to_parent_sim_rss_match_status,mobile_to_parent_sim_rss_match_confidence,mobile_to_parent_request_rx_sim_rss_dbm,mobile_to_parent_request_rx_sim_lqi,mobile_to_parent_reply_rx_sim_rss_dbm,mobile_to_parent_reply_rx_sim_lqi,mobile_to_parent_sim_rss_event_time_s,parent_switch,connectivity_ok,selected_radio_model,device_profile,thread_device_type,parent_search_config,packet_probe_reliable,primary_parent_observation,scenario_phase,removed_parent_node,removed_parent_node_id,directed_target_node,directed_target_extaddr,ip_counters_json,mle_counters_json,router_a_scan_dbm,router_a_scan_lqi,router_b_scan_dbm,router_b_scan_lqi
0,186.0,1.0,0.0,child,4801,7e28de12a391d189,4800,,3,3,5,5,,4800,7e28de12a391d189,20.0,20.0,,,,,,,,,,,,,,,,,False,False,MutualInterference,minimal_end_device,med,disabled,True,packet_probe,post_parent_removal,router_a,1,,,"{""RxFailed"": ""0"", ""RxSuccess"": ""3"", ""TxFailed"": ""0"", ""TxSuccess"": ""2""}","{""Attach Attempts"": ""1"", ""Better Parent Attach Attempts"": ""0"", ""Better Partition Attach Attempts"": ""0"", ""Parent Changes"": ""0"", ""Partition Id Changes"": ""1"", ""Role Child"": ""1"", ""Role Detached"": ""1"", ""Role Disabled"": ""0"", ""Role Leader"": ""0"", ""Role Router"": ""0"", ""Time Child Milli"": ""5155"", ""Time Detached Milli"": ""845"", ""Time Disabled Milli"": ""0"", ""Time Leader Milli"": ""0"", ""Time Router Milli"": ""0"", ""Time Tracked Milli"": ""6000""}",,,,
1,187.0,1.0,0.0,child,4801,7e28de12a391d189,4800,,3,3,6,5,,4800,7e28de12a391d189,20.0,20.0,,,,,,,,,,,,,,,,,False,False,MutualInterference,minimal_end_device,med,disabled,True,packet_probe,post_parent_removal,router_a,1,,,"{""RxFailed"": ""0"", ""RxSuccess"": ""4"", ""TxFailed"": ""0"", ""TxSuccess"": ""2""}","{""Attach Attempts"": ""1"", ""Better Parent Attach Attempts"": ""0"", ""Better Partition Attach Attempts"": ""0"", ""Parent Changes"": ""0"", ""Partition Id Changes"": ""1"", ""Role Child"": ""1"", ""Role Detached"": ""1"", ""Role Disabled"": ""0"", ""Role Leader"": ""0"", ""Role Router"": ""0"", ""Time Child Milli"": ""6155"", ""Time Detached Milli"": ""845"", ""Time Disabled Milli"": ""0"", ""Time Leader Milli"": ""0"", ""Time Router Milli"": ""0"", ""Time Tracked Milli"": ""7000""}",,,,
2,188.0,1.0,0.0,child,4801,7e28de12a391d189,4800,,3,3,7,5,,4800,7e28de12a391d189,20.0,20.0,,,,,,,,,,,,,,,,,False,False,MutualInterference,minimal_end_device,med,disabled,True,packet_probe,post_parent_removal,router_a,1,,,"{""RxFailed"": ""0"", ""RxSuccess"": ""4"", ""TxFailed"": ""0"", ""TxSuccess"": ""2""}","{""Attach Attempts"": ""1"", ""Better Parent Attach Attempts"": ""0"", ""Better Partition Attach Attempts"": ""0"", ""Parent Changes"": ""0"", ""Partition Id Changes"": ""1"", ""Role Child"": ""1"", ""Role Detached"": ""1"", ""Role Disabled"": ""0"", ""Role Leader"": ""0"", ""Role Router"": ""0"", ""Time Child Milli"": ""7155"", ""Time Detached Milli"": ""845"", ""Time Disabled Milli"": ""0"", ""Time Leader Milli"": ""0"", ""Time Router Milli"": ""0"", ""Time Tracked Milli"": ""8000""}",,,,
3,189.0,1.0,0.0,child,4801,7e28de12a391d189,4800,,3,3,8,5,,4800,7e28de12a391d189,20.0,20.0,,,,,,,,,,,,,,,,,False,False,MutualInterference,minimal_end_device,med,disabled,True,packet_probe,post_parent_removal,router_a,1,,,"{""RxFailed"": ""0"", ""RxSuccess"": ""4"", ""TxFailed"": ""0"", ""TxSuccess"": ""2""}","{""Attach Attempts"": ""1"", ""Better Parent Attach Attempts"": ""0"", ""Better Partition Attach Attempts"": ""0"", ""Parent Changes"": ""0"", ""Partition Id Changes"": ""1"", ""Role Child"": ""1"", ""Role Detached"": ""1"", ""Role Disabled"": ""0"", ""Role Leader"": ""0"", ""Role Router"": ""0"", ""Time Child Milli"": ""8155"", ""Time Detached Milli"": ""845"", ""Time Disabled Milli"": ""0"", ""Time Leader Milli"": ""0"", ""Time Router Milli"": ""0"", ""Time Tracked Milli"": ""9000""}",,,,
4,190.0,1.0,0.0,child,4801,7e28de12a391d189,4800,,3,3,9,5,,4800,7e28de12a391d189,20.0,20.0,,,,,,,,,,,,,,,,,False,False,MutualInterference,minimal_end_device,med,disabled,True,packet_probe,post_parent_removal,router_a,1,,,"{""RxFailed"": ""0"", ""RxSuccess"": ""4"", ""TxFailed"": ""0"", ""TxSuccess"": ""2""}","{""Attach Attempts"": ""1"", ""Better Parent Attach Attempts"": ""0"", ""Better Partition Attach Attempts"": ""0"", ""Parent Changes"": ""0"", ""Partition Id Changes"": ""1"", ""Role Child"": ""1"", ""Role Detached"": ""1"", ""Role Disabled"": ""0"", ""Role Leader"": ""0"", ""Role Router"": ""0"", ""Time Child Milli"": ""9155"", ""Time Detached Milli"": ""845"", ""Time Disabled Milli"": ""0"", ""Time Leader Milli"": ""0"", ""Time Router Milli"": ""0"", ""Time Tracked Milli"": ""10000""}",,,,
5,191.0,1.0,0.0,child,4801,7e28de12a391d189,4800,,3,3,10,5,,4800,7e28de12a391d189,20.0,20.0,,,,,,,,,,,,,,,,,False,False,MutualInterference,minimal_end_device,med,disabled,True,packet_probe,post_parent_removal,router_a,1,,,"{""RxFailed"": ""0"", ""RxSuccess"": ""4"", ""TxFailed"": ""0"", ""TxSuccess"": ""2""}","{""Attach Attempts"": ""1"", ""Better Parent Attach Attempts"": ""0"", ""Better Partition Attach Attempts"": ""0"", ""Parent Changes"": ""0"", ""Partition Id Changes"": ""1"", ""Role Child"": ""1"", ""Role Detached"": ""1"", ""Role Disabled"": ""0"", ""Role Leader"": ""0"", ""Role Router"": ""0"", ""Time Child Milli"": ""10155"", ""Time Detached Milli"": ""845"", ""Time Disabled Milli"": ""0"", ""Time Leader Milli"": ""0"", ""Time Router Milli"": ""0"", ""Time Tracked Milli"": ""11000""}",,,,
6,192.0,1.0,0.0,child,4801,7e28de12a391d189,4800,,3,3,11,5,,4800,7e28de12a391d189,20.0,20.0,,,,,,,,,,,,,,,,,False,False,MutualInterference,minimal_end_device,med,disabled,True,packet_probe,post_parent_removal,router_a,1,,,"{""RxFailed"": ""0"", ""RxSuccess"": ""4"", ""TxFailed"": ""0"", ""TxSuccess"": ""2""}","{""Attach Attempts"": ""1"", ""Better Parent Attach Attempts"": ""0"", ""Better Partition Attach Attempts"": ""0"", ""Parent Changes"": ""0"", ""Partition Id Changes"": ""1"", ""Role Child"": ""1"", ""Role Detached"": ""1"", ""Role Disabled"": ""0"", ""Role Leader"": ""0"", ""Role Router"": ""0"", ""Time Child Milli"": ""11155"", ""Time Detached Milli"": ""845"", ""Time Disabled Milli"": ""0"", ""Time Leader Milli"": ""0"", ""Time Router Milli"": ""0"", ""Time Tracked Milli"": ""12000""}",,,,
7,193.0,1.0,0.0,child,4801,7e28de12a391d189,4800,,3,3,12,5,,4800,7e28de12a391d189,20.0,20.0,,,,,,,,,,,,,,,,,False,False,MutualInterference,minimal_end_device,med,disabled,True,packet_probe,post_parent_removal,router_a,1,,,"{""RxFailed"": ""0"", ""RxSuccess"": ""4"", ""TxFailed"": ""0"", ""TxSuccess"": ""2""}","{""Attach Attempts"": ""1"", ""Better Parent Attach Attempts"": ""0"", ""Better Partition Attach Attempts"": ""0"", ""Parent Changes"": ""0"", ""Partition Id Changes"": ""1"", ""Role Child"": ""1"", ""Role Detached"": ""1"", ""Role Disabled"": ""0"", ""Role Leader"": ""0"", ""Role Router"": ""0"", ""Time Child Milli"": ""12155"", ""Time Detached Milli"": ""845"", ""Time Disabled Milli"": ""0"", ""Time Leader Milli"": ""0"", ""Time Router Milli"": ""0"", ""Time Tracked Milli"": ""13000""}",,,,
8,194.0,1.0,0.0,child,4801,7e28de12a391d189,4800,,3,3,13,5,,4800,7e28de12a391d189,20.0,20.0,,,,,,,,,,,,,,,,,False,False,MutualInterference,minimal_end_device,med,disabled,True,packet_probe,post_parent_removal,router_a,1,,,"{""RxFailed"": ""0"", ""RxSuccess"": ""4"", ""TxFailed"": ""0"", ""TxSuccess"": ""2""}","{""Attach Attempts"": ""1"", ""Better Parent Attach Attempts"": ""0"", ""Better Partition Attach Attempts"": ""0"", ""Parent Changes"": ""0"", ""Partition Id Changes"": ""1"", ""Role Child"": ""1"", ""Role Detached"": ""1"", ""Role Disabled"": ""0"", ""Role Leader"": ""0"", ""Role Router"": ""0"", ""Time Child Milli"": ""13155"", ""Time Detached Milli"": ""845"", ""Time Disabled Milli"": ""0"", ""Time Leader Milli"": ""0"", ""Time Router Milli"": ""0"", ""Time Tracked Milli"": ""14000""}",,,,
9,195.0,1.0,0.0,child,4801,7e28de12a391d189,4800,,3,3,14,5,,4800,7e28de12a391d189,20.0,20.0,,,,,,,,,,,,,,,,,False,False,MutualInterference,minimal_end_device,med,disabled,True,packet_probe,post_parent_removal,router_a,1,,,"{""RxFailed"": ""0"", ""RxSuccess"": ""4"", ""TxFailed"": ""0"", ""TxSuccess"": ""2""}","{""Attach Attempts"": ""1"", ""Better Parent Attach Attempts"": ""0"", ""Better Partition Attach Attempts"": ""0"", ""Parent Changes"": ""0"", ""Partition Id Changes"": ""1"", ""Role Child"": ""1"", ""Role Detached"": ""1"", ""Role Disabled"": ""0"", ""Role Leader"": ""0"", ""Role Router"": ""0"", ""Time Child Milli"": ""14155"", ""Time Detached Milli"": ""845"", ""Time Disabled Milli"": ""0"", ""Time Leader Milli"": ""0"", ""Time Router Milli"": ""0"", ""Time Tracked Milli"": ""15000""}",,,,
10,196.0,1.0,0.0,child,4801,7e28de12a391d189,4800,,3,3,15,5,,4800,7e28de12a391d189,20.0,20.0,,,,,,,,,,,,,,,,,False,False,MutualInterference,minimal_end_device,med,disabled,True,packet_probe,post_parent_removal,router_a,1,,,"{""RxFailed"": ""0"", ""RxSuccess"": ""4"", ""TxFailed"": ""0"", ""TxSuccess"": ""2""}","{""Attach Attempts"": ""1"", ""Better Parent Attach Attempts"": ""0"", ""Better Partition Attach Attempts"": ""0"", ""Parent Changes"": ""0"", ""Partition Id Changes"": ""1"", ""Role Child"": ""1"", ""Role Detached"": ""1"", ""Role Disabled"": ""0"", ""Role Leader"": ""0"", ""Role Router"": ""0"", ""Time Child Milli"": ""15155"", ""Time Detached Milli"": ""845"", ""Time Disabled Milli"": ""0"", ""Time Leader Milli"": ""0"", ""Time Router Milli"": ""0"", ""Time Tracked Milli"": ""16000""}",,,,
11,197.0,1.0,0.0,child,4801,7e28de12a391d189,4800,,3,3,16,5,,4800,7e28de12a391d189,20.0,20.0,,,,,,,,,,,,,,,,,False,False,MutualInterference,minimal_end_device,med,disabled,True,packet_probe,post_parent_removal,router_a,1,,,"{""RxFailed"": ""0"", ""RxSuccess"": ""4"", ""TxFailed"": ""0"", ""TxSuccess"": ""2""}","{""Attach Attempts"": ""1"", ""Better Parent Attach Attempts"": ""0"", ""Better Partition Attach Attempts"": ""0"", ""Parent Changes"": ""0"", ""Partition Id Changes"": ""1"", ""Role Child"": ""1"", ""Role Detached"": ""1"", ""Role Disabled"": ""0"", ""Role Leader"": ""0"", ""Role Router"": ""0"", ""Time Child Milli"": ""16155"", ""Time Detached Milli"": ""845"", ""Time Disabled Milli"": ""0"", ""Time Leader Milli"": ""0"", ""Time Router Milli"": ""0"", ""Time Tracked Milli"": ""17000""}",,,,
12,198.0,1.0,0.0,child,4801,7e28de12a391d189,4800,,3,3,17,5,,4800,7e28de12a391d189,20.0,20.0,,,,,,,,,,,,,,,,,False,False,MutualInterference,minimal_end_device,med,disabled,True,packet_probe,post_parent_removal,router_a,1,,,"{""RxFailed"": ""0"", ""RxSuccess"": ""4"", ""TxFailed"": ""0"", ""TxSuccess"": ""2""}","{""Attach Attempts"": ""1"", ""Better Parent Attach Attempts"": ""0"", ""Better Partition Attach Attempts"": ""0"", ""Parent Changes"": ""0"", ""Partition Id Changes"": ""1"", ""Role Child"": ""1"", ""Role Detached"": ""1"", ""Role Disabled"": ""0"", ""Role Leader"": ""0"", ""Role Router"": ""0"", ""Time Child Milli"": ""17155"", ""Time Detached Milli"": ""845"", ""Time Disabled Milli"": ""0"", ""Time Leader Milli"": ""0"", ""Time Router Milli"": ""0"", ""Time Tracked Milli"": ""18000""}",,,,
13,199.0,1.0,0.0,child,4801,7e28de12a391d189,4800,,3,3,18,5,,4800,7e28de12a391d189,20.0,20.0,,,,,,,,,,,,,,,,,False,False,MutualInterference,minimal_end_device,med,disabled,True,packet_probe,post_parent_removal,router_a,1,,,"{""RxFailed"": ""0"", ""RxSuccess"": ""4"", ""TxFailed"": ""0"", ""TxSuccess"": ""2""}","{""Attach Attempts"": ""1"", ""Better Parent Attach Attempts"": ""0"", ""Better Partition Attach Attempts"": ""0"", ""Parent Changes"": ""0"", ""Partition Id Changes"": ""1"", ""Role Child"": ""1"", ""Role Detached"": ""1"", ""Role Disabled"": ""0"", ""Role Leader"": ""0"", ""Role Router"": ""0"", ""Time Child Milli"": ""18155"", ""Time Detached Milli"": ""845"", ""Time Disabled Milli"": ""0"", ""Time Leader Milli"": ""0"", ""Time Router Milli"": ""0"", ""Time Tracked Milli"": ""19000""}",,,,
14,200.0,1.0,0.0,child,4801,7e28de12a391d189,4800,,3,3,19,5,,4800,7e28de12a391d189,20.0,20.0,,,,,,,,,,,,,,,,,False,False,MutualInterference,minimal_end_device,med,disabled,True,packet_probe,post_parent_removal,router_a,1,,,"{""RxFailed"": ""0"", ""RxSuccess"": ""4"", ""TxFailed"": ""0"", ""TxSuccess"": ""2""}","{""Attach Attempts"": ""1"", ""Better Parent Attach Attempts"": ""0"", ""Better Partition Attach Attempts"": ""0"", ""Parent Changes"": ""0"", ""Partition Id Changes"": ""1"", ""Role Child"": ""1"", ""Role Detached"": ""1"", ""Role Disabled"": ""0"", ""Role Leader"": ""0"", ""Role Router"": ""0"", ""Time Child Milli"": ""19155"", ""Time Detached Milli"": ""845"", ""Time Disabled Milli"": ""0"", ""Time Leader Milli"": ""0"", ""Time Router Milli"": ""0"", ""Time Tracked Milli"": ""20000""}",,,,
15,201.0,1.0,0.0,child,4801,7e28de12a391d189,4800,,3,3,20,5,,4800,7e28de12a391d189,20.0,20.0,,,,,,,,,,,,,,,,,False,False,MutualInterference,minimal_end_device,med,disabled,True,packet_probe,post_parent_removal,router_a,1,,,"{""RxFailed"": ""0"", ""RxSuccess"": ""4"", ""TxFailed"": ""0"", ""TxSuccess"": ""2""}","{""Attach Attempts"": ""1"", ""Better Parent Attach Attempts"": ""0"", ""Better Partition Attach Attempts"": ""0"", ""Parent Changes"": ""0"", ""Partition Id Changes"": ""1"", ""Role Child"": ""1"", ""Role Detached"": ""1"", ""Role Disabled"": ""0"", ""Role Leader"": ""0"", ""Role Router"": ""0"", ""Time Child Milli"": ""20155"", ""Time Detached Milli"": ""845"", ""Time Disabled Milli"": ""0"", ""Time Leader Milli"": ""0"", ""Time Router Milli"": ""0"", ""Time Tracked Milli"": ""21000""}",,,,
16,202.0,1.0,0.0,child,4801,7e28de12a391d189,4800,,3,3,21,5,,4800,7e28de12a391d189,20.0,20.0,,,,,,,,,,,,,,,,,False,False,MutualInterference,minimal_end_device,med,disabled,True,packet_probe,post_parent_removal,router_a,1,,,"{""RxFailed"": ""0"", ""RxSuccess"": ""4"", ""TxFailed"": ""0"", ""TxSuccess"": ""2""}","{""Attach Attempts"": ""1"", ""Better Parent Attach Attempts"": ""0"", ""Better Partition Attach Attempts"": ""0"", ""Parent Changes"": ""0"", ""Partition Id Changes"": ""1"", ""Role Child"": ""1"", ""Role Detached"": ""1"", ""Role Disabled"": ""0"", ""Role Leader"": ""0"", ""Role Router"": ""0"", ""Time Child Milli"": ""21155"", ""Time Detached Milli"": ""845"", ""Time Disabled Milli"": ""0"", ""Time Leader Milli"": ""0"", ""Time Router Milli"": ""0"", ""Time Tracked Milli"": ""22000""}",,,,
17,203.0,1.0,0.0,child,4801,7e28de12a391d189,4800,,3,3,22,5,,4800,7e28de12a391d189,20.0,20.0,,,,,,,,,,,,,,,,,False,False,MutualInterference,minimal_end_device,med,disabled,True,packet_probe,post_parent_removal,router_a,1,,,"{""RxFailed"": ""0"", ""RxSuccess"": ""5"", ""TxFailed"": ""0"", ""TxSuccess"": ""2""}","{""Attach Attempts"": ""1"", ""Better Parent Attach Attempts"": ""0"", ""Better Partition Attach Attempts"": ""0"", ""Parent Changes"": ""0"", ""Partition Id Changes"": ""1"", ""Role Child"": ""1"", ""Role Detached"": ""1"", ""Role Disabled"": ""0"", ""Role Leader"": ""0"", ""Role Router"": ""0"", ""Time Child Milli"": ""22155"", ""Time Detached Milli"": ""845"", ""Time Disabled Milli"": ""0"", ""Time Leader Milli"": ""0"", ""Time Router Milli"": ""0"", ""Time Tracked Milli"": ""23000""}",,,,
18,204.0,1.0,0.0,child,4801,7e28de12a391d189,4800,,3,3,23,5,,4800,7e28de12a391d189,20.0,20.0,,,,,,,,,,,,,,,,,False,False,MutualInterference,minimal_end_device,med,disabled,True,packet_probe,post_parent_removal,router_a,1,,,"{""RxFailed"": ""0"", ""RxSuccess"": ""5"", ""TxFailed"": ""0"", ""TxSuccess"": ""2""}","{""Attach Attempts"": ""1"", ""Better Parent Attach Attempts"": ""0"", ""Better Partition Attach Attempts"": ""0"", ""Parent Changes"": ""0"", ""Partition Id Changes"": ""1"", ""Role Child"": ""1"", ""Role Detached"": ""1"", ""Role Disabled"": ""0"", ""Role Leader"": ""0"", ""Role Router"": ""0"", ""Time Child Milli"": ""23155"", ""Time Detached Milli"": ""845"", ""Time Disabled Milli"": ""0"", ""Time Leader Milli"": ""0"", ""Time Router Milli"": ""0"", ""Time Tracked Milli"": ""24000""}",,,,
19,205.0,1.0,0.0,child,4801,7e28de12a391d189,4800,,3,3,24,5,,4800,7e28de12a391d189,20.0,20.0,,,,,,,,,,,,,,,,,False,False,MutualInterference,minimal_end_device,med,disabled,True,packet_probe,post_parent_removal,router_a,1,,,"{""RxFailed"": ""0"", ""RxSuccess"": ""5"", ""TxFailed"": ""0"", ""TxSuccess"": ""2""}","{""Attach Attempts"": ""1"", ""Better Parent Attach Attempts"": ""0"", ""Better Partition Attach Attempts"": ""0"", ""Parent Changes"": ""0"", ""Partition Id Changes"": ""1"", ""Role Child"": ""1"", ""Role Detached"": ""1"", ""Role Disabled"": ""0"", ""Role Leader"": ""0"", ""Role Router"": ""0"", ""Time Child Milli"": ""24155"", ""Time Detached Milli"": ""845"", ""Time Disabled Milli"": ""0"", ""Time Leader Milli"": ""0"", ""Time Router Milli"": ""0"", ""Time Tracked Milli"": ""25000""}",,,,
20,206.0,1.0,0.0,child,4801,7e28de12a391d189,4800,,3,3,25,5,,4800,7e28de12a391d189,20.0,20.0,,,,,,,,,,,,,,,,,False,False,MutualInterference,minimal_end_device,med,disabled,True,packet_probe,post_parent_removal,router_a,1,,,"{""RxFailed"": ""0"", ""RxSuccess"": ""5"", ""TxFailed"": ""0"", ""TxSuccess"": ""2""}","{""Attach Attempts"": ""1"", ""Better Parent Attach Attempts"": ""0"", ""Better Partition Attach Attempts"": ""0"", ""Parent Changes"": ""0"", ""Partition Id Changes"": ""1"", ""Role Child"": ""1"", ""Role Detached"": ""1"", ""Role Disabled"": ""0"", ""Role Leader"": ""0"", ""Role Router"": ""0"", ""Time Child Milli"": ""25155"", ""Time Detached Milli"": ""845"", ""Time Disabled Milli"": ""0"", ""Time Leader Milli"": ""0"", ""Time Router Milli"": ""0"", ""Time Tracked Milli"": ""26000""}",,,,
21,207.0,1.0,0.0,child,4801,7e28de12a391d189,4800,,3,3,26,5,,4800,7e28de12a391d189,20.0,20.0,,,,,,,,,,,,,,,,,False,False,MutualInterference,minimal_end_device,med,disabled,True,packet_probe,post_parent_removal,router_a,1,,,"{""RxFailed"": ""0"", ""RxSuccess"": ""5"", ""TxFailed"": ""0"", ""TxSuccess"": ""2""}","{""Attach Attempts"": ""1"", ""Better Parent Attach Attempts"": ""0"", ""Better Partition Attach Attempts"": ""0"", ""Parent Changes"": ""0"", ""Partition Id Changes"": ""1"", ""Role Child"": ""1"", ""Role Detached"": ""1"", ""Role Disabled"": ""0"", ""Role Leader"": ""0"", ""Role Router"": ""0"", ""Time Child Milli"": ""26155"", ""Time Detached Milli"": ""845"", ""Time Disabled Milli"": ""0"", ""Time Leader Milli"": ""0"", ""Time Router Milli"": ""0"", ""Time Tracked Milli"": ""27000""}",,,,
22,208.0,1.0,0.0,child,4801,7e28de12a391d189,4800,,3,3,27,5,,4800,7e28de12a391d189,20.0,20.0,,,,,,,,,,,,,,,,,False,False,MutualInterference,minimal_end_device,med,disabled,True,packet_probe,post_parent_removal,router_a,1,,,"{""RxFailed"": ""0"", ""RxSuccess"": ""5"", ""TxFailed"": ""0"", ""TxSuccess"": ""2""}","{""Attach Attempts"": ""1"", ""Better Parent Attach Attempts"": ""0"", ""Better Partition Attach Attempts"": ""0"", ""Parent Changes"": ""0"", ""Partition Id Changes"": ""1"", ""Role Child"": ""1"", ""Role Detached"": ""1"", ""Role Disabled"": ""0"", ""Role Leader"": ""0"", ""Role Router"": ""0"", ""Time Child Milli"": ""27155"", ""Time Detached Milli"": ""845"", ""Time Disabled Milli"": ""0"", ""Time Leader Milli"": ""0"", ""Time Router Milli"": ""0"", ""Time Tracked Milli"": ""28000""}",,,,
23,209.0,1.0,0.0,child,4801,7e28de12a391d189,4800,,3,3,28,5,,4800,7e28de12a391d189,20.0,20.0,,,,,,,,,,,,,,,,,False,False,MutualInterference,minimal_end_device,med,disabled,True,packet_probe,post_parent_removal,router_a,1,,,"{""RxFailed"": ""0"", ""RxSuccess"": ""5"", ""TxFailed"": ""0"", ""TxSuccess"": ""2""}","{""Attach Attempts"": ""1"", ""Better Parent Attach Attempts"": ""0"", ""Better Partition Attach Attempts"": ""0"", ""Parent Changes"": ""0"", ""Partition Id Changes"": ""1"", ""Role Child"": ""1"", ""Role Detached"": ""1"", ""Role Disabled"": ""0"", ""Role Leader"": ""0"", ""Role Router"": ""0"", ""Time Child Milli"": ""28155"", ""Time Detached Milli"": ""845"", ""Time Disabled Milli"": ""0"", ""Time Leader Milli"": ""0"", ""Time Router Milli"": ""0"", ""Time Tracked Milli"": ""29000""}",,,,
24,210.0,1.0,0.0,child,4801,7e28de12a391d189,4800,,3,3,29,5,,4800,7e28de12a391d189,20.0,20.0,,,,,,,,,,,,,,,,,False,False,MutualInterference,minimal_end_device,med,disabled,True,packet_probe,post_parent_removal,router_a,1,,,"{""RxFailed"": ""0"", ""RxSuccess"": ""5"", ""TxFailed"": ""0"", ""TxSuccess"": ""2""}","{""Attach Attempts"": ""1"", ""Better Parent Attach Attempts"": ""0"", ""Better Partition Attach Attempts"": ""0"", ""Parent Changes"": ""0"", ""Partition Id Changes"": ""1"", ""Role Child"": ""1"", ""Role Detached"": ""1"", ""Role Disabled"": ""0"", ""Role Leader"": ""0"", ""Role Router"": ""0"", ""Time Child Milli"": ""29155"", ""Time Detached Milli"": ""845"", ""Time Disabled Milli"": ""0"", ""Time Leader Milli"": ""0"", ""Time Router Milli"": ""0"", ""Time Tracked Milli"": ""30000""}",,,,
25,211.0,1.0,0.0,child,4801,7e28de12a391d189,4800,,3,3,30,5,,4800,7e28de12a391d189,20.0,20.0,,,,,,,,,,,,,,,,,False,False,MutualInterference,minimal_end_device,med,disabled,True,packet_probe,post_parent_removal,router_a,1,,,"{""RxFailed"": ""0"", ""RxSuccess"": ""6"", ""TxFailed"": ""0"", ""TxSuccess"": ""2""}","{""Attach Attempts"": ""1"", ""Better Parent Attach Attempts"": ""0"", ""Better Partition Attach Attempts"": ""0"", ""Parent Changes"": ""0"", ""Partition Id Changes"": ""1"", ""Role Child"": ""1"", ""Role Detached"": ""1"", ""Role Disabled"": ""0"", ""Role Leader"": ""0"", ""Role Router"": ""0"", ""Time Child Milli"": ""30155"", ""Time Detached Milli"": ""845"", ""Time Disabled Milli"": ""0"", ""Time Leader Milli"": ""0"", ""Time Router Milli"": ""0"", ""Time Tracked Milli"": ""31000""}",,,,
26,212.0,1.0,0.0,child,4801,7e28de12a391d189,4800,,3,3,31,5,,4800,7e28de12a391d189,20.0,20.0,,,,,,,,,,,,,,,,,False,False,MutualInterference,minimal_end_device,med,disabled,True,packet_probe,post_parent_removal,router_a,1,,,"{""RxFailed"": ""0"", ""RxSuccess"": ""6"", ""TxFailed"": ""0"", ""TxSuccess"": ""2""}","{""Attach Attempts"": ""1"", ""Better Parent Attach Attempts"": ""0"", ""Better Partition Attach Attempts"": ""0"", ""Parent Changes"": ""0"", ""Partition Id Changes"": ""1"", ""Role Child"": ""1"", ""Role Detached"": ""1"", ""Role Disabled"": ""0"", ""Role Leader"": ""0"", ""Role Router"": ""0"", ""Time Child Milli"": ""31155"", ""Time Detached Milli"": ""845"", ""Time Disabled Milli"": ""0"", ""Time Leader Milli"": ""0"", ""Time Router Milli"": ""0"", ""Time Tracked Milli"": ""32000""}",,,,
27,213.0,1.0,0.0,child,4801,7e28de12a391d189,4800,,3,3,32,5,,4800,7e28de12a391d189,20.0,20.0,,,,,,,,,,,,,,,,,False,False,MutualInterference,minimal_end_device,med,disabled,True,packet_probe,post_parent_removal,router_a,1,,,"{""RxFailed"": ""0"", ""RxSuccess"": ""6"", ""TxFailed"": ""0"", ""TxSuccess"": ""2""}","{""Attach Attempts"": ""1"", ""Better Parent Attach Attempts"": ""0"", ""Better Partition Attach Attempts"": ""0"", ""Parent Changes"": ""0"", ""Partition Id Changes"": ""1"", ""Role Child"": ""1"", ""Role Detached"": ""1"", ""Role Disabled"": ""0"", ""Role Leader"": ""0"", ""Role Router"": ""0"", ""Time Child Milli"": ""32155"", ""Time Detached Milli"": ""845"", ""Time Disabled Milli"": ""0"", ""Time Leader Milli"": ""0"", ""Time Router Milli"": ""0"", ""Time Tracked Milli"": ""33000""}",,,,
28,214.0,1.0,0.0,child,4801,7e28de12a391d189,4800,,3,3,33,5,,4800,7e28de12a391d189,20.0,20.0,,,,,,,,,,,,,,,,,False,False,MutualInterference,minimal_end_device,med,disabled,True,packet_probe,post_parent_removal,router_a,1,,,"{""RxFailed"": ""0"", ""RxSuccess"": ""6"", ""TxFailed"": ""0"", ""TxSuccess"": ""2""}","{""Attach Attempts"": ""1"", ""Better Parent Attach Attempts"": ""0"", ""Better Partition Attach Attempts"": ""0"", ""Parent Changes"": ""0"", ""Partition Id Changes"": ""1"", ""Role Child"": ""1"", ""Role Detached"": ""1"", ""Role Disabled"": ""0"", ""Role Leader"": ""0"", ""Role Router"": ""0"", ""Time Child Milli"": ""33155"", ""Time Detached Milli"": ""845"", ""Time Disabled Milli"": ""0"", ""Time Leader Milli"": ""0"", ""Time Router Milli"": ""0"", ""Time Tracked Milli"": ""34000""}",,,,
29,215.0,1.0,0.0,child,4801,7e28de12a391d189,4800,,3,3,34,5,,4800,7e28de12a391d189,20.0,20.0,,,,,,,,,,,,,,,,,False,False,MutualInterference,minimal_end_device,med,disabled,True,packet_probe,post_parent_removal,router_a,1,,,"{""RxFailed"": ""0"", ""RxSuccess"": ""6"", ""TxFailed"": ""0"", ""TxSuccess"": ""2""}","{""Attach Attempts"": ""1"", ""Better Parent Attach Attempts"": ""0"", ""Better Partition Attach Attempts"": ""0"", ""Parent Changes"": ""0"", ""Partition Id Changes"": ""1"", ""Role Child"": ""1"", ""Role Detached"": ""1"", ""Role Disabled"": ""0"", ""Role Leader"": ""0"", ""Role Router"": ""0"", ""Time Child Milli"": ""34155"", ""Time Detached Milli"": ""845"", ""Time Disabled Milli"": ""0"", ""Time Leader Milli"": ""0"", ""Time Router Milli"": ""0"", ""Time Tracked Milli"": ""35000""}",,,,
30,216.0,1.0,0.0,child,4801,7e28de12a391d189,4800,,3,3,35,5,,4800,7e28de12a391d189,20.0,20.0,,,,,,,,,,,,,,,,,False,False,MutualInterference,minimal_end_device,med,disabled,True,packet_probe,post_parent_removal,router_a,1,,,"{""RxFailed"": ""0"", ""RxSuccess"": ""6"", ""TxFailed"": ""0"", ""TxSuccess"": ""2""}","{""Attach Attempts"": ""1"", ""Better Parent Attach Attempts"": ""0"", ""Better Partition Attach Attempts"": ""0"", ""Parent Changes"": ""0"", ""Partition Id Changes"": ""1"", ""Role Child"": ""1"", ""Role Detached"": ""1"", ""Role Disabled"": ""0"", ""Role Leader"": ""0"", ""Role Router"": ""0"", ""Time Child Milli"": ""35155"", ""Time Detached Milli"": ""845"", ""Time Disabled Milli"": ""0"", ""Time Leader Milli"": ""0"", ""Time Router Milli"": ""0"", ""Time Tracked Milli"": ""36000""}",,,,
31,217.0,1.0,0.0,child,4801,7e28de12a391d189,4800,,3,3,36,5,,4800,7e28de12a391d189,20.0,20.0,,,,,,,,,,,,,,,,,False,False,MutualInterference,minimal_end_device,med,disabled,True,packet_probe,post_parent_removal,router_a,1,,,"{""RxFailed"": ""0"", ""RxSuccess"": ""6"", ""TxFailed"": ""0"", ""TxSuccess"": ""2""}","{""Attach Attempts"": ""1"", ""Better Parent Attach Attempts"": ""0"", ""Better Partition Attach Attempts"": ""0"", ""Parent Changes"": ""0"", ""Partition Id Changes"": ""1"", ""Role Child"": ""1"", ""Role Detached"": ""1"", ""Role Disabled"": ""0"", ""Role Leader"": ""0"", ""Role Router"": ""0"", ""Time Child Milli"": ""36155"", ""Time Detached Milli"": ""845"", ""Time Disabled Milli"": ""0"", ""Time Leader Milli"": ""0"", ""Time Router Milli"": ""0"", ""Time Tracked Milli"": ""37000""}",,,,
32,218.0,1.0,0.0,child,4801,7e28de12a391d189,4800,,3,3,37,5,,4800,7e28de12a391d189,20.0,20.0,,,,,,,,,,,,,,,,,False,False,MutualInterference,minimal_end_device,med,disabled,True,packet_probe,post_parent_removal,router_a,1,,,"{""RxFailed"": ""0"", ""RxSuccess"": ""6"", ""TxFailed"": ""0"", ""TxSuccess"": ""2""}","{""Attach Attempts"": ""1"", ""Better Parent Attach Attempts"": ""0"", ""Better Partition Attach Attempts"": ""0"", ""Parent Changes"": ""0"", ""Partition Id Changes"": ""1"", ""Role Child"": ""1"", ""Role Detached"": ""1"", ""Role Disabled"": ""0"", ""Role Leader"": ""0"", ""Role Router"": ""0"", ""Time Child Milli"": ""37155"", ""Time Detached Milli"": ""845"", ""Time Disabled Milli"": ""0"", ""Time Leader Milli"": ""0"", ""Time Router Milli"": ""0"", ""Time Tracked Milli"": ""38000""}",,,,
33,219.0,1.0,0.0,child,4801,7e28de12a391d189,4800,,3,3,38,5,,4800,7e28de12a391d189,20.0,20.0,,,,,,,,,,,,,,,,,False,False,MutualInterference,minimal_end_device,med,disabled,True,packet_probe,post_parent_removal,router_a,1,,,"{""RxFailed"": ""0"", ""RxSuccess"": ""6"", ""TxFailed"": ""0"", ""TxSuccess"": ""2""}","{""Attach Attempts"": ""1"", ""Better Parent Attach Attempts"": ""0"", ""Better Partition Attach Attempts"": ""0"", ""Parent Changes"": ""0"", ""Partition Id Changes"": ""1"", ""Role Child"": ""1"", ""Role Detached"": ""1"", ""Role Disabled"": ""0"", ""Role Leader"": ""0"", ""Role Router"": ""0"", ""Time Child Milli"": ""38155"", ""Time Detached Milli"": ""845"", ""Time Disabled Milli"": ""0"", ""Time Leader Milli"": ""0"", ""Time Router Milli"": ""0"", ""Time Tracked Milli"": ""39000""}",,,,
34,220.0,1.0,0.0,child,4801,7e28de12a391d189,4800,,3,3,39,5,,4800,7e28de12a391d189,20.0,20.0,,,,,,,,,,,,,,,,,False,False,MutualInterference,minimal_end_device,med,disabled,True,packet_probe,post_parent_removal,router_a,1,,,"{""RxFailed"": ""0"", ""RxSuccess"": ""6"", ""TxFailed"": ""0"", ""TxSuccess"": ""2""}","{""Attach Attempts"": ""1"", ""Better Parent Attach Attempts"": ""0"", ""Better Partition Attach Attempts"": ""0"", ""Parent Changes"": ""0"", ""Partition Id Changes"": ""1"", ""Role Child"": ""1"", ""Role Detached"": ""1"", ""Role Disabled"": ""0"", ""Role Leader"": ""0"", ""Role Router"": ""0"", ""Time Child Milli"": ""39155"", ""Time Detached Milli"": ""845"", ""Time Disabled Milli"": ""0"", ""Time Leader Milli"": ""0"", ""Time Router Milli"": ""0"", ""Time Tracked Milli"": ""40000""}",,,,
35,221.0,1.0,0.0,child,4801,7e28de12a391d189,4800,,3,3,40,5,,4800,7e28de12a391d189,20.0,20.0,,,,,,,,,,,,,,,,,False,False,MutualInterference,minimal_end_device,med,disabled,True,packet_probe,post_parent_removal,router_a,1,,,"{""RxFailed"": ""0"", ""RxSuccess"": ""6"", ""TxFailed"": ""0"", ""TxSuccess"": ""2""}","{""Attach Attempts"": ""1"", ""Better Parent Attach Attempts"": ""0"", ""Better Partition Attach Attempts"": ""0"", ""Parent Changes"": ""0"", ""Partition Id Changes"": ""1"", ""Role Child"": ""1"", ""Role Detached"": ""1"", ""Role Disabled"": ""0"", ""Role Leader"": ""0"", ""Role Router"": ""0"", ""Time Child Milli"": ""40155"", ""Time Detached Milli"": ""845"", ""Time Disabled Milli"": ""0"", ""Time Leader Milli"": ""0"", ""Time Router Milli"": ""0"", ""Time Tracked Milli"": ""41000""}",,,,
36,222.0,1.0,0.0,child,4801,7e28de12a391d189,4800,,3,3,41,5,,4800,7e28de12a391d189,20.0,20.0,,,,,,,,,,,,,,,,,False,False,MutualInterference,minimal_end_device,med,disabled,True,packet_probe,post_parent_removal,router_a,1,,,"{""RxFailed"": ""0"", ""RxSuccess"": ""6"", ""TxFailed"": ""0"", ""TxSuccess"": ""2""}","{""Attach Attempts"": ""1"", ""Better Parent Attach Attempts"": ""0"", ""Better Partition Attach Attempts"": ""0"", ""Parent Changes"": ""0"", ""Partition Id Changes"": ""1"", ""Role Child"": ""1"", ""Role Detached"": ""1"", ""Role Disabled"": ""0"", ""Role Leader"": ""0"", ""Role Router"": ""0"", ""Time Child Milli"": ""41155"", ""Time Detached Milli"": ""845"", ""Time Disabled Milli"": ""0"", ""Time Leader Milli"": ""0"", ""Time Router Milli"": ""0"", ""Time Tracked Milli"": ""42000""}",,,,
37,223.0,1.0,0.0,child,4801,7e28de12a391d189,4800,,3,3,42,5,,4800,7e28de12a391d189,20.0,20.0,,,,,,,,,,,,,,,,,False,False,MutualInterference,minimal_end_device,med,disabled,True,packet_probe,post_parent_removal,router_a,1,,,"{""RxFailed"": ""0"", ""RxSuccess"": ""6"", ""TxFailed"": ""0"", ""TxSuccess"": ""2""}","{""Attach Attempts"": ""1"", ""Better Parent Attach Attempts"": ""0"", ""Better Partition Attach Attempts"": ""0"", ""Parent Changes"": ""0"", ""Partition Id Changes"": ""1"", ""Role Child"": ""1"", ""Role Detached"": ""1"", ""Role Disabled"": ""0"", ""Role Leader"": ""0"", ""Role Router"": ""0"", ""Time Child Milli"": ""42155"", ""Time Detached Milli"": ""845"", ""Time Disabled Milli"": ""0"", ""Time Leader Milli"": ""0"", ""Time Router Milli"": ""0"", ""Time Tracked Milli"": ""43000""}",,,,
38,224.0,1.0,0.0,child,4801,7e28de12a391d189,4800,,3,3,43,5,,4800,7e28de12a391d189,20.0,20.0,,,,,,,,,,,,,,,,,False,False,MutualInterference,minimal_end_device,med,disabled,True,packet_probe,post_parent_removal,router_a,1,,,"{""RxFailed"": ""0"", ""RxSuccess"": ""6"", ""TxFailed"": ""0"", ""TxSuccess"": ""2""}","{""Attach Attempts"": ""1"", ""Better Parent Attach Attempts"": ""0"", ""Better Partition Attach Attempts"": ""0"", ""Parent Changes"": ""0"", ""Partition Id Changes"": ""1"", ""Role Child"": ""1"", ""Role Detached"": ""1"", ""Role Disabled"": ""0"", ""Role Leader"": ""0"", ""Role Router"": ""0"", ""Time Child Milli"": ""43155"", ""Time Detached Milli"": ""845"", ""Time Disabled Milli"": ""0"", ""Time Leader Milli"": ""0"", ""Time Router Milli"": ""0"", ""Time Tracked Milli"": ""44000""}",,,,
39,225.0,1.0,0.0,child,4801,7e28de12a391d189,4800,,3,3,44,5,,4800,7e28de12a391d189,20.0,20.0,,,,,,,,,,,,,,,,,False,False,MutualInterference,minimal_end_device,med,disabled,True,packet_probe,post_parent_removal,router_a,1,,,"{""RxFailed"": ""0"", ""RxSuccess"": ""6"", ""TxFailed"": ""0"", ""TxSuccess"": ""2""}","{""Attach Attempts"": ""1"", ""Better Parent Attach Attempts"": ""0"", ""Better Partition Attach Attempts"": ""0"", ""Parent Changes"": ""0"", ""Partition Id Changes"": ""1"", ""Role Child"": ""1"", ""Role Detached"": ""1"", ""Role Disabled"": ""0"", ""Role Leader"": ""0"", ""Role Router"": ""0"", ""Time Child Milli"": ""44155"", ""Time Detached Milli"": ""845"", ""Time Disabled Milli"": ""0"", ""Time Leader Milli"": ""0"", ""Time Router Milli"": ""0"", ""Time Tracked Milli"": ""45000""}",,,,
40,226.0,1.0,0.0,child,4801,7e28de12a391d189,4800,,3,3,45,5,,4800,7e28de12a391d189,20.0,20.0,,,,,,,,,,,,,,,,,False,False,MutualInterference,minimal_end_device,med,disabled,True,packet_probe,post_parent_removal,router_a,1,,,"{""RxFailed"": ""0"", ""RxSuccess"": ""6"", ""TxFailed"": ""0"", ""TxSuccess"": ""2""}","{""Attach Attempts"": ""1"", ""Better Parent Attach Attempts"": ""0"", ""Better Partition Attach Attempts"": ""0"", ""Parent Changes"": ""0"", ""Partition Id Changes"": ""1"", ""Role Child"": ""1"", ""Role Detached"": ""1"", ""Role Disabled"": ""0"", ""Role Leader"": ""0"", ""Role Router"": ""0"", ""Time Child Milli"": ""45155"", ""Time Detached Milli"": ""845"", ""Time Disabled Milli"": ""0"", ""Time Leader Milli"": ""0"", ""Time Router Milli"": ""0"", ""Time Tracked Milli"": ""46000""}",,,,
41,227.0,1.0,0.0,child,4801,7e28de12a391d189,4800,,3,3,46,5,,4800,7e28de12a391d189,20.0,20.0,,,,,,,,,,,,,,,,,False,False,MutualInterference,minimal_end_device,med,disabled,True,packet_probe,post_parent_removal,router_a,1,,,"{""RxFailed"": ""0"", ""RxSuccess"": ""6"", ""TxFailed"": ""0"", ""TxSuccess"": ""2""}","{""Attach Attempts"": ""1"", ""Better Parent Attach Attempts"": ""0"", ""Better Partition Attach Attempts"": ""0"", ""Parent Changes"": ""0"", ""Partition Id Changes"": ""1"", ""Role Child"": ""1"", ""Role Detached"": ""1"", ""Role Disabled"": ""0"", ""Role Leader"": ""0"", ""Role Router"": ""0"", ""Time Child Milli"": ""46155"", ""Time Detached Milli"": ""845"", ""Time Disabled Milli"": ""0"", ""Time Leader Milli"": ""0"", ""Time Router Milli"": ""0"", ""Time Tracked Milli"": ""47000""}",,,,
42,228.0,1.0,0.0,child,4801,7e28de12a391d189,4800,,3,3,47,5,,4800,7e28de12a391d189,20.0,20.0,,,,,,,,,,,,,,,,,False,False,MutualInterference,minimal_end_device,med,disabled,True,packet_probe,post_parent_removal,router_a,1,,,"{""RxFailed"": ""0"", ""RxSuccess"": ""7"", ""TxFailed"": ""0"", ""TxSuccess"": ""2""}","{""Attach Attempts"": ""1"", ""Better Parent Attach Attempts"": ""0"", ""Better Partition Attach Attempts"": ""0"", ""Parent Changes"": ""0"", ""Partition Id Changes"": ""1"", ""Role Child"": ""1"", ""Role Detached"": ""1"", ""Role Disabled"": ""0"", ""Role Leader"": ""0"", ""Role Router"": ""0"", ""Time Child Milli"": ""47155"", ""Time Detached Milli"": ""845"", ""Time Disabled Milli"": ""0"", ""Time Leader Milli"": ""0"", ""Time Router Milli"": ""0"", ""Time Tracked Milli"": ""48000""}",,,,
43,229.0,1.0,0.0,child,4801,7e28de12a391d189,4800,,3,3,48,5,,4800,7e28de12a391d189,20.0,20.0,,,,,,,,,,,,,,,,,False,False,MutualInterference,minimal_end_device,med,disabled,True,packet_probe,post_parent_removal,router_a,1,,,"{""RxFailed"": ""0"", ""RxSuccess"": ""7"", ""TxFailed"": ""0"", ""TxSuccess"": ""2""}","{""Attach Attempts"": ""1"", ""Better Parent Attach Attempts"": ""0"", ""Better Partition Attach Attempts"": ""0"", ""Parent Changes"": ""0"", ""Partition Id Changes"": ""1"", ""Role Child"": ""1"", ""Role Detached"": ""1"", ""Role Disabled"": ""0"", ""Role Leader"": ""0"", ""Role Router"": ""0"", ""Time Child Milli"": ""48155"", ""Time Detached Milli"": ""845"", ""Time Disabled Milli"": ""0"", ""Time Leader Milli"": ""0"", ""Time Router Milli"": ""0"", ""Time Tracked Milli"": ""49000""}",,,,
44,230.0,1.0,0.0,child,4801,7e28de12a391d189,4800,,3,3,49,5,,4800,7e28de12a391d189,20.0,20.0,,,,,,,,,,,,,,,,,False,False,MutualInterference,minimal_end_device,med,disabled,True,packet_probe,post_parent_removal,router_a,1,,,"{""RxFailed"": ""0"", ""RxSuccess"": ""7"", ""TxFailed"": ""0"", ""TxSuccess"": ""2""}","{""Attach Attempts"": ""1"", ""Better Parent Attach Attempts"": ""0"", ""Better Partition Attach Attempts"": ""0"", ""Parent Changes"": ""0"", ""Partition Id Changes"": ""1"", ""Role Child"": ""1"", ""Role Detached"": ""1"", ""Role Disabled"": ""0"", ""Role Leader"": ""0"", ""Role Router"": ""0"", ""Time Child Milli"": ""49155"", ""Time Detached Milli"": ""845"", ""Time Disabled Milli"": ""0"", ""Time Leader Milli"": ""0"", ""Time Router Milli"": ""0"", ""Time Tracked Milli"": ""50000""}",,,,
45,231.0,1.0,0.0,child,4801,7e28de12a391d189,4800,,3,3,50,5,,4800,7e28de12a391d189,20.0,20.0,,,,,,,,,,,,,,,,,False,False,MutualInterference,minimal_end_device,med,disabled,True,packet_probe,post_parent_removal,router_a,1,,,"{""RxFailed"": ""0"", ""RxSuccess"": ""7"", ""TxFailed"": ""0"", ""TxSuccess"": ""2""}","{""Attach Attempts"": ""1"", ""Better Parent Attach Attempts"": ""0"", ""Better Partition Attach Attempts"": ""0"", ""Parent Changes"": ""0"", ""Partition Id Changes"": ""1"", ""Role Child"": ""1"", ""Role Detached"": ""1"", ""Role Disabled"": ""0"", ""Role Leader"": ""0"", ""Role Router"": ""0"", ""Time Child Milli"": ""50155"", ""Time Detached Milli"": ""845"", ""Time Disabled Milli"": ""0"", ""Time Leader Milli"": ""0"", ""Time Router Milli"": ""0"", ""Time Tracked Milli"": ""51000""}",,,,
46,232.0,1.0,0.0,child,4801,7e28de12a391d189,4800,,3,3,51,5,,4800,7e28de12a391d189,20.0,20.0,,,,,,,,,,,,,,,,,False,False,MutualInterference,minimal_end_device,med,disabled,True,packet_probe,post_parent_removal,router_a,1,,,"{""RxFailed"": ""0"", ""RxSuccess"": ""7"", ""TxFailed"": ""0"", ""TxSuccess"": ""2""}","{""Attach Attempts"": ""1"", ""Better Parent Attach Attempts"": ""0"", ""Better Partition Attach Attempts"": ""0"", ""Parent Changes"": ""0"", ""Partition Id Changes"": ""1"", ""Role Child"": ""1"", ""Role Detached"": ""1"", ""Role Disabled"": ""0"", ""Role Leader"": ""0"", ""Role Router"": ""0"", ""Time Child Milli"": ""51155"", ""Time Detached Milli"": ""845"", ""Time Disabled Milli"": ""0"", ""Time Leader Milli"": ""0"", ""Time Router Milli"": ""0"", ""Time Tracked Milli"": ""52000""}",,,,
47,233.0,1.0,0.0,child,4801,7e28de12a391d189,4800,,3,3,52,5,,4800,7e28de12a391d189,20.0,20.0,,,,,,,,,,,,,,,,,False,False,MutualInterference,minimal_end_device,med,disabled,True,packet_probe,post_parent_removal,router_a,1,,,"{""RxFailed"": ""0"", ""RxSuccess"": ""7"", ""TxFailed"": ""0"", ""TxSuccess"": ""2""}","{""Attach Attempts"": ""1"", ""Better Parent Attach Attempts"": ""0"", ""Better Partition Attach Attempts"": ""0"", ""Parent Changes"": ""0"", ""Partition Id Changes"": ""1"", ""Role Child"": ""1"", ""Role Detached"": ""1"", ""Role Disabled"": ""0"", ""Role Leader"": ""0"", ""Role Router"": ""0"", ""Time Child Milli"": ""52155"", ""Time Detached Milli"": ""845"", ""Time Disabled Milli"": ""0"", ""Time Leader Milli"": ""0"", ""Time Router Milli"": ""0"", ""Time Tracked Milli"": ""53000""}",,,,
48,234.0,1.0,0.0,child,4801,7e28de12a391d189,4800,,3,3,53,5,,4800,7e28de12a391d189,20.0,20.0,,,,,,,,,,,,,,,,,False,False,MutualInterference,minimal_end_device,med,disabled,True,packet_probe,post_parent_removal,router_a,1,,,"{""RxFailed"": ""0"", ""RxSuccess"": ""7"", ""TxFailed"": ""0"", ""TxSuccess"": ""2""}","{""Attach Attempts"": ""1"", ""Better Parent Attach Attempts"": ""0"", ""Better Partition Attach Attempts"": ""0"", ""Parent Changes"": ""0"", ""Partition Id Changes"": ""1"", ""Role Child"": ""1"", ""Role Detached"": ""1"", ""Role Disabled"": ""0"", ""Role Leader"": ""0"", ""Role Router"": ""0"", ""Time Child Milli"": ""53155"", ""Time Detached Milli"": ""845"", ""Time Disabled Milli"": ""0"", ""Time Leader Milli"": ""0"", ""Time Router Milli"": ""0"", ""Time Tracked Milli"": ""54000""}",,,,
49,235.0,1.0,0.0,child,4801,7e28de12a391d189,4800,,3,3,54,5,,4800,7e28de12a391d189,20.0,20.0,,,,,,,,,,,,,,,,,False,False,MutualInterference,minimal_end_device,med,disabled,True,packet_probe,post_parent_removal,router_a,1,,,"{""RxFailed"": ""0"", ""RxSuccess"": ""7"", ""TxFailed"": ""0"", ""TxSuccess"": ""2""}","{""Attach Attempts"": ""1"", ""Better Parent Attach Attempts"": ""0"", ""Better Partition Attach Attempts"": ""0"", ""Parent Changes"": ""0"", ""Partition Id Changes"": ""1"", ""Role Child"": ""1"", ""Role Detached"": ""1"", ""Role Disabled"": ""0"", ""Role Leader"": ""0"", ""Role Router"": ""0"", ""Time Child Milli"": ""54155"", ""Time Detached Milli"": ""845"", ""Time Disabled Milli"": ""0"", ""Time Leader Milli"": ""0"", ""Time Router Milli"": ""0"", ""Time Tracked Milli"": ""55000""}",,,,
50,236.0,1.0,0.0,child,4801,7e28de12a391d189,4800,,3,3,55,5,,4800,7e28de12a391d189,20.0,20.0,,,,,,,,,,,,,,,,,False,False,MutualInterference,minimal_end_device,med,disabled,True,packet_probe,post_parent_removal,router_a,1,,,"{""RxFailed"": ""0"", ""RxSuccess"": ""7"", ""TxFailed"": ""0"", ""TxSuccess"": ""2""}","{""Attach Attempts"": ""1"", ""Better Parent Attach Attempts"": ""0"", ""Better Partition Attach Attempts"": ""0"", ""Parent Changes"": ""0"", ""Partition Id Changes"": ""1"", ""Role Child"": ""1"", ""Role Detached"": ""1"", ""Role Disabled"": ""0"", ""Role Leader"": ""0"", ""Role Router"": ""0"", ""Time Child Milli"": ""55155"", ""Time Detached Milli"": ""845"", ""Time Disabled Milli"": ""0"", ""Time Leader Milli"": ""0"", ""Time Router Milli"": ""0"", ""Time Tracked Milli"": ""56000""}",,,,
51,237.0,1.0,0.0,child,4801,7e28de12a391d189,4800,,3,3,56,5,,4800,7e28de12a391d189,20.0,20.0,,,,,,,,,,,,,,,,,False,False,MutualInterference,minimal_end_device,med,disabled,True,packet_probe,post_parent_removal,router_a,1,,,"{""RxFailed"": ""0"", ""RxSuccess"": ""7"", ""TxFailed"": ""0"", ""TxSuccess"": ""2""}","{""Attach Attempts"": ""1"", ""Better Parent Attach Attempts"": ""0"", ""Better Partition Attach Attempts"": ""0"", ""Parent Changes"": ""0"", ""Partition Id Changes"": ""1"", ""Role Child"": ""1"", ""Role Detached"": ""1"", ""Role Disabled"": ""0"", ""Role Leader"": ""0"", ""Role Router"": ""0"", ""Time Child Milli"": ""56155"", ""Time Detached Milli"": ""845"", ""Time Disabled Milli"": ""0"", ""Time Leader Milli"": ""0"", ""Time Router Milli"": ""0"", ""Time Tracked Milli"": ""57000""}",,,,
52,238.0,1.0,0.0,child,4801,7e28de12a391d189,4800,,3,3,57,5,,4800,7e28de12a391d189,20.0,20.0,,,,,,,,,,,,,,,,,False,False,MutualInterference,minimal_end_device,med,disabled,True,packet_probe,post_parent_removal,router_a,1,,,"{""RxFailed"": ""0"", ""RxSuccess"": ""7"", ""TxFailed"": ""0"", ""TxSuccess"": ""2""}","{""Attach Attempts"": ""1"", ""Better Parent Attach Attempts"": ""0"", ""Better Partition Attach Attempts"": ""0"", ""Parent Changes"": ""0"", ""Partition Id Changes"": ""1"", ""Role Child"": ""1"", ""Role Detached"": ""1"", ""Role Disabled"": ""0"", ""Role Leader"": ""0"", ""Role Router"": ""0"", ""Time Child Milli"": ""57155"", ""Time Detached Milli"": ""845"", ""Time Disabled Milli"": ""0"", ""Time Leader Milli"": ""0"", ""Time Router Milli"": ""0"", ""Time Tracked Milli"": ""58000""}",,,,
53,239.0,1.0,0.0,child,4801,7e28de12a391d189,4800,,3,3,58,5,,4800,7e28de12a391d189,20.0,20.0,,,,,,,,,,,,,,,,,False,False,MutualInterference,minimal_end_device,med,disabled,True,packet_probe,post_parent_removal,router_a,1,,,"{""RxFailed"": ""0"", ""RxSuccess"": ""8"", ""TxFailed"": ""0"", ""TxSuccess"": ""2""}","{""Attach Attempts"": ""1"", ""Better Parent Attach Attempts"": ""0"", ""Better Partition Attach Attempts"": ""0"", ""Parent Changes"": ""0"", ""Partition Id Changes"": ""1"", ""Role Child"": ""1"", ""Role Detached"": ""1"", ""Role Disabled"": ""0"", ""Role Leader"": ""0"", ""Role Router"": ""0"", ""Time Child Milli"": ""58155"", ""Time Detached Milli"": ""845"", ""Time Disabled Milli"": ""0"", ""Time Leader Milli"": ""0"", ""Time Router Milli"": ""0"", ""Time Tracked Milli"": ""59000""}",,,,
54,240.0,1.0,0.0,child,4801,7e28de12a391d189,4800,,3,3,59,5,,4800,7e28de12a391d189,20.0,20.0,,,,,,,,,,,,,,,,,False,False,MutualInterference,minimal_end_device,med,disabled,True,packet_probe,post_parent_removal,router_a,1,,,"{""RxFailed"": ""0"", ""RxSuccess"": ""8"", ""TxFailed"": ""0"", ""TxSuccess"": ""2""}","{""Attach Attempts"": ""1"", ""Better Parent Attach Attempts"": ""0"", ""Better Partition Attach Attempts"": ""0"", ""Parent Changes"": ""0"", ""Partition Id Changes"": ""1"", ""Role Child"": ""1"", ""Role Detached"": ""1"", ""Role Disabled"": ""0"", ""Role Leader"": ""0"", ""Role Router"": ""0"", ""Time Child Milli"": ""59155"", ""Time Detached Milli"": ""845"", ""Time Disabled Milli"": ""0"", ""Time Leader Milli"": ""0"", ""Time Router Milli"": ""0"", ""Time Tracked Milli"": ""60000""}",,,,
55,241.0,1.0,0.0,child,4801,7e28de12a391d189,4800,,3,3,60,5,,4800,7e28de12a391d189,20.0,20.0,,,,,,,,,,,,,,,,,False,False,MutualInterference,minimal_end_device,med,disabled,True,packet_probe,post_parent_removal,router_a,1,,,"{""RxFailed"": ""0"", ""RxSuccess"": ""8"", ""TxFailed"": ""0"", ""TxSuccess"": ""2""}","{""Attach Attempts"": ""1"", ""Better Parent Attach Attempts"": ""0"", ""Better Partition Attach Attempts"": ""0"", ""Parent Changes"": ""0"", ""Partition Id Changes"": ""1"", ""Role Child"": ""1"", ""Role Detached"": ""1"", ""Role Disabled"": ""0"", ""Role Leader"": ""0"", ""Role Router"": ""0"", ""Time Child Milli"": ""60155"", ""Time Detached Milli"": ""845"", ""Time Disabled Milli"": ""0"", ""Time Leader Milli"": ""0"", ""Time Router Milli"": ""0"", ""Time Tracked Milli"": ""61000""}",,,,
56,242.0,1.0,0.0,child,4801,7e28de12a391d189,4800,,3,3,61,5,,4800,7e28de12a391d189,20.0,20.0,,,,,,,,,,,,,,,,,False,False,MutualInterference,minimal_end_device,med,disabled,True,packet_probe,post_parent_removal,router_a,1,,,"{""RxFailed"": ""0"", ""RxSuccess"": ""8"", ""TxFailed"": ""0"", ""TxSuccess"": ""2""}","{""Attach Attempts"": ""1"", ""Better Parent Attach Attempts"": ""0"", ""Better Partition Attach Attempts"": ""0"", ""Parent Changes"": ""0"", ""Partition Id Changes"": ""1"", ""Role Child"": ""1"", ""Role Detached"": ""1"", ""Role Disabled"": ""0"", ""Role Leader"": ""0"", ""Role Router"": ""0"", ""Time Child Milli"": ""61155"", ""Time Detached Milli"": ""845"", ""Time Disabled Milli"": ""0"", ""Time Leader Milli"": ""0"", ""Time Router Milli"": ""0"", ""Time Tracked Milli"": ""62000""}",,,,
57,243.0,1.0,0.0,child,4801,7e28de12a391d189,4800,,3,3,62,5,,4800,7e28de12a391d189,20.0,20.0,,,,,,,,,,,,,,,,,False,False,MutualInterference,minimal_end_device,med,disabled,True,packet_probe,post_parent_removal,router_a,1,,,"{""RxFailed"": ""0"", ""RxSuccess"": ""8"", ""TxFailed"": ""0"", ""TxSuccess"": ""2""}","{""Attach Attempts"": ""1"", ""Better Parent Attach Attempts"": ""0"", ""Better Partition Attach Attempts"": ""0"", ""Parent Changes"": ""0"", ""Partition Id Changes"": ""1"", ""Role Child"": ""1"", ""Role Detached"": ""1"", ""Role Disabled"": ""0"", ""Role Leader"": ""0"", ""Role Router"": ""0"", ""Time Child Milli"": ""62155"", ""Time Detached Milli"": ""845"", ""Time Disabled Milli"": ""0"", ""Time Leader Milli"": ""0"", ""Time Router Milli"": ""0"", ""Time Tracked Milli"": ""63000""}",,,,
58,244.0,1.0,0.0,child,4801,7e28de12a391d189,4800,,3,3,63,5,,4800,7e28de12a391d189,20.0,20.0,,,,,,,,,,,,,,,,,False,False,MutualInterference,minimal_end_device,med,disabled,True,packet_probe,post_parent_removal,router_a,1,,,"{""RxFailed"": ""0"", ""RxSuccess"": ""8"", ""TxFailed"": ""0"", ""TxSuccess"": ""2""}","{""Attach Attempts"": ""1"", ""Better Parent Attach Attempts"": ""0"", ""Better Partition Attach Attempts"": ""0"", ""Parent Changes"": ""0"", ""Partition Id Changes"": ""1"", ""Role Child"": ""1"", ""Role Detached"": ""1"", ""Role Disabled"": ""0"", ""Role Leader"": ""0"", ""Role Router"": ""0"", ""Time Child Milli"": ""63155"", ""Time Detached Milli"": ""845"", ""Time Disabled Milli"": ""0"", ""Time Leader Milli"": ""0"", ""Time Router Milli"": ""0"", ""Time Tracked Milli"": ""64000""}",,,,
59,245.0,1.0,0.0,child,4801,7e28de12a391d189,4800,,3,3,64,5,,4800,7e28de12a391d189,20.0,20.0,,,,,,,,,,,,,,,,,False,False,MutualInterference,minimal_end_device,med,disabled,True,packet_probe,post_parent_removal,router_a,1,,,"{""RxFailed"": ""0"", ""RxSuccess"": ""8"", ""TxFailed"": ""0"", ""TxSuccess"": ""2""}","{""Attach Attempts"": ""1"", ""Better Parent Attach Attempts"": ""0"", ""Better Partition Attach Attempts"": ""0"", ""Parent Changes"": ""0"", ""Partition Id Changes"": ""1"", ""Role Child"": ""1"", ""Role Detached"": ""1"", ""Role Disabled"": ""0"", ""Role Leader"": ""0"", ""Role Router"": ""0"", ""Time Child Milli"": ""64155"", ""Time Detached Milli"": ""845"", ""Time Disabled Milli"": ""0"", ""Time Leader Milli"": ""0"", ""Time Router Milli"": ""0"", ""Time Tracked Milli"": ""65000""}",,,,
60,246.0,1.0,0.0,child,4801,7e28de12a391d189,4800,,3,3,65,5,,4800,7e28de12a391d189,20.0,20.0,,,,,,,,,,,,,,,,,False,False,MutualInterference,minimal_end_device,med,disabled,True,packet_probe,post_parent_removal,router_a,1,,,"{""RxFailed"": ""0"", ""RxSuccess"": ""8"", ""TxFailed"": ""0"", ""TxSuccess"": ""2""}","{""Attach Attempts"": ""1"", ""Better Parent Attach Attempts"": ""0"", ""Better Partition Attach Attempts"": ""0"", ""Parent Changes"": ""0"", ""Partition Id Changes"": ""1"", ""Role Child"": ""1"", ""Role Detached"": ""1"", ""Role Disabled"": ""0"", ""Role Leader"": ""0"", ""Role Router"": ""0"", ""Time Child Milli"": ""65155"", ""Time Detached Milli"": ""845"", ""Time Disabled Milli"": ""0"", ""Time Leader Milli"": ""0"", ""Time Router Milli"": ""0"", ""Time Tracked Milli"": ""66000""}",,,,
61,247.0,1.0,0.0,child,4801,7e28de12a391d189,4800,,3,3,66,5,,4800,7e28de12a391d189,20.0,20.0,,,,,,,,,,,,,,,,,False,False,MutualInterference,minimal_end_device,med,disabled,True,packet_probe,post_parent_removal,router_a,1,,,"{""RxFailed"": ""0"", ""RxSuccess"": ""8"", ""TxFailed"": ""0"", ""TxSuccess"": ""2""}","{""Attach Attempts"": ""1"", ""Better Parent Attach Attempts"": ""0"", ""Better Partition Attach Attempts"": ""0"", ""Parent Changes"": ""0"", ""Partition Id Changes"": ""1"", ""Role Child"": ""1"", ""Role Detached"": ""1"", ""Role Disabled"": ""0"", ""Role Leader"": ""0"", ""Role Router"": ""0"", ""Time Child Milli"": ""66155"", ""Time Detached Milli"": ""845"", ""Time Disabled Milli"": ""0"", ""Time Leader Milli"": ""0"", ""Time Router Milli"": ""0"", ""Time Tracked Milli"": ""67000""}",,,,
62,248.0,1.0,0.0,child,4801,7e28de12a391d189,4800,,3,3,67,5,,4800,7e28de12a391d189,20.0,20.0,,,,,,,,,,,,,,,,,False,False,MutualInterference,minimal_end_device,med,disabled,True,packet_probe,post_parent_removal,router_a,1,,,"{""RxFailed"": ""0"", ""RxSuccess"": ""8"", ""TxFailed"": ""0"", ""TxSuccess"": ""2""}","{""Attach Attempts"": ""1"", ""Better Parent Attach Attempts"": ""0"", ""Better Partition Attach Attempts"": ""0"", ""Parent Changes"": ""0"", ""Partition Id Changes"": ""1"", ""Role Child"": ""1"", ""Role Detached"": ""1"", ""Role Disabled"": ""0"", ""Role Leader"": ""0"", ""Role Router"": ""0"", ""Time Child Milli"": ""67155"", ""Time Detached Milli"": ""845"", ""Time Disabled Milli"": ""0"", ""Time Leader Milli"": ""0"", ""Time Router Milli"": ""0"", ""Time Tracked Milli"": ""68000""}",,,,
63,249.0,1.0,0.0,child,4801,7e28de12a391d189,4800,,3,3,68,5,,4800,7e28de12a391d189,20.0,20.0,,,,,,,,,,,,,,,,,False,False,MutualInterference,minimal_end_device,med,disabled,True,packet_probe,post_parent_removal,router_a,1,,,"{""RxFailed"": ""0"", ""RxSuccess"": ""8"", ""TxFailed"": ""0"", ""TxSuccess"": ""2""}","{""Attach Attempts"": ""1"", ""Better Parent Attach Attempts"": ""0"", ""Better Partition Attach Attempts"": ""0"", ""Parent Changes"": ""0"", ""Partition Id Changes"": ""1"", ""Role Child"": ""1"", ""Role Detached"": ""1"", ""Role Disabled"": ""0"", ""Role Leader"": ""0"", ""Role Router"": ""0"", ""Time Child Milli"": ""68155"", ""Time Detached Milli"": ""845"", ""Time Disabled Milli"": ""0"", ""Time Leader Milli"": ""0"", ""Time Router Milli"": ""0"", ""Time Tracked Milli"": ""69000""}",,,,
64,250.0,1.0,0.0,child,4801,7e28de12a391d189,4800,,3,3,69,5,,4800,7e28de12a391d189,20.0,20.0,,,,,,,,,,,,,,,,,False,False,MutualInterference,minimal_end_device,med,disabled,True,packet_probe,post_parent_removal,router_a,1,,,"{""RxFailed"": ""0"", ""RxSuccess"": ""8"", ""TxFailed"": ""0"", ""TxSuccess"": ""2""}","{""Attach Attempts"": ""1"", ""Better Parent Attach Attempts"": ""0"", ""Better Partition Attach Attempts"": ""0"", ""Parent Changes"": ""0"", ""Partition Id Changes"": ""1"", ""Role Child"": ""1"", ""Role Detached"": ""1"", ""Role Disabled"": ""0"", ""Role Leader"": ""0"", ""Role Router"": ""0"", ""Time Child Milli"": ""69155"", ""Time Detached Milli"": ""845"", ""Time Disabled Milli"": ""0"", ""Time Leader Milli"": ""0"", ""Time Router Milli"": ""0"", ""Time Tracked Milli"": ""70000""}",,,,
65,251.0,1.0,0.0,child,4801,7e28de12a391d189,4800,,3,3,70,5,,4800,7e28de12a391d189,20.0,20.0,,,,,,,,,,,,,,,,,False,False,MutualInterference,minimal_end_device,med,disabled,True,packet_probe,post_parent_removal,router_a,1,,,"{""RxFailed"": ""0"", ""RxSuccess"": ""8"", ""TxFailed"": ""0"", ""TxSuccess"": ""2""}","{""Attach Attempts"": ""1"", ""Better Parent Attach Attempts"": ""0"", ""Better Partition Attach Attempts"": ""0"", ""Parent Changes"": ""0"", ""Partition Id Changes"": ""1"", ""Role Child"": ""1"", ""Role Detached"": ""1"", ""Role Disabled"": ""0"", ""Role Leader"": ""0"", ""Role Router"": ""0"", ""Time Child Milli"": ""70155"", ""Time Detached Milli"": ""845"", ""Time Disabled Milli"": ""0"", ""Time Leader Milli"": ""0"", ""Time Router Milli"": ""0"", ""Time Tracked Milli"": ""71000""}",,,,
66,252.0,1.0,0.0,child,4801,7e28de12a391d189,4800,,3,3,71,5,,4800,7e28de12a391d189,20.0,20.0,,,,,,,,,,,,,,,,,False,False,MutualInterference,minimal_end_device,med,disabled,True,packet_probe,post_parent_removal,router_a,1,,,"{""RxFailed"": ""0"", ""RxSuccess"": ""9"", ""TxFailed"": ""0"", ""TxSuccess"": ""2""}","{""Attach Attempts"": ""1"", ""Better Parent Attach Attempts"": ""0"", ""Better Partition Attach Attempts"": ""0"", ""Parent Changes"": ""0"", ""Partition Id Changes"": ""1"", ""Role Child"": ""1"", ""Role Detached"": ""1"", ""Role Disabled"": ""0"", ""Role Leader"": ""0"", ""Role Router"": ""0"", ""Time Child Milli"": ""71155"", ""Time Detached Milli"": ""845"", ""Time Disabled Milli"": ""0"", ""Time Leader Milli"": ""0"", ""Time Router Milli"": ""0"", ""Time Tracked Milli"": ""72000""}",,,,
67,253.0,1.0,0.0,child,4801,7e28de12a391d189,4800,,3,3,72,5,,4800,7e28de12a391d189,20.0,20.0,,,,,,,,,,,,,,,,,False,False,MutualInterference,minimal_end_device,med,disabled,True,packet_probe,post_parent_removal,router_a,1,,,"{""RxFailed"": ""0"", ""RxSuccess"": ""9"", ""TxFailed"": ""0"", ""TxSuccess"": ""2""}","{""Attach Attempts"": ""1"", ""Better Parent Attach Attempts"": ""0"", ""Better Partition Attach Attempts"": ""0"", ""Parent Changes"": ""0"", ""Partition Id Changes"": ""1"", ""Role Child"": ""1"", ""Role Detached"": ""1"", ""Role Disabled"": ""0"", ""Role Leader"": ""0"", ""Role Router"": ""0"", ""Time Child Milli"": ""72155"", ""Time Detached Milli"": ""845"", ""Time Disabled Milli"": ""0"", ""Time Leader Milli"": ""0"", ""Time Router Milli"": ""0"", ""Time Tracked Milli"": ""73000""}",,,,
68,254.0,1.0,0.0,child,4801,7e28de12a391d189,4800,,3,3,73,5,,4800,7e28de12a391d189,20.0,20.0,,,,,,,,,,,,,,,,,False,False,MutualInterference,minimal_end_device,med,disabled,True,packet_probe,post_parent_removal,router_a,1,,,"{""RxFailed"": ""0"", ""RxSuccess"": ""9"", ""TxFailed"": ""0"", ""TxSuccess"": ""2""}","{""Attach Attempts"": ""1"", ""Better Parent Attach Attempts"": ""0"", ""Better Partition Attach Attempts"": ""0"", ""Parent Changes"": ""0"", ""Partition Id Changes"": ""1"", ""Role Child"": ""1"", ""Role Detached"": ""1"", ""Role Disabled"": ""0"", ""Role Leader"": ""0"", ""Role Router"": ""0"", ""Time Child Milli"": ""73155"", ""Time Detached Milli"": ""845"", ""Time Disabled Milli"": ""0"", ""Time Leader Milli"": ""0"", ""Time Router Milli"": ""0"", ""Time Tracked Milli"": ""74000""}",,,,
69,255.0,1.0,0.0,child,4801,7e28de12a391d189,4800,,3,3,74,5,,4800,7e28de12a391d189,20.0,20.0,,,,,,,,,,,,,,,,,False,False,MutualInterference,minimal_end_device,med,disabled,True,packet_probe,post_parent_removal,router_a,1,,,"{""RxFailed"": ""0"", ""RxSuccess"": ""9"", ""TxFailed"": ""0"", ""TxSuccess"": ""2""}","{""Attach Attempts"": ""1"", ""Better Parent Attach Attempts"": ""0"", ""Better Partition Attach Attempts"": ""0"", ""Parent Changes"": ""0"", ""Partition Id Changes"": ""1"", ""Role Child"": ""1"", ""Role Detached"": ""1"", ""Role Disabled"": ""0"", ""Role Leader"": ""0"", ""Role Router"": ""0"", ""Time Child Milli"": ""74155"", ""Time Detached Milli"": ""845"", ""Time Disabled Milli"": ""0"", ""Time Leader Milli"": ""0"", ""Time Router Milli"": ""0"", ""Time Tracked Milli"": ""75000""}",,,,
70,256.0,1.0,0.0,child,4801,7e28de12a391d189,4800,,3,3,75,5,,4800,7e28de12a391d189,20.0,20.0,,,,,,,,,,,,,,,,,False,False,MutualInterference,minimal_end_device,med,disabled,True,packet_probe,post_parent_removal,router_a,1,,,"{""RxFailed"": ""0"", ""RxSuccess"": ""9"", ""TxFailed"": ""0"", ""TxSuccess"": ""2""}","{""Attach Attempts"": ""1"", ""Better Parent Attach Attempts"": ""0"", ""Better Partition Attach Attempts"": ""0"", ""Parent Changes"": ""0"", ""Partition Id Changes"": ""1"", ""Role Child"": ""1"", ""Role Detached"": ""1"", ""Role Disabled"": ""0"", ""Role Leader"": ""0"", ""Role Router"": ""0"", ""Time Child Milli"": ""75155"", ""Time Detached Milli"": ""845"", ""Time Disabled Milli"": ""0"", ""Time Leader Milli"": ""0"", ""Time Router Milli"": ""0"", ""Time Tracked Milli"": ""76000""}",,,,
71,257.0,1.0,0.0,child,4801,7e28de12a391d189,4800,,3,3,76,5,,4800,7e28de12a391d189,20.0,20.0,,,,,,,,,,,,,,,,,False,False,MutualInterference,minimal_end_device,med,disabled,True,packet_probe,post_parent_removal,router_a,1,,,"{""RxFailed"": ""0"", ""RxSuccess"": ""9"", ""TxFailed"": ""0"", ""TxSuccess"": ""2""}","{""Attach Attempts"": ""1"", ""Better Parent Attach Attempts"": ""0"", ""Better Partition Attach Attempts"": ""0"", ""Parent Changes"": ""0"", ""Partition Id Changes"": ""1"", ""Role Child"": ""1"", ""Role Detached"": ""1"", ""Role Disabled"": ""0"", ""Role Leader"": ""0"", ""Role Router"": ""0"", ""Time Child Milli"": ""76155"", ""Time Detached Milli"": ""845"", ""Time Disabled Milli"": ""0"", ""Time Leader Milli"": ""0"", ""Time Router Milli"": ""0"", ""Time Tracked Milli"": ""77000""}",,,,
72,258.0,1.0,0.0,child,4801,7e28de12a391d189,4800,,3,3,77,5,,4800,7e28de12a391d189,20.0,20.0,,,,,,,,,,,,,,,,,False,False,MutualInterference,minimal_end_device,med,disabled,True,packet_probe,post_parent_removal,router_a,1,,,"{""RxFailed"": ""0"", ""RxSuccess"": ""9"", ""TxFailed"": ""0"", ""TxSuccess"": ""2""}","{""Attach Attempts"": ""1"", ""Better Parent Attach Attempts"": ""0"", ""Better Partition Attach Attempts"": ""0"", ""Parent Changes"": ""0"", ""Partition Id Changes"": ""1"", ""Role Child"": ""1"", ""Role Detached"": ""1"", ""Role Disabled"": ""0"", ""Role Leader"": ""0"", ""Role Router"": ""0"", ""Time Child Milli"": ""77155"", ""Time Detached Milli"": ""845"", ""Time Disabled Milli"": ""0"", ""Time Leader Milli"": ""0"", ""Time Router Milli"": ""0"", ""Time Tracked Milli"": ""78000""}",,,,
73,259.0,1.0,0.0,child,4801,7e28de12a391d189,4800,,3,3,78,5,,4800,7e28de12a391d189,20.0,20.0,,,,,,,,,,,,,,,,,False,False,MutualInterference,minimal_end_device,med,disabled,True,packet_probe,post_parent_removal,router_a,1,,,"{""RxFailed"": ""0"", ""RxSuccess"": ""9"", ""TxFailed"": ""0"", ""TxSuccess"": ""2""}","{""Attach Attempts"": ""1"", ""Better Parent Attach Attempts"": ""0"", ""Better Partition Attach Attempts"": ""0"", ""Parent Changes"": ""0"", ""Partition Id Changes"": ""1"", ""Role Child"": ""1"", ""Role Detached"": ""1"", ""Role Disabled"": ""0"", ""Role Leader"": ""0"", ""Role Router"": ""0"", ""Time Child Milli"": ""78155"", ""Time Detached Milli"": ""845"", ""Time Disabled Milli"": ""0"", ""Time Leader Milli"": ""0"", ""Time Router Milli"": ""0"", ""Time Tracked Milli"": ""79000""}",,,,
74,260.0,1.0,0.0,child,4801,7e28de12a391d189,4800,,3,3,79,5,,4800,7e28de12a391d189,20.0,20.0,,,,,,,,,,,,,,,,,False,False,MutualInterference,minimal_end_device,med,disabled,True,packet_probe,post_parent_removal,router_a,1,,,"{""RxFailed"": ""0"", ""RxSuccess"": ""9"", ""TxFailed"": ""0"", ""TxSuccess"": ""2""}","{""Attach Attempts"": ""1"", ""Better Parent Attach Attempts"": ""0"", ""Better Partition Attach Attempts"": ""0"", ""Parent Changes"": ""0"", ""Partition Id Changes"": ""1"", ""Role Child"": ""1"", ""Role Detached"": ""1"", ""Role Disabled"": ""0"", ""Role Leader"": ""0"", ""Role Router"": ""0"", ""Time Child Milli"": ""79155"", ""Time Detached Milli"": ""845"", ""Time Disabled Milli"": ""0"", ""Time Leader Milli"": ""0"", ""Time Router Milli"": ""0"", ""Time Tracked Milli"": ""80000""}",,,,
75,261.0,1.0,0.0,child,4801,7e28de12a391d189,4800,,3,3,80,5,,4800,7e28de12a391d189,20.0,20.0,,,,,,,,,,,,,,,,,False,False,MutualInterference,minimal_end_device,med,disabled,True,packet_probe,post_parent_removal,router_a,1,,,"{""RxFailed"": ""0"", ""RxSuccess"": ""10"", ""TxFailed"": ""0"", ""TxSuccess"": ""2""}","{""Attach Attempts"": ""1"", ""Better Parent Attach Attempts"": ""0"", ""Better Partition Attach Attempts"": ""0"", ""Parent Changes"": ""0"", ""Partition Id Changes"": ""1"", ""Role Child"": ""1"", ""Role Detached"": ""1"", ""Role Disabled"": ""0"", ""Role Leader"": ""0"", ""Role Router"": ""0"", ""Time Child Milli"": ""80155"", ""Time Detached Milli"": ""845"", ""Time Disabled Milli"": ""0"", ""Time Leader Milli"": ""0"", ""Time Router Milli"": ""0"", ""Time Tracked Milli"": ""81000""}",,,,
76,262.0,1.0,0.0,child,4801,7e28de12a391d189,4800,,3,3,81,5,,4800,7e28de12a391d189,20.0,20.0,,,,,,,,,,,,,,,,,False,False,MutualInterference,minimal_end_device,med,disabled,True,packet_probe,post_parent_removal,router_a,1,,,"{""RxFailed"": ""0"", ""RxSuccess"": ""10"", ""TxFailed"": ""0"", ""TxSuccess"": ""2""}","{""Attach Attempts"": ""1"", ""Better Parent Attach Attempts"": ""0"", ""Better Partition Attach Attempts"": ""0"", ""Parent Changes"": ""0"", ""Partition Id Changes"": ""1"", ""Role Child"": ""1"", ""Role Detached"": ""1"", ""Role Disabled"": ""0"", ""Role Leader"": ""0"", ""Role Router"": ""0"", ""Time Child Milli"": ""81155"", ""Time Detached Milli"": ""845"", ""Time Disabled Milli"": ""0"", ""Time Leader Milli"": ""0"", ""Time Router Milli"": ""0"", ""Time Tracked Milli"": ""82000""}",,,,
77,263.0,1.0,0.0,child,4801,7e28de12a391d189,4800,,3,3,82,5,,4800,7e28de12a391d189,20.0,20.0,,,,,,,,,,,,,,,,,False,False,MutualInterference,minimal_end_device,med,disabled,True,packet_probe,post_parent_removal,router_a,1,,,"{""RxFailed"": ""0"", ""RxSuccess"": ""10"", ""TxFailed"": ""0"", ""TxSuccess"": ""2""}","{""Attach Attempts"": ""1"", ""Better Parent Attach Attempts"": ""0"", ""Better Partition Attach Attempts"": ""0"", ""Parent Changes"": ""0"", ""Partition Id Changes"": ""1"", ""Role Child"": ""1"", ""Role Detached"": ""1"", ""Role Disabled"": ""0"", ""Role Leader"": ""0"", ""Role Router"": ""0"", ""Time Child Milli"": ""82155"", ""Time Detached Milli"": ""845"", ""Time Disabled Milli"": ""0"", ""Time Leader Milli"": ""0"", ""Time Router Milli"": ""0"", ""Time Tracked Milli"": ""83000""}",,,,
78,264.0,1.0,0.0,child,4801,7e28de12a391d189,4800,,3,3,83,5,,4800,7e28de12a391d189,20.0,20.0,,,,,,,,,,,,,,,,,False,False,MutualInterference,minimal_end_device,med,disabled,True,packet_probe,post_parent_removal,router_a,1,,,"{""RxFailed"": ""0"", ""RxSuccess"": ""10"", ""TxFailed"": ""0"", ""TxSuccess"": ""2""}","{""Attach Attempts"": ""1"", ""Better Parent Attach Attempts"": ""0"", ""Better Partition Attach Attempts"": ""0"", ""Parent Changes"": ""0"", ""Partition Id Changes"": ""1"", ""Role Child"": ""1"", ""Role Detached"": ""1"", ""Role Disabled"": ""0"", ""Role Leader"": ""0"", ""Role Router"": ""0"", ""Time Child Milli"": ""83155"", ""Time Detached Milli"": ""845"", ""Time Disabled Milli"": ""0"", ""Time Leader Milli"": ""0"", ""Time Router Milli"": ""0"", ""Time Tracked Milli"": ""84000""}",,,,
79,265.0,1.0,0.0,child,4801,7e28de12a391d189,4800,,3,3,84,5,,4800,7e28de12a391d189,20.0,20.0,,,,,,,,,,,,,,,,,False,False,MutualInterference,minimal_end_device,med,disabled,True,packet_probe,post_parent_removal,router_a,1,,,"{""RxFailed"": ""0"", ""RxSuccess"": ""10"", ""TxFailed"": ""0"", ""TxSuccess"": ""2""}","{""Attach Attempts"": ""1"", ""Better Parent Attach Attempts"": ""0"", ""Better Partition Attach Attempts"": ""0"", ""Parent Changes"": ""0"", ""Partition Id Changes"": ""1"", ""Role Child"": ""1"", ""Role Detached"": ""1"", ""Role Disabled"": ""0"", ""Role Leader"": ""0"", ""Role Router"": ""0"", ""Time Child Milli"": ""84155"", ""Time Detached Milli"": ""845"", ""Time Disabled Milli"": ""0"", ""Time Leader Milli"": ""0"", ""Time Router Milli"": ""0"", ""Time Tracked Milli"": ""85000""}",,,,
80,266.0,1.0,0.0,child,4801,7e28de12a391d189,4800,,3,3,85,5,,4800,7e28de12a391d189,20.0,20.0,,,,,,,,,,,,,,,,,False,False,MutualInterference,minimal_end_device,med,disabled,True,packet_probe,post_parent_removal,router_a,1,,,"{""RxFailed"": ""0"", ""RxSuccess"": ""10"", ""TxFailed"": ""0"", ""TxSuccess"": ""2""}","{""Attach Attempts"": ""1"", ""Better Parent Attach Attempts"": ""0"", ""Better Partition Attach Attempts"": ""0"", ""Parent Changes"": ""0"", ""Partition Id Changes"": ""1"", ""Role Child"": ""1"", ""Role Detached"": ""1"", ""Role Disabled"": ""0"", ""Role Leader"": ""0"", ""Role Router"": ""0"", ""Time Child Milli"": ""85155"", ""Time Detached Milli"": ""845"", ""Time Disabled Milli"": ""0"", ""Time Leader Milli"": ""0"", ""Time Router Milli"": ""0"", ""Time Tracked Milli"": ""86000""}",,,,
81,267.0,1.0,0.0,child,4801,7e28de12a391d189,4800,,3,3,86,5,,4800,7e28de12a391d189,20.0,20.0,,,,,,,,,,,,,,,,,False,False,MutualInterference,minimal_end_device,med,disabled,True,packet_probe,post_parent_removal,router_a,1,,,"{""RxFailed"": ""0"", ""RxSuccess"": ""10"", ""TxFailed"": ""0"", ""TxSuccess"": ""2""}","{""Attach Attempts"": ""1"", ""Better Parent Attach Attempts"": ""0"", ""Better Partition Attach Attempts"": ""0"", ""Parent Changes"": ""0"", ""Partition Id Changes"": ""1"", ""Role Child"": ""1"", ""Role Detached"": ""1"", ""Role Disabled"": ""0"", ""Role Leader"": ""0"", ""Role Router"": ""0"", ""Time Child Milli"": ""86155"", ""Time Detached Milli"": ""845"", ""Time Disabled Milli"": ""0"", ""Time Leader Milli"": ""0"", ""Time Router Milli"": ""0"", ""Time Tracked Milli"": ""87000""}",,,,
82,268.0,1.0,0.0,child,4801,7e28de12a391d189,4800,,3,3,87,5,,4800,7e28de12a391d189,20.0,20.0,,,,,,,,,,,,,,,,,False,False,MutualInterference,minimal_end_device,med,disabled,True,packet_probe,post_parent_removal,router_a,1,,,"{""RxFailed"": ""0"", ""RxSuccess"": ""10"", ""TxFailed"": ""0"", ""TxSuccess"": ""2""}","{""Attach Attempts"": ""1"", ""Better Parent Attach Attempts"": ""0"", ""Better Partition Attach Attempts"": ""0"", ""Parent Changes"": ""0"", ""Partition Id Changes"": ""1"", ""Role Child"": ""1"", ""Role Detached"": ""1"", ""Role Disabled"": ""0"", ""Role Leader"": ""0"", ""Role Router"": ""0"", ""Time Child Milli"": ""87155"", ""Time Detached Milli"": ""845"", ""Time Disabled Milli"": ""0"", ""Time Leader Milli"": ""0"", ""Time Router Milli"": ""0"", ""Time Tracked Milli"": ""88000""}",,,,
83,269.0,1.0,0.0,child,4801,7e28de12a391d189,4800,,3,3,88,5,,4800,7e28de12a391d189,20.0,20.0,,,,,,,,,,,,,,,,,False,False,MutualInterference,minimal_end_device,med,disabled,True,packet_probe,post_parent_removal,router_a,1,,,"{""RxFailed"": ""0"", ""RxSuccess"": ""10"", ""TxFailed"": ""0"", ""TxSuccess"": ""2""}","{""Attach Attempts"": ""1"", ""Better Parent Attach Attempts"": ""0"", ""Better Partition Attach Attempts"": ""0"", ""Parent Changes"": ""0"", ""Partition Id Changes"": ""1"", ""Role Child"": ""1"", ""Role Detached"": ""1"", ""Role Disabled"": ""0"", ""Role Leader"": ""0"", ""Role Router"": ""0"", ""Time Child Milli"": ""88155"", ""Time Detached Milli"": ""845"", ""Time Disabled Milli"": ""0"", ""Time Leader Milli"": ""0"", ""Time Router Milli"": ""0"", ""Time Tracked Milli"": ""89000""}",,,,
84,270.0,1.0,0.0,child,4801,7e28de12a391d189,4800,,3,3,89,5,,4800,7e28de12a391d189,20.0,20.0,,,,,,,,,,,,,,,,,False,False,MutualInterference,minimal_end_device,med,disabled,True,packet_probe,post_parent_removal,router_a,1,,,"{""RxFailed"": ""0"", ""RxSuccess"": ""10"", ""TxFailed"": ""0"", ""TxSuccess"": ""2""}","{""Attach Attempts"": ""1"", ""Better Parent Attach Attempts"": ""0"", ""Better Partition Attach Attempts"": ""0"", ""Parent Changes"": ""0"", ""Partition Id Changes"": ""1"", ""Role Child"": ""1"", ""Role Detached"": ""1"", ""Role Disabled"": ""0"", ""Role Leader"": ""0"", ""Role Router"": ""0"", ""Time Child Milli"": ""89155"", ""Time Detached Milli"": ""845"", ""Time Disabled Milli"": ""0"", ""Time Leader Milli"": ""0"", ""Time Router Milli"": ""0"", ""Time Tracked Milli"": ""90000""}",,,,
85,271.0,1.0,0.0,child,4801,7e28de12a391d189,4800,,3,3,90,5,,4800,7e28de12a391d189,20.0,20.0,,,,,,,,,,,,,,,,,False,False,MutualInterference,minimal_end_device,med,disabled,True,packet_probe,post_parent_removal,router_a,1,,,"{""RxFailed"": ""0"", ""RxSuccess"": ""11"", ""TxFailed"": ""0"", ""TxSuccess"": ""2""}","{""Attach Attempts"": ""1"", ""Better Parent Attach Attempts"": ""0"", ""Better Partition Attach Attempts"": ""0"", ""Parent Changes"": ""0"", ""Partition Id Changes"": ""1"", ""Role Child"": ""1"", ""Role Detached"": ""1"", ""Role Disabled"": ""0"", ""Role Leader"": ""0"", ""Role Router"": ""0"", ""Time Child Milli"": ""90155"", ""Time Detached Milli"": ""845"", ""Time Disabled Milli"": ""0"", ""Time Leader Milli"": ""0"", ""Time Router Milli"": ""0"", ""Time Tracked Milli"": ""91000""}",,,,
86,272.0,1.0,0.0,child,4801,7e28de12a391d189,4800,,3,3,91,5,,4800,7e28de12a391d189,20.0,20.0,,,,,,,,,,,,,,,,,False,False,MutualInterference,minimal_end_device,med,disabled,True,packet_probe,post_parent_removal,router_a,1,,,"{""RxFailed"": ""0"", ""RxSuccess"": ""11"", ""TxFailed"": ""0"", ""TxSuccess"": ""2""}","{""Attach Attempts"": ""1"", ""Better Parent Attach Attempts"": ""0"", ""Better Partition Attach Attempts"": ""0"", ""Parent Changes"": ""0"", ""Partition Id Changes"": ""1"", ""Role Child"": ""1"", ""Role Detached"": ""1"", ""Role Disabled"": ""0"", ""Role Leader"": ""0"", ""Role Router"": ""0"", ""Time Child Milli"": ""91155"", ""Time Detached Milli"": ""845"", ""Time Disabled Milli"": ""0"", ""Time Leader Milli"": ""0"", ""Time Router Milli"": ""0"", ""Time Tracked Milli"": ""92000""}",,,,
87,273.0,1.0,0.0,child,4801,7e28de12a391d189,4800,,3,3,92,5,,4800,7e28de12a391d189,20.0,20.0,,,,,,,,,,,,,,,,,False,False,MutualInterference,minimal_end_device,med,disabled,True,packet_probe,post_parent_removal,router_a,1,,,"{""RxFailed"": ""0"", ""RxSuccess"": ""11"", ""TxFailed"": ""0"", ""TxSuccess"": ""2""}","{""Attach Attempts"": ""1"", ""Better Parent Attach Attempts"": ""0"", ""Better Partition Attach Attempts"": ""0"", ""Parent Changes"": ""0"", ""Partition Id Changes"": ""1"", ""Role Child"": ""1"", ""Role Detached"": ""1"", ""Role Disabled"": ""0"", ""Role Leader"": ""0"", ""Role Router"": ""0"", ""Time Child Milli"": ""92155"", ""Time Detached Milli"": ""845"", ""Time Disabled Milli"": ""0"", ""Time Leader Milli"": ""0"", ""Time Router Milli"": ""0"", ""Time Tracked Milli"": ""93000""}",,,,
88,274.0,1.0,0.0,child,4801,7e28de12a391d189,4800,,3,3,93,5,,4800,7e28de12a391d189,20.0,20.0,,,,,,,,,,,,,,,,,False,False,MutualInterference,minimal_end_device,med,disabled,True,packet_probe,post_parent_removal,router_a,1,,,"{""RxFailed"": ""0"", ""RxSuccess"": ""11"", ""TxFailed"": ""0"", ""TxSuccess"": ""2""}","{""Attach Attempts"": ""1"", ""Better Parent Attach Attempts"": ""0"", ""Better Partition Attach Attempts"": ""0"", ""Parent Changes"": ""0"", ""Partition Id Changes"": ""1"", ""Role Child"": ""1"", ""Role Detached"": ""1"", ""Role Disabled"": ""0"", ""Role Leader"": ""0"", ""Role Router"": ""0"", ""Time Child Milli"": ""93155"", ""Time Detached Milli"": ""845"", ""Time Disabled Milli"": ""0"", ""Time Leader Milli"": ""0"", ""Time Router Milli"": ""0"", ""Time Tracked Milli"": ""94000""}",,,,
89,275.0,1.0,0.0,child,4801,7e28de12a391d189,4800,,3,3,94,5,,4800,7e28de12a391d189,20.0,20.0,,,,,,,,,,,,,,,,,False,False,MutualInterference,minimal_end_device,med,disabled,True,packet_probe,post_parent_removal,router_a,1,,,"{""RxFailed"": ""0"", ""RxSuccess"": ""11"", ""TxFailed"": ""0"", ""TxSuccess"": ""2""}","{""Attach Attempts"": ""1"", ""Better Parent Attach Attempts"": ""0"", ""Better Partition Attach Attempts"": ""0"", ""Parent Changes"": ""0"", ""Partition Id Changes"": ""1"", ""Role Child"": ""1"", ""Role Detached"": ""1"", ""Role Disabled"": ""0"", ""Role Leader"": ""0"", ""Role Router"": ""0"", ""Time Child Milli"": ""94155"", ""Time Detached Milli"": ""845"", ""Time Disabled Milli"": ""0"", ""Time Leader Milli"": ""0"", ""Time Router Milli"": ""0"", ""Time Tracked Milli"": ""95000""}",,,,
90,276.0,1.0,0.0,child,4801,7e28de12a391d189,4800,,3,3,95,5,,4800,7e28de12a391d189,20.0,20.0,,,,,,,,,,,,,,,,,False,False,MutualInterference,minimal_end_device,med,disabled,True,packet_probe,post_parent_removal,router_a,1,,,"{""RxFailed"": ""0"", ""RxSuccess"": ""11"", ""TxFailed"": ""0"", ""TxSuccess"": ""2""}","{""Attach Attempts"": ""1"", ""Better Parent Attach Attempts"": ""0"", ""Better Partition Attach Attempts"": ""0"", ""Parent Changes"": ""0"", ""Partition Id Changes"": ""1"", ""Role Child"": ""1"", ""Role Detached"": ""1"", ""Role Disabled"": ""0"", ""Role Leader"": ""0"", ""Role Router"": ""0"", ""Time Child Milli"": ""95155"", ""Time Detached Milli"": ""845"", ""Time Disabled Milli"": ""0"", ""Time Leader Milli"": ""0"", ""Time Router Milli"": ""0"", ""Time Tracked Milli"": ""96000""}",,,,
91,277.0,1.0,0.0,child,4801,7e28de12a391d189,4800,,3,3,96,5,,4800,7e28de12a391d189,20.0,20.0,,,,,,,,,,,,,,,,,False,False,MutualInterference,minimal_end_device,med,disabled,True,packet_probe,post_parent_removal,router_a,1,,,"{""RxFailed"": ""0"", ""RxSuccess"": ""11"", ""TxFailed"": ""0"", ""TxSuccess"": ""2""}","{""Attach Attempts"": ""1"", ""Better Parent Attach Attempts"": ""0"", ""Better Partition Attach Attempts"": ""0"", ""Parent Changes"": ""0"", ""Partition Id Changes"": ""1"", ""Role Child"": ""1"", ""Role Detached"": ""1"", ""Role Disabled"": ""0"", ""Role Leader"": ""0"", ""Role Router"": ""0"", ""Time Child Milli"": ""96155"", ""Time Detached Milli"": ""845"", ""Time Disabled Milli"": ""0"", ""Time Leader Milli"": ""0"", ""Time Router Milli"": ""0"", ""Time Tracked Milli"": ""97000""}",,,,
92,278.0,1.0,0.0,child,4801,7e28de12a391d189,4800,,3,3,97,5,,4800,7e28de12a391d189,20.0,20.0,,,,,,,,,,,,,,,,,False,False,MutualInterference,minimal_end_device,med,disabled,True,packet_probe,post_parent_removal,router_a,1,,,"{""RxFailed"": ""0"", ""RxSuccess"": ""11"", ""TxFailed"": ""0"", ""TxSuccess"": ""2""}","{""Attach Attempts"": ""1"", ""Better Parent Attach Attempts"": ""0"", ""Better Partition Attach Attempts"": ""0"", ""Parent Changes"": ""0"", ""Partition Id Changes"": ""1"", ""Role Child"": ""1"", ""Role Detached"": ""1"", ""Role Disabled"": ""0"", ""Role Leader"": ""0"", ""Role Router"": ""0"", ""Time Child Milli"": ""97155"", ""Time Detached Milli"": ""845"", ""Time Disabled Milli"": ""0"", ""Time Leader Milli"": ""0"", ""Time Router Milli"": ""0"", ""Time Tracked Milli"": ""98000""}",,,,
93,279.0,1.0,0.0,child,4801,7e28de12a391d189,4800,,3,3,98,5,,4800,7e28de12a391d189,20.0,20.0,,,,,,,,,,,,,,,,,False,False,MutualInterference,minimal_end_device,med,disabled,True,packet_probe,post_parent_removal,router_a,1,,,"{""RxFailed"": ""0"", ""RxSuccess"": ""11"", ""TxFailed"": ""0"", ""TxSuccess"": ""2""}","{""Attach Attempts"": ""1"", ""Better Parent Attach Attempts"": ""0"", ""Better Partition Attach Attempts"": ""0"", ""Parent Changes"": ""0"", ""Partition Id Changes"": ""1"", ""Role Child"": ""1"", ""Role Detached"": ""1"", ""Role Disabled"": ""0"", ""Role Leader"": ""0"", ""Role Router"": ""0"", ""Time Child Milli"": ""98155"", ""Time Detached Milli"": ""845"", ""Time Disabled Milli"": ""0"", ""Time Leader Milli"": ""0"", ""Time Router Milli"": ""0"", ""Time Tracked Milli"": ""99000""}",,,,
94,280.0,1.0,0.0,child,4801,7e28de12a391d189,4800,,3,3,99,5,,4800,7e28de12a391d189,20.0,20.0,,,,,,,,,,,,,,,,,False,False,MutualInterference,minimal_end_device,med,disabled,True,packet_probe,post_parent_removal,router_a,1,,,"{""RxFailed"": ""0"", ""RxSuccess"": ""11"", ""TxFailed"": ""0"", ""TxSuccess"": ""2""}","{""Attach Attempts"": ""1"", ""Better Parent Attach Attempts"": ""0"", ""Better Partition Attach Attempts"": ""0"", ""Parent Changes"": ""0"", ""Partition Id Changes"": ""1"", ""Role Child"": ""1"", ""Role Detached"": ""1"", ""Role Disabled"": ""0"", ""Role Leader"": ""0"", ""Role Router"": ""0"", ""Time Child Milli"": ""99155"", ""Time Detached Milli"": ""845"", ""Time Disabled Milli"": ""0"", ""Time Leader Milli"": ""0"", ""Time Router Milli"": ""0"", ""Time Tracked Milli"": ""100000""}",,,,
95,281.0,1.0,0.0,child,4801,7e28de12a391d189,4800,,3,3,100,5,,4800,7e28de12a391d189,20.0,20.0,,,,,,,,,,,,,,,,,False,False,MutualInterference,minimal_end_device,med,disabled,True,packet_probe,post_parent_removal,router_a,1,,,"{""RxFailed"": ""0"", ""RxSuccess"": ""11"", ""TxFailed"": ""0"", ""TxSuccess"": ""2""}","{""Attach Attempts"": ""1"", ""Better Parent Attach Attempts"": ""0"", ""Better Partition Attach Attempts"": ""0"", ""Parent Changes"": ""0"", ""Partition Id Changes"": ""1"", ""Role Child"": ""1"", ""Role Detached"": ""1"", ""Role Disabled"": ""0"", ""Role Leader"": ""0"", ""Role Router"": ""0"", ""Time Child Milli"": ""100155"", ""Time Detached Milli"": ""845"", ""Time Disabled Milli"": ""0"", ""Time Leader Milli"": ""0"", ""Time Router Milli"": ""0"", ""Time Tracked Milli"": ""101000""}",,,,
96,282.0,1.0,0.0,child,4801,7e28de12a391d189,4800,,3,3,101,5,,4800,7e28de12a391d189,20.0,20.0,,,,,,,,,,,,,,,,,False,False,MutualInterference,minimal_end_device,med,disabled,True,packet_probe,post_parent_removal,router_a,1,,,"{""RxFailed"": ""0"", ""RxSuccess"": ""11"", ""TxFailed"": ""0"", ""TxSuccess"": ""2""}","{""Attach Attempts"": ""1"", ""Better Parent Attach Attempts"": ""0"", ""Better Partition Attach Attempts"": ""0"", ""Parent Changes"": ""0"", ""Partition Id Changes"": ""1"", ""Role Child"": ""1"", ""Role Detached"": ""1"", ""Role Disabled"": ""0"", ""Role Leader"": ""0"", ""Role Router"": ""0"", ""Time Child Milli"": ""101155"", ""Time Detached Milli"": ""845"", ""Time Disabled Milli"": ""0"", ""Time Leader Milli"": ""0"", ""Time Router Milli"": ""0"", ""Time Tracked Milli"": ""102000""}",,,,
97,283.0,1.0,0.0,child,4801,7e28de12a391d189,4800,,3,3,102,5,,4800,7e28de12a391d189,20.0,20.0,,,,,,,,,,,,,,,,,False,False,MutualInterference,minimal_end_device,med,disabled,True,packet_probe,post_parent_removal,router_a,1,,,"{""RxFailed"": ""0"", ""RxSuccess"": ""11"", ""TxFailed"": ""0"", ""TxSuccess"": ""2""}","{""Attach Attempts"": ""1"", ""Better Parent Attach Attempts"": ""0"", ""Better Partition Attach Attempts"": ""0"", ""Parent Changes"": ""0"", ""Partition Id Changes"": ""1"", ""Role Child"": ""1"", ""Role Detached"": ""1"", ""Role Disabled"": ""0"", ""Role Leader"": ""0"", ""Role Router"": ""0"", ""Time Child Milli"": ""102155"", ""Time Detached Milli"": ""845"", ""Time Disabled Milli"": ""0"", ""Time Leader Milli"": ""0"", ""Time Router Milli"": ""0"", ""Time Tracked Milli"": ""103000""}",,,,
98,284.0,1.0,0.0,child,4801,7e28de12a391d189,4800,,3,3,103,5,,4800,7e28de12a391d189,20.0,20.0,,,,,,,,,,,,,,,,,False,False,MutualInterference,minimal_end_device,med,disabled,True,packet_probe,post_parent_removal,router_a,1,,,"{""RxFailed"": ""0"", ""RxSuccess"": ""12"", ""TxFailed"": ""0"", ""TxSuccess"": ""2""}","{""Attach Attempts"": ""1"", ""Better Parent Attach Attempts"": ""0"", ""Better Partition Attach Attempts"": ""0"", ""Parent Changes"": ""0"", ""Partition Id Changes"": ""1"", ""Role Child"": ""1"", ""Role Detached"": ""1"", ""Role Disabled"": ""0"", ""Role Leader"": ""0"", ""Role Router"": ""0"", ""Time Child Milli"": ""103155"", ""Time Detached Milli"": ""845"", ""Time Disabled Milli"": ""0"", ""Time Leader Milli"": ""0"", ""Time Router Milli"": ""0"", ""Time Tracked Milli"": ""104000""}",,,,
99,285.0,1.0,0.0,child,4801,7e28de12a391d189,4800,,3,3,104,5,,4800,7e28de12a391d189,20.0,20.0,,,,,,,,,,,,,,,,,False,False,MutualInterference,minimal_end_device,med,disabled,True,packet_probe,post_parent_removal,router_a,1,,,"{""RxFailed"": ""0"", ""RxSuccess"": ""13"", ""TxFailed"": ""0"", ""TxSuccess"": ""2""}","{""Attach Attempts"": ""1"", ""Better Parent Attach Attempts"": ""0"", ""Better Partition Attach Attempts"": ""0"", ""Parent Changes"": ""0"", ""Partition Id Changes"": ""1"", ""Role Child"": ""1"", ""Role Detached"": ""1"", ""Role Disabled"": ""0"", ""Role Leader"": ""0"", ""Role Router"": ""0"", ""Time Child Milli"": ""104155"", ""Time Detached Milli"": ""845"", ""Time Disabled Milli"": ""0"", ""Time Leader Milli"": ""0"", ""Time Router Milli"": ""0"", ""Time Tracked Milli"": ""105000""}",,,,
100,286.0,1.0,0.0,child,4801,7e28de12a391d189,4800,,3,3,105,5,,4800,7e28de12a391d189,20.0,20.0,,,,,,,,,,,,,,,,,False,False,MutualInterference,minimal_end_device,med,disabled,True,packet_probe,post_parent_removal,router_a,1,,,"{""RxFailed"": ""0"", ""RxSuccess"": ""13"", ""TxFailed"": ""0"", ""TxSuccess"": ""2""}","{""Attach Attempts"": ""1"", ""Better Parent Attach Attempts"": ""0"", ""Better Partition Attach Attempts"": ""0"", ""Parent Changes"": ""0"", ""Partition Id Changes"": ""1"", ""Role Child"": ""1"", ""Role Detached"": ""1"", ""Role Disabled"": ""0"", ""Role Leader"": ""0"", ""Role Router"": ""0"", ""Time Child Milli"": ""105155"", ""Time Detached Milli"": ""845"", ""Time Disabled Milli"": ""0"", ""Time Leader Milli"": ""0"", ""Time Router Milli"": ""0"", ""Time Tracked Milli"": ""106000""}",,,,
101,287.0,1.0,0.0,child,4801,7e28de12a391d189,4800,,3,3,106,5,,4800,7e28de12a391d189,20.0,20.0,,,,,,,,,,,,,,,,,False,False,MutualInterference,minimal_end_device,med,disabled,True,packet_probe,post_parent_removal,router_a,1,,,"{""RxFailed"": ""0"", ""RxSuccess"": ""13"", ""TxFailed"": ""0"", ""TxSuccess"": ""2""}","{""Attach Attempts"": ""1"", ""Better Parent Attach Attempts"": ""0"", ""Better Partition Attach Attempts"": ""0"", ""Parent Changes"": ""0"", ""Partition Id Changes"": ""1"", ""Role Child"": ""1"", ""Role Detached"": ""1"", ""Role Disabled"": ""0"", ""Role Leader"": ""0"", ""Role Router"": ""0"", ""Time Child Milli"": ""106155"", ""Time Detached Milli"": ""845"", ""Time Disabled Milli"": ""0"", ""Time Leader Milli"": ""0"", ""Time Router Milli"": ""0"", ""Time Tracked Milli"": ""107000""}",,,,
102,288.0,1.0,0.0,child,4801,7e28de12a391d189,4800,,3,3,107,5,,4800,7e28de12a391d189,20.0,20.0,,,,,,,,,,,,,,,,,False,False,MutualInterference,minimal_end_device,med,disabled,True,packet_probe,post_parent_removal,router_a,1,,,"{""RxFailed"": ""0"", ""RxSuccess"": ""13"", ""TxFailed"": ""0"", ""TxSuccess"": ""2""}","{""Attach Attempts"": ""1"", ""Better Parent Attach Attempts"": ""0"", ""Better Partition Attach Attempts"": ""0"", ""Parent Changes"": ""0"", ""Partition Id Changes"": ""1"", ""Role Child"": ""1"", ""Role Detached"": ""1"", ""Role Disabled"": ""0"", ""Role Leader"": ""0"", ""Role Router"": ""0"", ""Time Child Milli"": ""107155"", ""Time Detached Milli"": ""845"", ""Time Disabled Milli"": ""0"", ""Time Leader Milli"": ""0"", ""Time Router Milli"": ""0"", ""Time Tracked Milli"": ""108000""}",,,,
103,289.0,1.0,0.0,child,4801,7e28de12a391d189,4800,,3,3,108,5,,4800,7e28de12a391d189,20.0,20.0,,,,,,,,,,,,,,,,,False,False,MutualInterference,minimal_end_device,med,disabled,True,packet_probe,post_parent_removal,router_a,1,,,"{""RxFailed"": ""0"", ""RxSuccess"": ""13"", ""TxFailed"": ""0"", ""TxSuccess"": ""2""}","{""Attach Attempts"": ""1"", ""Better Parent Attach Attempts"": ""0"", ""Better Partition Attach Attempts"": ""0"", ""Parent Changes"": ""0"", ""Partition Id Changes"": ""1"", ""Role Child"": ""1"", ""Role Detached"": ""1"", ""Role Disabled"": ""0"", ""Role Leader"": ""0"", ""Role Router"": ""0"", ""Time Child Milli"": ""108155"", ""Time Detached Milli"": ""845"", ""Time Disabled Milli"": ""0"", ""Time Leader Milli"": ""0"", ""Time Router Milli"": ""0"", ""Time Tracked Milli"": ""109000""}",,,,
104,290.0,1.0,0.0,child,4801,7e28de12a391d189,4800,,3,3,109,5,,4800,7e28de12a391d189,20.0,20.0,,,,,,,,,,,,,,,,,False,False,MutualInterference,minimal_end_device,med,disabled,True,packet_probe,post_parent_removal,router_a,1,,,"{""RxFailed"": ""0"", ""RxSuccess"": ""14"", ""TxFailed"": ""0"", ""TxSuccess"": ""2""}","{""Attach Attempts"": ""1"", ""Better Parent Attach Attempts"": ""0"", ""Better Partition Attach Attempts"": ""0"", ""Parent Changes"": ""0"", ""Partition Id Changes"": ""1"", ""Role Child"": ""1"", ""Role Detached"": ""1"", ""Role Disabled"": ""0"", ""Role Leader"": ""0"", ""Role Router"": ""0"", ""Time Child Milli"": ""109155"", ""Time Detached Milli"": ""845"", ""Time Disabled Milli"": ""0"", ""Time Leader Milli"": ""0"", ""Time Router Milli"": ""0"", ""Time Tracked Milli"": ""110000""}",,,,
105,291.0,1.0,0.0,child,4801,7e28de12a391d189,4800,,3,3,110,5,,4800,7e28de12a391d189,20.0,20.0,,,,,,,,,,,,,,,,,False,False,MutualInterference,minimal_end_device,med,disabled,True,packet_probe,post_parent_removal,router_a,1,,,"{""RxFailed"": ""0"", ""RxSuccess"": ""14"", ""TxFailed"": ""0"", ""TxSuccess"": ""2""}","{""Attach Attempts"": ""1"", ""Better Parent Attach Attempts"": ""0"", ""Better Partition Attach Attempts"": ""0"", ""Parent Changes"": ""0"", ""Partition Id Changes"": ""1"", ""Role Child"": ""1"", ""Role Detached"": ""1"", ""Role Disabled"": ""0"", ""Role Leader"": ""0"", ""Role Router"": ""0"", ""Time Child Milli"": ""110155"", ""Time Detached Milli"": ""845"", ""Time Disabled Milli"": ""0"", ""Time Leader Milli"": ""0"", ""Time Router Milli"": ""0"", ""Time Tracked Milli"": ""111000""}",,,,
106,292.0,1.0,0.0,child,4801,7e28de12a391d189,4800,,3,3,111,5,,4800,7e28de12a391d189,20.0,20.0,,,,,,,,,,,,,,,,,False,False,MutualInterference,minimal_end_device,med,disabled,True,packet_probe,post_parent_removal,router_a,1,,,"{""RxFailed"": ""0"", ""RxSuccess"": ""14"", ""TxFailed"": ""0"", ""TxSuccess"": ""2""}","{""Attach Attempts"": ""1"", ""Better Parent Attach Attempts"": ""0"", ""Better Partition Attach Attempts"": ""0"", ""Parent Changes"": ""0"", ""Partition Id Changes"": ""1"", ""Role Child"": ""1"", ""Role Detached"": ""1"", ""Role Disabled"": ""0"", ""Role Leader"": ""0"", ""Role Router"": ""0"", ""Time Child Milli"": ""111155"", ""Time Detached Milli"": ""845"", ""Time Disabled Milli"": ""0"", ""Time Leader Milli"": ""0"", ""Time Router Milli"": ""0"", ""Time Tracked Milli"": ""112000""}",,,,
107,293.0,1.0,0.0,child,4801,7e28de12a391d189,4800,,3,3,112,5,,4800,7e28de12a391d189,20.0,20.0,,,,,,,,,,,,,,,,,False,False,MutualInterference,minimal_end_device,med,disabled,True,packet_probe,post_parent_removal,router_a,1,,,"{""RxFailed"": ""0"", ""RxSuccess"": ""14"", ""TxFailed"": ""0"", ""TxSuccess"": ""2""}","{""Attach Attempts"": ""1"", ""Better Parent Attach Attempts"": ""0"", ""Better Partition Attach Attempts"": ""0"", ""Parent Changes"": ""0"", ""Partition Id Changes"": ""1"", ""Role Child"": ""1"", ""Role Detached"": ""1"", ""Role Disabled"": ""0"", ""Role Leader"": ""0"", ""Role Router"": ""0"", ""Time Child Milli"": ""112155"", ""Time Detached Milli"": ""845"", ""Time Disabled Milli"": ""0"", ""Time Leader Milli"": ""0"", ""Time Router Milli"": ""0"", ""Time Tracked Milli"": ""113000""}",,,,
108,294.0,1.0,0.0,child,4801,7e28de12a391d189,4800,,3,3,113,5,,4800,7e28de12a391d189,20.0,20.0,,,,,,,,,,,,,,,,,False,False,MutualInterference,minimal_end_device,med,disabled,True,packet_probe,post_parent_removal,router_a,1,,,"{""RxFailed"": ""0"", ""RxSuccess"": ""14"", ""TxFailed"": ""0"", ""TxSuccess"": ""2""}","{""Attach Attempts"": ""1"", ""Better Parent Attach Attempts"": ""0"", ""Better Partition Attach Attempts"": ""0"", ""Parent Changes"": ""0"", ""Partition Id Changes"": ""1"", ""Role Child"": ""1"", ""Role Detached"": ""1"", ""Role Disabled"": ""0"", ""Role Leader"": ""0"", ""Role Router"": ""0"", ""Time Child Milli"": ""113155"", ""Time Detached Milli"": ""845"", ""Time Disabled Milli"": ""0"", ""Time Leader Milli"": ""0"", ""Time Router Milli"": ""0"", ""Time Tracked Milli"": ""114000""}",,,,
109,295.0,1.0,0.0,child,4801,7e28de12a391d189,4800,,3,3,114,5,,4800,7e28de12a391d189,20.0,20.0,,,,,,,,,,,,,,,,,False,False,MutualInterference,minimal_end_device,med,disabled,True,packet_probe,post_parent_removal,router_a,1,,,"{""RxFailed"": ""0"", ""RxSuccess"": ""15"", ""TxFailed"": ""0"", ""TxSuccess"": ""2""}","{""Attach Attempts"": ""1"", ""Better Parent Attach Attempts"": ""0"", ""Better Partition Attach Attempts"": ""0"", ""Parent Changes"": ""0"", ""Partition Id Changes"": ""1"", ""Role Child"": ""1"", ""Role Detached"": ""1"", ""Role Disabled"": ""0"", ""Role Leader"": ""0"", ""Role Router"": ""0"", ""Time Child Milli"": ""114155"", ""Time Detached Milli"": ""845"", ""Time Disabled Milli"": ""0"", ""Time Leader Milli"": ""0"", ""Time Router Milli"": ""0"", ""Time Tracked Milli"": ""115000""}",,,,
110,296.0,1.0,0.0,child,4801,7e28de12a391d189,4800,,3,3,115,5,,4800,7e28de12a391d189,20.0,20.0,,,,,,,,,,,,,,,,,False,False,MutualInterference,minimal_end_device,med,disabled,True,packet_probe,post_parent_removal,router_a,1,,,"{""RxFailed"": ""0"", ""RxSuccess"": ""15"", ""TxFailed"": ""0"", ""TxSuccess"": ""2""}","{""Attach Attempts"": ""1"", ""Better Parent Attach Attempts"": ""0"", ""Better Partition Attach Attempts"": ""0"", ""Parent Changes"": ""0"", ""Partition Id Changes"": ""1"", ""Role Child"": ""1"", ""Role Detached"": ""1"", ""Role Disabled"": ""0"", ""Role Leader"": ""0"", ""Role Router"": ""0"", ""Time Child Milli"": ""115155"", ""Time Detached Milli"": ""845"", ""Time Disabled Milli"": ""0"", ""Time Leader Milli"": ""0"", ""Time Router Milli"": ""0"", ""Time Tracked Milli"": ""116000""}",,,,
111,297.0,1.0,0.0,child,4801,7e28de12a391d189,4800,,3,3,116,5,,4800,7e28de12a391d189,20.0,20.0,,,,,,,,,,,,,,,,,False,False,MutualInterference,minimal_end_device,med,disabled,True,packet_probe,post_parent_removal,router_a,1,,,"{""RxFailed"": ""0"", ""RxSuccess"": ""15"", ""TxFailed"": ""0"", ""TxSuccess"": ""2""}","{""Attach Attempts"": ""1"", ""Better Parent Attach Attempts"": ""0"", ""Better Partition Attach Attempts"": ""0"", ""Parent Changes"": ""0"", ""Partition Id Changes"": ""1"", ""Role Child"": ""1"", ""Role Detached"": ""1"", ""Role Disabled"": ""0"", ""Role Leader"": ""0"", ""Role Router"": ""0"", ""Time Child Milli"": ""116155"", ""Time Detached Milli"": ""845"", ""Time Disabled Milli"": ""0"", ""Time Leader Milli"": ""0"", ""Time Router Milli"": ""0"", ""Time Tracked Milli"": ""117000""}",,,,
112,298.0,1.0,0.0,child,4801,7e28de12a391d189,4800,,3,3,117,5,,4800,7e28de12a391d189,20.0,20.0,,,,,,,,,,,,,,,,,False,False,MutualInterference,minimal_end_device,med,disabled,True,packet_probe,post_parent_removal,router_a,1,,,"{""RxFailed"": ""0"", ""RxSuccess"": ""15"", ""TxFailed"": ""0"", ""TxSuccess"": ""2""}","{""Attach Attempts"": ""1"", ""Better Parent Attach Attempts"": ""0"", ""Better Partition Attach Attempts"": ""0"", ""Parent Changes"": ""0"", ""Partition Id Changes"": ""1"", ""Role Child"": ""1"", ""Role Detached"": ""1"", ""Role Disabled"": ""0"", ""Role Leader"": ""0"", ""Role Router"": ""0"", ""Time Child Milli"": ""117155"", ""Time Detached Milli"": ""845"", ""Time Disabled Milli"": ""0"", ""Time Leader Milli"": ""0"", ""Time Router Milli"": ""0"", ""Time Tracked Milli"": ""118000""}",,,,
113,299.0,1.0,0.0,child,4801,7e28de12a391d189,4800,,3,3,118,5,,4800,7e28de12a391d189,20.0,20.0,,,,,,,,,,,,,,,,,False,False,MutualInterference,minimal_end_device,med,disabled,True,packet_probe,post_parent_removal,router_a,1,,,"{""RxFailed"": ""0"", ""RxSuccess"": ""15"", ""TxFailed"": ""0"", ""TxSuccess"": ""2""}","{""Attach Attempts"": ""1"", ""Better Parent Attach Attempts"": ""0"", ""Better Partition Attach Attempts"": ""0"", ""Parent Changes"": ""0"", ""Partition Id Changes"": ""1"", ""Role Child"": ""1"", ""Role Detached"": ""1"", ""Role Disabled"": ""0"", ""Role Leader"": ""0"", ""Role Router"": ""0"", ""Time Child Milli"": ""118155"", ""Time Detached Milli"": ""845"", ""Time Disabled Milli"": ""0"", ""Time Leader Milli"": ""0"", ""Time Router Milli"": ""0"", ""Time Tracked Milli"": ""119000""}",,,,
114,300.0,1.0,0.0,child,4801,7e28de12a391d189,4800,,3,3,119,5,,4800,7e28de12a391d189,20.0,20.0,,,,,,,,,,,,,,,,,False,False,MutualInterference,minimal_end_device,med,disabled,True,packet_probe,post_parent_removal,router_a,1,,,"{""RxFailed"": ""0"", ""RxSuccess"": ""15"", ""TxFailed"": ""0"", ""TxSuccess"": ""2""}","{""Attach Attempts"": ""1"", ""Better Parent Attach Attempts"": ""0"", ""Better Partition Attach Attempts"": ""0"", ""Parent Changes"": ""0"", ""Partition Id Changes"": ""1"", ""Role Child"": ""1"", ""Role Detached"": ""1"", ""Role Disabled"": ""0"", ""Role Leader"": ""0"", ""Role Router"": ""0"", ""Time Child Milli"": ""119155"", ""Time Detached Milli"": ""845"", ""Time Disabled Milli"": ""0"", ""Time Leader Milli"": ""0"", ""Time Router Milli"": ""0"", ""Time Tracked Milli"": ""120000""}",,,,
115,301.0,1.0,0.0,child,4801,7e28de12a391d189,4800,,3,3,120,5,,4800,7e28de12a391d189,20.0,20.0,,,,,,,,,,,,,,,,,False,False,MutualInterference,minimal_end_device,med,disabled,True,packet_probe,post_parent_removal,router_a,1,,,"{""RxFailed"": ""0"", ""RxSuccess"": ""15"", ""TxFailed"": ""0"", ""TxSuccess"": ""2""}","{""Attach Attempts"": ""1"", ""Better Parent Attach Attempts"": ""0"", ""Better Partition Attach Attempts"": ""0"", ""Parent Changes"": ""0"", ""Partition Id Changes"": ""1"", ""Role Child"": ""1"", ""Role Detached"": ""1"", ""Role Disabled"": ""0"", ""Role Leader"": ""0"", ""Role Router"": ""0"", ""Time Child Milli"": ""120155"", ""Time Detached Milli"": ""845"", ""Time Disabled Milli"": ""0"", ""Time Leader Milli"": ""0"", ""Time Router Milli"": ""0"", ""Time Tracked Milli"": ""121000""}",,,,
116,302.0,1.0,0.0,child,4801,7e28de12a391d189,4800,,3,3,121,5,,4800,7e28de12a391d189,20.0,20.0,,,,,,,,,,,,,,,,,False,False,MutualInterference,minimal_end_device,med,disabled,True,packet_probe,post_parent_removal,router_a,1,,,"{""RxFailed"": ""0"", ""RxSuccess"": ""15"", ""TxFailed"": ""0"", ""TxSuccess"": ""2""}","{""Attach Attempts"": ""1"", ""Better Parent Attach Attempts"": ""0"", ""Better Partition Attach Attempts"": ""0"", ""Parent Changes"": ""0"", ""Partition Id Changes"": ""1"", ""Role Child"": ""1"", ""Role Detached"": ""1"", ""Role Disabled"": ""0"", ""Role Leader"": ""0"", ""Role Router"": ""0"", ""Time Child Milli"": ""121155"", ""Time Detached Milli"": ""845"", ""Time Disabled Milli"": ""0"", ""Time Leader Milli"": ""0"", ""Time Router Milli"": ""0"", ""Time Tracked Milli"": ""122000""}",,,,
117,303.0,1.0,0.0,child,4801,7e28de12a391d189,4800,,3,3,122,5,,4800,7e28de12a391d189,20.0,20.0,,,,,,,,,,,,,,,,,False,False,MutualInterference,minimal_end_device,med,disabled,True,packet_probe,post_parent_removal,router_a,1,,,"{""RxFailed"": ""0"", ""RxSuccess"": ""15"", ""TxFailed"": ""0"", ""TxSuccess"": ""2""}","{""Attach Attempts"": ""1"", ""Better Parent Attach Attempts"": ""0"", ""Better Partition Attach Attempts"": ""0"", ""Parent Changes"": ""0"", ""Partition Id Changes"": ""1"", ""Role Child"": ""1"", ""Role Detached"": ""1"", ""Role Disabled"": ""0"", ""Role Leader"": ""0"", ""Role Router"": ""0"", ""Time Child Milli"": ""122155"", ""Time Detached Milli"": ""845"", ""Time Disabled Milli"": ""0"", ""Time Leader Milli"": ""0"", ""Time Router Milli"": ""0"", ""Time Tracked Milli"": ""123000""}",,,,
118,304.0,1.0,0.0,child,4801,7e28de12a391d189,4800,,3,3,123,5,,4800,7e28de12a391d189,20.0,20.0,,,,,,,,,,,,,,,,,False,False,MutualInterference,minimal_end_device,med,disabled,True,packet_probe,post_parent_removal,router_a,1,,,"{""RxFailed"": ""0"", ""RxSuccess"": ""15"", ""TxFailed"": ""0"", ""TxSuccess"": ""2""}","{""Attach Attempts"": ""1"", ""Better Parent Attach Attempts"": ""0"", ""Better Partition Attach Attempts"": ""0"", ""Parent Changes"": ""0"", ""Partition Id Changes"": ""1"", ""Role Child"": ""1"", ""Role Detached"": ""1"", ""Role Disabled"": ""0"", ""Role Leader"": ""0"", ""Role Router"": ""0"", ""Time Child Milli"": ""123155"", ""Time Detached Milli"": ""845"", ""Time Disabled Milli"": ""0"", ""Time Leader Milli"": ""0"", ""Time Router Milli"": ""0"", ""Time Tracked Milli"": ""124000""}",,,,
119,305.0,1.0,0.0,child,4801,7e28de12a391d189,4800,,3,3,124,5,,4800,7e28de12a391d189,20.0,20.0,,,,,,,,,,,,,,,,,False,False,MutualInterference,minimal_end_device,med,disabled,True,packet_probe,post_parent_removal,router_a,1,,,"{""RxFailed"": ""0"", ""RxSuccess"": ""15"", ""TxFailed"": ""0"", ""TxSuccess"": ""2""}","{""Attach Attempts"": ""1"", ""Better Parent Attach Attempts"": ""0"", ""Better Partition Attach Attempts"": ""0"", ""Parent Changes"": ""0"", ""Partition Id Changes"": ""1"", ""Role Child"": ""1"", ""Role Detached"": ""1"", ""Role Disabled"": ""0"", ""Role Leader"": ""0"", ""Role Router"": ""0"", ""Time Child Milli"": ""124155"", ""Time Detached Milli"": ""845"", ""Time Disabled Milli"": ""0"", ""Time Leader Milli"": ""0"", ""Time Router Milli"": ""0"", ""Time Tracked Milli"": ""125000""}",,,,
120,306.0,1.0,0.0,child,4801,7e28de12a391d189,4800,,3,3,125,5,,4800,7e28de12a391d189,20.0,20.0,,,,,,,,,,,,,,,,,False,False,MutualInterference,minimal_end_device,med,disabled,True,packet_probe,post_parent_removal,router_a,1,,,"{""RxFailed"": ""0"", ""RxSuccess"": ""16"", ""TxFailed"": ""0"", ""TxSuccess"": ""2""}","{""Attach Attempts"": ""1"", ""Better Parent Attach Attempts"": ""0"", ""Better Partition Attach Attempts"": ""0"", ""Parent Changes"": ""0"", ""Partition Id Changes"": ""1"", ""Role Child"": ""1"", ""Role Detached"": ""1"", ""Role Disabled"": ""0"", ""Role Leader"": ""0"", ""Role Router"": ""0"", ""Time Child Milli"": ""125155"", ""Time Detached Milli"": ""845"", ""Time Disabled Milli"": ""0"", ""Time Leader Milli"": ""0"", ""Time Router Milli"": ""0"", ""Time Tracked Milli"": ""126000""}",,,,
121,307.0,1.0,0.0,child,4801,7e28de12a391d189,4800,,3,3,126,5,,4800,7e28de12a391d189,20.0,20.0,,,,,,,,,,,,,,,,,False,False,MutualInterference,minimal_end_device,med,disabled,True,packet_probe,post_parent_removal,router_a,1,,,"{""RxFailed"": ""0"", ""RxSuccess"": ""16"", ""TxFailed"": ""0"", ""TxSuccess"": ""2""}","{""Attach Attempts"": ""1"", ""Better Parent Attach Attempts"": ""0"", ""Better Partition Attach Attempts"": ""0"", ""Parent Changes"": ""0"", ""Partition Id Changes"": ""1"", ""Role Child"": ""1"", ""Role Detached"": ""1"", ""Role Disabled"": ""0"", ""Role Leader"": ""0"", ""Role Router"": ""0"", ""Time Child Milli"": ""126155"", ""Time Detached Milli"": ""845"", ""Time Disabled Milli"": ""0"", ""Time Leader Milli"": ""0"", ""Time Router Milli"": ""0"", ""Time Tracked Milli"": ""127000""}",,,,
122,308.0,1.0,0.0,child,4801,7e28de12a391d189,4800,,3,3,127,5,,4800,7e28de12a391d189,20.0,20.0,,,,,,,,,,,,,,,,,False,False,MutualInterference,minimal_end_device,med,disabled,True,packet_probe,post_parent_removal,router_a,1,,,"{""RxFailed"": ""0"", ""RxSuccess"": ""16"", ""TxFailed"": ""0"", ""TxSuccess"": ""2""}","{""Attach Attempts"": ""1"", ""Better Parent Attach Attempts"": ""0"", ""Better Partition Attach Attempts"": ""0"", ""Parent Changes"": ""0"", ""Partition Id Changes"": ""1"", ""Role Child"": ""1"", ""Role Detached"": ""1"", ""Role Disabled"": ""0"", ""Role Leader"": ""0"", ""Role Router"": ""0"", ""Time Child Milli"": ""127155"", ""Time Detached Milli"": ""845"", ""Time Disabled Milli"": ""0"", ""Time Leader Milli"": ""0"", ""Time Router Milli"": ""0"", ""Time Tracked Milli"": ""128000""}",,,,
123,309.0,1.0,0.0,child,4801,7e28de12a391d189,4800,,3,3,128,5,,4800,7e28de12a391d189,20.0,20.0,,,,,,,,,,,,,,,,,False,False,MutualInterference,minimal_end_device,med,disabled,True,packet_probe,post_parent_removal,router_a,1,,,"{""RxFailed"": ""0"", ""RxSuccess"": ""16"", ""TxFailed"": ""0"", ""TxSuccess"": ""2""}","{""Attach Attempts"": ""1"", ""Better Parent Attach Attempts"": ""0"", ""Better Partition Attach Attempts"": ""0"", ""Parent Changes"": ""0"", ""Partition Id Changes"": ""1"", ""Role Child"": ""1"", ""Role Detached"": ""1"", ""Role Disabled"": ""0"", ""Role Leader"": ""0"", ""Role Router"": ""0"", ""Time Child Milli"": ""128155"", ""Time Detached Milli"": ""845"", ""Time Disabled Milli"": ""0"", ""Time Leader Milli"": ""0"", ""Time Router Milli"": ""0"", ""Time Tracked Milli"": ""129000""}",,,,
124,310.0,1.0,0.0,child,4801,7e28de12a391d189,4800,,3,3,129,5,,4800,7e28de12a391d189,20.0,20.0,,,,,,,,,,,,,,,,,False,False,MutualInterference,minimal_end_device,med,disabled,True,packet_probe,post_parent_removal,router_a,1,,,"{""RxFailed"": ""0"", ""RxSuccess"": ""16"", ""TxFailed"": ""0"", ""TxSuccess"": ""2""}","{""Attach Attempts"": ""1"", ""Better Parent Attach Attempts"": ""0"", ""Better Partition Attach Attempts"": ""0"", ""Parent Changes"": ""0"", ""Partition Id Changes"": ""1"", ""Role Child"": ""1"", ""Role Detached"": ""1"", ""Role Disabled"": ""0"", ""Role Leader"": ""0"", ""Role Router"": ""0"", ""Time Child Milli"": ""129155"", ""Time Detached Milli"": ""845"", ""Time Disabled Milli"": ""0"", ""Time Leader Milli"": ""0"", ""Time Router Milli"": ""0"", ""Time Tracked Milli"": ""130000""}",,,,
125,311.0,1.0,0.0,child,4801,7e28de12a391d189,4800,,3,3,130,5,,4800,7e28de12a391d189,20.0,20.0,,,,,,,,,,,,,,,,,False,False,MutualInterference,minimal_end_device,med,disabled,True,packet_probe,post_parent_removal,router_a,1,,,"{""RxFailed"": ""0"", ""RxSuccess"": ""16"", ""TxFailed"": ""0"", ""TxSuccess"": ""2""}","{""Attach Attempts"": ""1"", ""Better Parent Attach Attempts"": ""0"", ""Better Partition Attach Attempts"": ""0"", ""Parent Changes"": ""0"", ""Partition Id Changes"": ""1"", ""Role Child"": ""1"", ""Role Detached"": ""1"", ""Role Disabled"": ""0"", ""Role Leader"": ""0"", ""Role Router"": ""0"", ""Time Child Milli"": ""130155"", ""Time Detached Milli"": ""845"", ""Time Disabled Milli"": ""0"", ""Time Leader Milli"": ""0"", ""Time Router Milli"": ""0"", ""Time Tracked Milli"": ""131000""}",,,,
126,312.0,1.0,0.0,child,4801,7e28de12a391d189,4800,,3,3,131,5,,4800,7e28de12a391d189,20.0,20.0,,,,,,,,,,,,,,,,,False,False,MutualInterference,minimal_end_device,med,disabled,True,packet_probe,post_parent_removal,router_a,1,,,"{""RxFailed"": ""0"", ""RxSuccess"": ""16"", ""TxFailed"": ""0"", ""TxSuccess"": ""2""}","{""Attach Attempts"": ""1"", ""Better Parent Attach Attempts"": ""0"", ""Better Partition Attach Attempts"": ""0"", ""Parent Changes"": ""0"", ""Partition Id Changes"": ""1"", ""Role Child"": ""1"", ""Role Detached"": ""1"", ""Role Disabled"": ""0"", ""Role Leader"": ""0"", ""Role Router"": ""0"", ""Time Child Milli"": ""131155"", ""Time Detached Milli"": ""845"", ""Time Disabled Milli"": ""0"", ""Time Leader Milli"": ""0"", ""Time Router Milli"": ""0"", ""Time Tracked Milli"": ""132000""}",,,,
127,313.0,1.0,0.0,child,4801,7e28de12a391d189,4800,,3,3,132,5,,4800,7e28de12a391d189,20.0,20.0,,,,,,,,,,,,,,,,,False,False,MutualInterference,minimal_end_device,med,disabled,True,packet_probe,post_parent_removal,router_a,1,,,"{""RxFailed"": ""0"", ""RxSuccess"": ""16"", ""TxFailed"": ""0"", ""TxSuccess"": ""2""}","{""Attach Attempts"": ""1"", ""Better Parent Attach Attempts"": ""0"", ""Better Partition Attach Attempts"": ""0"", ""Parent Changes"": ""0"", ""Partition Id Changes"": ""1"", ""Role Child"": ""1"", ""Role Detached"": ""1"", ""Role Disabled"": ""0"", ""Role Leader"": ""0"", ""Role Router"": ""0"", ""Time Child Milli"": ""132155"", ""Time Detached Milli"": ""845"", ""Time Disabled Milli"": ""0"", ""Time Leader Milli"": ""0"", ""Time Router Milli"": ""0"", ""Time Tracked Milli"": ""133000""}",,,,
128,314.0,1.0,0.0,child,4801,7e28de12a391d189,4800,,3,3,133,5,,4800,7e28de12a391d189,20.0,20.0,,,,,,,,,,,,,,,,,False,False,MutualInterference,minimal_end_device,med,disabled,True,packet_probe,post_parent_removal,router_a,1,,,"{""RxFailed"": ""0"", ""RxSuccess"": ""16"", ""TxFailed"": ""0"", ""TxSuccess"": ""2""}","{""Attach Attempts"": ""1"", ""Better Parent Attach Attempts"": ""0"", ""Better Partition Attach Attempts"": ""0"", ""Parent Changes"": ""0"", ""Partition Id Changes"": ""1"", ""Role Child"": ""1"", ""Role Detached"": ""1"", ""Role Disabled"": ""0"", ""Role Leader"": ""0"", ""Role Router"": ""0"", ""Time Child Milli"": ""133155"", ""Time Detached Milli"": ""845"", ""Time Disabled Milli"": ""0"", ""Time Leader Milli"": ""0"", ""Time Router Milli"": ""0"", ""Time Tracked Milli"": ""134000""}",,,,
129,315.0,1.0,0.0,child,4801,7e28de12a391d189,4800,,3,3,134,5,,4800,7e28de12a391d189,20.0,20.0,,,,,,,,,,,,,,,,,False,False,MutualInterference,minimal_end_device,med,disabled,True,packet_probe,post_parent_removal,router_a,1,,,"{""RxFailed"": ""0"", ""RxSuccess"": ""16"", ""TxFailed"": ""0"", ""TxSuccess"": ""2""}","{""Attach Attempts"": ""1"", ""Better Parent Attach Attempts"": ""0"", ""Better Partition Attach Attempts"": ""0"", ""Parent Changes"": ""0"", ""Partition Id Changes"": ""1"", ""Role Child"": ""1"", ""Role Detached"": ""1"", ""Role Disabled"": ""0"", ""Role Leader"": ""0"", ""Role Router"": ""0"", ""Time Child Milli"": ""134155"", ""Time Detached Milli"": ""845"", ""Time Disabled Milli"": ""0"", ""Time Leader Milli"": ""0"", ""Time Router Milli"": ""0"", ""Time Tracked Milli"": ""135000""}",,,,
130,316.0,1.0,0.0,child,4801,7e28de12a391d189,4800,,3,3,135,5,,4800,7e28de12a391d189,20.0,20.0,,,,,,,,,,,,,,,,,False,False,MutualInterference,minimal_end_device,med,disabled,True,packet_probe,post_parent_removal,router_a,1,,,"{""RxFailed"": ""0"", ""RxSuccess"": ""16"", ""TxFailed"": ""0"", ""TxSuccess"": ""2""}","{""Attach Attempts"": ""1"", ""Better Parent Attach Attempts"": ""0"", ""Better Partition Attach Attempts"": ""0"", ""Parent Changes"": ""0"", ""Partition Id Changes"": ""1"", ""Role Child"": ""1"", ""Role Detached"": ""1"", ""Role Disabled"": ""0"", ""Role Leader"": ""0"", ""Role Router"": ""0"", ""Time Child Milli"": ""135155"", ""Time Detached Milli"": ""845"", ""Time Disabled Milli"": ""0"", ""Time Leader Milli"": ""0"", ""Time Router Milli"": ""0"", ""Time Tracked Milli"": ""136000""}",,,,
131,317.0,1.0,0.0,child,4801,7e28de12a391d189,4800,,3,3,136,5,,4800,7e28de12a391d189,20.0,20.0,,,,,,,,,,,,,,,,,False,False,MutualInterference,minimal_end_device,med,disabled,True,packet_probe,post_parent_removal,router_a,1,,,"{""RxFailed"": ""0"", ""RxSuccess"": ""17"", ""TxFailed"": ""0"", ""TxSuccess"": ""2""}","{""Attach Attempts"": ""1"", ""Better Parent Attach Attempts"": ""0"", ""Better Partition Attach Attempts"": ""0"", ""Parent Changes"": ""0"", ""Partition Id Changes"": ""1"", ""Role Child"": ""1"", ""Role Detached"": ""1"", ""Role Disabled"": ""0"", ""Role Leader"": ""0"", ""Role Router"": ""0"", ""Time Child Milli"": ""136155"", ""Time Detached Milli"": ""845"", ""Time Disabled Milli"": ""0"", ""Time Leader Milli"": ""0"", ""Time Router Milli"": ""0"", ""Time Tracked Milli"": ""137000""}",,,,
132,318.0,1.0,0.0,child,4801,7e28de12a391d189,4800,,3,3,137,5,,4800,7e28de12a391d189,20.0,20.0,,,,,,,,,,,,,,,,,False,False,MutualInterference,minimal_end_device,med,disabled,True,packet_probe,post_parent_removal,router_a,1,,,"{""RxFailed"": ""0"", ""RxSuccess"": ""17"", ""TxFailed"": ""0"", ""TxSuccess"": ""2""}","{""Attach Attempts"": ""1"", ""Better Parent Attach Attempts"": ""0"", ""Better Partition Attach Attempts"": ""0"", ""Parent Changes"": ""0"", ""Partition Id Changes"": ""1"", ""Role Child"": ""1"", ""Role Detached"": ""1"", ""Role Disabled"": ""0"", ""Role Leader"": ""0"", ""Role Router"": ""0"", ""Time Child Milli"": ""137155"", ""Time Detached Milli"": ""845"", ""Time Disabled Milli"": ""0"", ""Time Leader Milli"": ""0"", ""Time Router Milli"": ""0"", ""Time Tracked Milli"": ""138000""}",,,,
133,319.0,1.0,0.0,child,4801,7e28de12a391d189,4800,,3,3,138,5,,4800,7e28de12a391d189,20.0,20.0,,,,,,,,,,,,,,,,,False,False,MutualInterference,minimal_end_device,med,disabled,True,packet_probe,post_parent_removal,router_a,1,,,"{""RxFailed"": ""0"", ""RxSuccess"": ""17"", ""TxFailed"": ""0"", ""TxSuccess"": ""2""}","{""Attach Attempts"": ""1"", ""Better Parent Attach Attempts"": ""0"", ""Better Partition Attach Attempts"": ""0"", ""Parent Changes"": ""0"", ""Partition Id Changes"": ""1"", ""Role Child"": ""1"", ""Role Detached"": ""1"", ""Role Disabled"": ""0"", ""Role Leader"": ""0"", ""Role Router"": ""0"", ""Time Child Milli"": ""138155"", ""Time Detached Milli"": ""845"", ""Time Disabled Milli"": ""0"", ""Time Leader Milli"": ""0"", ""Time Router Milli"": ""0"", ""Time Tracked Milli"": ""139000""}",,,,
134,320.0,1.0,0.0,child,4801,7e28de12a391d189,4800,,3,3,139,5,,4800,7e28de12a391d189,20.0,20.0,,,,,,,,,,,,,,,,,False,False,MutualInterference,minimal_end_device,med,disabled,True,packet_probe,post_parent_removal,router_a,1,,,"{""RxFailed"": ""0"", ""RxSuccess"": ""17"", ""TxFailed"": ""0"", ""TxSuccess"": ""2""}","{""Attach Attempts"": ""1"", ""Better Parent Attach Attempts"": ""0"", ""Better Partition Attach Attempts"": ""0"", ""Parent Changes"": ""0"", ""Partition Id Changes"": ""1"", ""Role Child"": ""1"", ""Role Detached"": ""1"", ""Role Disabled"": ""0"", ""Role Leader"": ""0"", ""Role Router"": ""0"", ""Time Child Milli"": ""139155"", ""Time Detached Milli"": ""845"", ""Time Disabled Milli"": ""0"", ""Time Leader Milli"": ""0"", ""Time Router Milli"": ""0"", ""Time Tracked Milli"": ""140000""}",,,,
135,321.0,1.0,0.0,child,4801,7e28de12a391d189,4800,,3,3,140,5,,4800,7e28de12a391d189,20.0,20.0,,,,,,,,,,,,,,,,,False,False,MutualInterference,minimal_end_device,med,disabled,True,packet_probe,post_parent_removal,router_a,1,,,"{""RxFailed"": ""0"", ""RxSuccess"": ""17"", ""TxFailed"": ""0"", ""TxSuccess"": ""2""}","{""Attach Attempts"": ""1"", ""Better Parent Attach Attempts"": ""0"", ""Better Partition Attach Attempts"": ""0"", ""Parent Changes"": ""0"", ""Partition Id Changes"": ""1"", ""Role Child"": ""1"", ""Role Detached"": ""1"", ""Role Disabled"": ""0"", ""Role Leader"": ""0"", ""Role Router"": ""0"", ""Time Child Milli"": ""140155"", ""Time Detached Milli"": ""845"", ""Time Disabled Milli"": ""0"", ""Time Leader Milli"": ""0"", ""Time Router Milli"": ""0"", ""Time Tracked Milli"": ""141000""}",,,,
136,322.0,1.0,0.0,child,4801,7e28de12a391d189,4800,,3,3,141,5,,4800,7e28de12a391d189,20.0,20.0,,,,,,,,,,,,,,,,,False,False,MutualInterference,minimal_end_device,med,disabled,True,packet_probe,post_parent_removal,router_a,1,,,"{""RxFailed"": ""0"", ""RxSuccess"": ""17"", ""TxFailed"": ""0"", ""TxSuccess"": ""2""}","{""Attach Attempts"": ""1"", ""Better Parent Attach Attempts"": ""0"", ""Better Partition Attach Attempts"": ""0"", ""Parent Changes"": ""0"", ""Partition Id Changes"": ""1"", ""Role Child"": ""1"", ""Role Detached"": ""1"", ""Role Disabled"": ""0"", ""Role Leader"": ""0"", ""Role Router"": ""0"", ""Time Child Milli"": ""141155"", ""Time Detached Milli"": ""845"", ""Time Disabled Milli"": ""0"", ""Time Leader Milli"": ""0"", ""Time Router Milli"": ""0"", ""Time Tracked Milli"": ""142000""}",,,,
137,323.0,1.0,0.0,child,4801,7e28de12a391d189,4800,,3,3,142,5,,4800,7e28de12a391d189,20.0,20.0,,,,,,,,,,,,,,,,,False,False,MutualInterference,minimal_end_device,med,disabled,True,packet_probe,post_parent_removal,router_a,1,,,"{""RxFailed"": ""0"", ""RxSuccess"": ""17"", ""TxFailed"": ""0"", ""TxSuccess"": ""2""}","{""Attach Attempts"": ""1"", ""Better Parent Attach Attempts"": ""0"", ""Better Partition Attach Attempts"": ""0"", ""Parent Changes"": ""0"", ""Partition Id Changes"": ""1"", ""Role Child"": ""1"", ""Role Detached"": ""1"", ""Role Disabled"": ""0"", ""Role Leader"": ""0"", ""Role Router"": ""0"", ""Time Child Milli"": ""142155"", ""Time Detached Milli"": ""845"", ""Time Disabled Milli"": ""0"", ""Time Leader Milli"": ""0"", ""Time Router Milli"": ""0"", ""Time Tracked Milli"": ""143000""}",,,,
138,324.0,1.0,0.0,child,4801,7e28de12a391d189,4800,,3,3,143,5,,4800,7e28de12a391d189,20.0,20.0,,,,,,,,,,,,,,,,,False,False,MutualInterference,minimal_end_device,med,disabled,True,packet_probe,post_parent_removal,router_a,1,,,"{""RxFailed"": ""0"", ""RxSuccess"": ""17"", ""TxFailed"": ""0"", ""TxSuccess"": ""2""}","{""Attach Attempts"": ""1"", ""Better Parent Attach Attempts"": ""0"", ""Better Partition Attach Attempts"": ""0"", ""Parent Changes"": ""0"", ""Partition Id Changes"": ""1"", ""Role Child"": ""1"", ""Role Detached"": ""1"", ""Role Disabled"": ""0"", ""Role Leader"": ""0"", ""Role Router"": ""0"", ""Time Child Milli"": ""143155"", ""Time Detached Milli"": ""845"", ""Time Disabled Milli"": ""0"", ""Time Leader Milli"": ""0"", ""Time Router Milli"": ""0"", ""Time Tracked Milli"": ""144000""}",,,,
139,325.0,1.0,0.0,child,4801,7e28de12a391d189,4800,,3,3,144,5,,4800,7e28de12a391d189,20.0,20.0,,,,,,,,,,,,,,,,,False,False,MutualInterference,minimal_end_device,med,disabled,True,packet_probe,post_parent_removal,router_a,1,,,"{""RxFailed"": ""0"", ""RxSuccess"": ""17"", ""TxFailed"": ""0"", ""TxSuccess"": ""2""}","{""Attach Attempts"": ""1"", ""Better Parent Attach Attempts"": ""0"", ""Better Partition Attach Attempts"": ""0"", ""Parent Changes"": ""0"", ""Partition Id Changes"": ""1"", ""Role Child"": ""1"", ""Role Detached"": ""1"", ""Role Disabled"": ""0"", ""Role Leader"": ""0"", ""Role Router"": ""0"", ""Time Child Milli"": ""144155"", ""Time Detached Milli"": ""845"", ""Time Disabled Milli"": ""0"", ""Time Leader Milli"": ""0"", ""Time Router Milli"": ""0"", ""Time Tracked Milli"": ""145000""}",,,,
140,326.0,1.0,0.0,child,4801,7e28de12a391d189,4800,,3,3,145,5,,4800,7e28de12a391d189,20.0,20.0,,,,,,,,,,,,,,,,,False,False,MutualInterference,minimal_end_device,med,disabled,True,packet_probe,post_parent_removal,router_a,1,,,"{""RxFailed"": ""0"", ""RxSuccess"": ""17"", ""TxFailed"": ""0"", ""TxSuccess"": ""2""}","{""Attach Attempts"": ""1"", ""Better Parent Attach Attempts"": ""0"", ""Better Partition Attach Attempts"": ""0"", ""Parent Changes"": ""0"", ""Partition Id Changes"": ""1"", ""Role Child"": ""1"", ""Role Detached"": ""1"", ""Role Disabled"": ""0"", ""Role Leader"": ""0"", ""Role Router"": ""0"", ""Time Child Milli"": ""145155"", ""Time Detached Milli"": ""845"", ""Time Disabled Milli"": ""0"", ""Time Leader Milli"": ""0"", ""Time Router Milli"": ""0"", ""Time Tracked Milli"": ""146000""}",,,,
141,327.0,1.0,0.0,child,4801,7e28de12a391d189,4800,,3,3,146,5,,4800,7e28de12a391d189,20.0,20.0,,,,,,,,,,,,,,,,,False,False,MutualInterference,minimal_end_device,med,disabled,True,packet_probe,post_parent_removal,router_a,1,,,"{""RxFailed"": ""0"", ""RxSuccess"": ""17"", ""TxFailed"": ""0"", ""TxSuccess"": ""2""}","{""Attach Attempts"": ""1"", ""Better Parent Attach Attempts"": ""0"", ""Better Partition Attach Attempts"": ""0"", ""Parent Changes"": ""0"", ""Partition Id Changes"": ""1"", ""Role Child"": ""1"", ""Role Detached"": ""1"", ""Role Disabled"": ""0"", ""Role Leader"": ""0"", ""Role Router"": ""0"", ""Time Child Milli"": ""146155"", ""Time Detached Milli"": ""845"", ""Time Disabled Milli"": ""0"", ""Time Leader Milli"": ""0"", ""Time Router Milli"": ""0"", ""Time Tracked Milli"": ""147000""}",,,,
142,328.0,1.0,0.0,child,4801,7e28de12a391d189,4800,,3,3,147,5,,4800,7e28de12a391d189,20.0,20.0,,,,,,,,,,,,,,,,,False,False,MutualInterference,minimal_end_device,med,disabled,True,packet_probe,post_parent_removal,router_a,1,,,"{""RxFailed"": ""0"", ""RxSuccess"": ""17"", ""TxFailed"": ""0"", ""TxSuccess"": ""2""}","{""Attach Attempts"": ""1"", ""Better Parent Attach Attempts"": ""0"", ""Better Partition Attach Attempts"": ""0"", ""Parent Changes"": ""0"", ""Partition Id Changes"": ""1"", ""Role Child"": ""1"", ""Role Detached"": ""1"", ""Role Disabled"": ""0"", ""Role Leader"": ""0"", ""Role Router"": ""0"", ""Time Child Milli"": ""147155"", ""Time Detached Milli"": ""845"", ""Time Disabled Milli"": ""0"", ""Time Leader Milli"": ""0"", ""Time Router Milli"": ""0"", ""Time Tracked Milli"": ""148000""}",,,,
143,329.0,1.0,0.0,child,4801,7e28de12a391d189,4800,,3,3,148,5,,4800,7e28de12a391d189,20.0,20.0,,,,,,,,,,,,,,,,,False,False,MutualInterference,minimal_end_device,med,disabled,True,packet_probe,post_parent_removal,router_a,1,,,"{""RxFailed"": ""0"", ""RxSuccess"": ""17"", ""TxFailed"": ""0"", ""TxSuccess"": ""2""}","{""Attach Attempts"": ""1"", ""Better Parent Attach Attempts"": ""0"", ""Better Partition Attach Attempts"": ""0"", ""Parent Changes"": ""0"", ""Partition Id Changes"": ""1"", ""Role Child"": ""1"", ""Role Detached"": ""1"", ""Role Disabled"": ""0"", ""Role Leader"": ""0"", ""Role Router"": ""0"", ""Time Child Milli"": ""148155"", ""Time Detached Milli"": ""845"", ""Time Disabled Milli"": ""0"", ""Time Leader Milli"": ""0"", ""Time Router Milli"": ""0"", ""Time Tracked Milli"": ""149000""}",,,,
144,330.0,1.0,0.0,child,4801,7e28de12a391d189,4800,,3,3,149,5,,4800,7e28de12a391d189,20.0,20.0,,,,,,,,,,,,,,,,,False,False,MutualInterference,minimal_end_device,med,disabled,True,packet_probe,post_parent_removal,router_a,1,,,"{""RxFailed"": ""0"", ""RxSuccess"": ""17"", ""TxFailed"": ""0"", ""TxSuccess"": ""2""}","{""Attach Attempts"": ""1"", ""Better Parent Attach Attempts"": ""0"", ""Better Partition Attach Attempts"": ""0"", ""Parent Changes"": ""0"", ""Partition Id Changes"": ""1"", ""Role Child"": ""1"", ""Role Detached"": ""1"", ""Role Disabled"": ""0"", ""Role Leader"": ""0"", ""Role Router"": ""0"", ""Time Child Milli"": ""149155"", ""Time Detached Milli"": ""845"", ""Time Disabled Milli"": ""0"", ""Time Leader Milli"": ""0"", ""Time Router Milli"": ""0"", ""Time Tracked Milli"": ""150000""}",,,,
145,331.0,1.0,0.0,child,4801,7e28de12a391d189,4800,,3,3,150,5,,4800,7e28de12a391d189,20.0,20.0,,,,,,,,,,,,,,,,,False,False,MutualInterference,minimal_end_device,med,disabled,True,packet_probe,post_parent_removal,router_a,1,,,"{""RxFailed"": ""0"", ""RxSuccess"": ""18"", ""TxFailed"": ""0"", ""TxSuccess"": ""2""}","{""Attach Attempts"": ""1"", ""Better Parent Attach Attempts"": ""0"", ""Better Partition Attach Attempts"": ""0"", ""Parent Changes"": ""0"", ""Partition Id Changes"": ""1"", ""Role Child"": ""1"", ""Role Detached"": ""1"", ""Role Disabled"": ""0"", ""Role Leader"": ""0"", ""Role Router"": ""0"", ""Time Child Milli"": ""150155"", ""Time Detached Milli"": ""845"", ""Time Disabled Milli"": ""0"", ""Time Leader Milli"": ""0"", ""Time Router Milli"": ""0"", ""Time Tracked Milli"": ""151000""}",,,,
146,332.0,1.0,0.0,child,4801,7e28de12a391d189,4800,,3,3,151,5,,4800,7e28de12a391d189,20.0,20.0,,,,,,,,,,,,,,,,,False,False,MutualInterference,minimal_end_device,med,disabled,True,packet_probe,post_parent_removal,router_a,1,,,"{""RxFailed"": ""0"", ""RxSuccess"": ""18"", ""TxFailed"": ""0"", ""TxSuccess"": ""2""}","{""Attach Attempts"": ""1"", ""Better Parent Attach Attempts"": ""0"", ""Better Partition Attach Attempts"": ""0"", ""Parent Changes"": ""0"", ""Partition Id Changes"": ""1"", ""Role Child"": ""1"", ""Role Detached"": ""1"", ""Role Disabled"": ""0"", ""Role Leader"": ""0"", ""Role Router"": ""0"", ""Time Child Milli"": ""151155"", ""Time Detached Milli"": ""845"", ""Time Disabled Milli"": ""0"", ""Time Leader Milli"": ""0"", ""Time Router Milli"": ""0"", ""Time Tracked Milli"": ""152000""}",,,,
147,333.0,1.0,0.0,child,4801,7e28de12a391d189,4800,,3,3,152,5,,4800,7e28de12a391d189,20.0,20.0,,,,,,,,,,,,,,,,,False,False,MutualInterference,minimal_end_device,med,disabled,True,packet_probe,post_parent_removal,router_a,1,,,"{""RxFailed"": ""0"", ""RxSuccess"": ""18"", ""TxFailed"": ""0"", ""TxSuccess"": ""2""}","{""Attach Attempts"": ""1"", ""Better Parent Attach Attempts"": ""0"", ""Better Partition Attach Attempts"": ""0"", ""Parent Changes"": ""0"", ""Partition Id Changes"": ""1"", ""Role Child"": ""1"", ""Role Detached"": ""1"", ""Role Disabled"": ""0"", ""Role Leader"": ""0"", ""Role Router"": ""0"", ""Time Child Milli"": ""152155"", ""Time Detached Milli"": ""845"", ""Time Disabled Milli"": ""0"", ""Time Leader Milli"": ""0"", ""Time Router Milli"": ""0"", ""Time Tracked Milli"": ""153000""}",,,,
148,334.0,1.0,0.0,child,4801,7e28de12a391d189,4800,,3,3,153,5,,4800,7e28de12a391d189,20.0,20.0,,,,,,,,,,,,,,,,,False,False,MutualInterference,minimal_end_device,med,disabled,True,packet_probe,post_parent_removal,router_a,1,,,"{""RxFailed"": ""0"", ""RxSuccess"": ""18"", ""TxFailed"": ""0"", ""TxSuccess"": ""2""}","{""Attach Attempts"": ""1"", ""Better Parent Attach Attempts"": ""0"", ""Better Partition Attach Attempts"": ""0"", ""Parent Changes"": ""0"", ""Partition Id Changes"": ""1"", ""Role Child"": ""1"", ""Role Detached"": ""1"", ""Role Disabled"": ""0"", ""Role Leader"": ""0"", ""Role Router"": ""0"", ""Time Child Milli"": ""153155"", ""Time Detached Milli"": ""845"", ""Time Disabled Milli"": ""0"", ""Time Leader Milli"": ""0"", ""Time Router Milli"": ""0"", ""Time Tracked Milli"": ""154000""}",,,,
149,335.0,1.0,0.0,child,4801,7e28de12a391d189,4800,,3,3,154,5,,4800,7e28de12a391d189,20.0,20.0,,,,,,,,,,,,,,,,,False,False,MutualInterference,minimal_end_device,med,disabled,True,packet_probe,post_parent_removal,router_a,1,,,"{""RxFailed"": ""0"", ""RxSuccess"": ""18"", ""TxFailed"": ""0"", ""TxSuccess"": ""2""}","{""Attach Attempts"": ""1"", ""Better Parent Attach Attempts"": ""0"", ""Better Partition Attach Attempts"": ""0"", ""Parent Changes"": ""0"", ""Partition Id Changes"": ""1"", ""Role Child"": ""1"", ""Role Detached"": ""1"", ""Role Disabled"": ""0"", ""Role Leader"": ""0"", ""Role Router"": ""0"", ""Time Child Milli"": ""154155"", ""Time Detached Milli"": ""845"", ""Time Disabled Milli"": ""0"", ""Time Leader Milli"": ""0"", ""Time Router Milli"": ""0"", ""Time Tracked Milli"": ""155000""}",,,,
150,336.0,1.0,0.0,child,4801,7e28de12a391d189,4800,,3,3,155,5,,4800,7e28de12a391d189,20.0,20.0,,,,,,,,,,,,,,,,,False,False,MutualInterference,minimal_end_device,med,disabled,True,packet_probe,post_parent_removal,router_a,1,,,"{""RxFailed"": ""0"", ""RxSuccess"": ""18"", ""TxFailed"": ""0"", ""TxSuccess"": ""2""}","{""Attach Attempts"": ""1"", ""Better Parent Attach Attempts"": ""0"", ""Better Partition Attach Attempts"": ""0"", ""Parent Changes"": ""0"", ""Partition Id Changes"": ""1"", ""Role Child"": ""1"", ""Role Detached"": ""1"", ""Role Disabled"": ""0"", ""Role Leader"": ""0"", ""Role Router"": ""0"", ""Time Child Milli"": ""155155"", ""Time Detached Milli"": ""845"", ""Time Disabled Milli"": ""0"", ""Time Leader Milli"": ""0"", ""Time Router Milli"": ""0"", ""Time Tracked Milli"": ""156000""}",,,,
151,337.0,1.0,0.0,child,4801,7e28de12a391d189,4800,,3,3,156,5,,4800,7e28de12a391d189,20.0,20.0,,,,,,,,,,,,,,,,,False,False,MutualInterference,minimal_end_device,med,disabled,True,packet_probe,post_parent_removal,router_a,1,,,"{""RxFailed"": ""0"", ""RxSuccess"": ""18"", ""TxFailed"": ""0"", ""TxSuccess"": ""2""}","{""Attach Attempts"": ""1"", ""Better Parent Attach Attempts"": ""0"", ""Better Partition Attach Attempts"": ""0"", ""Parent Changes"": ""0"", ""Partition Id Changes"": ""1"", ""Role Child"": ""1"", ""Role Detached"": ""1"", ""Role Disabled"": ""0"", ""Role Leader"": ""0"", ""Role Router"": ""0"", ""Time Child Milli"": ""156155"", ""Time Detached Milli"": ""845"", ""Time Disabled Milli"": ""0"", ""Time Leader Milli"": ""0"", ""Time Router Milli"": ""0"", ""Time Tracked Milli"": ""157000""}",,,,
152,338.0,1.0,0.0,child,4801,7e28de12a391d189,4800,,3,3,157,5,,4800,7e28de12a391d189,20.0,20.0,,,,,,,,,,,,,,,,,False,False,MutualInterference,minimal_end_device,med,disabled,True,packet_probe,post_parent_removal,router_a,1,,,"{""RxFailed"": ""0"", ""RxSuccess"": ""18"", ""TxFailed"": ""0"", ""TxSuccess"": ""2""}","{""Attach Attempts"": ""1"", ""Better Parent Attach Attempts"": ""0"", ""Better Partition Attach Attempts"": ""0"", ""Parent Changes"": ""0"", ""Partition Id Changes"": ""1"", ""Role Child"": ""1"", ""Role Detached"": ""1"", ""Role Disabled"": ""0"", ""Role Leader"": ""0"", ""Role Router"": ""0"", ""Time Child Milli"": ""157155"", ""Time Detached Milli"": ""845"", ""Time Disabled Milli"": ""0"", ""Time Leader Milli"": ""0"", ""Time Router Milli"": ""0"", ""Time Tracked Milli"": ""158000""}",,,,
153,339.0,1.0,0.0,child,4801,7e28de12a391d189,4800,,3,3,158,5,,4800,7e28de12a391d189,20.0,20.0,,,,,,,,,,,,,,,,,False,False,MutualInterference,minimal_end_device,med,disabled,True,packet_probe,post_parent_removal,router_a,1,,,"{""RxFailed"": ""0"", ""RxSuccess"": ""18"", ""TxFailed"": ""0"", ""TxSuccess"": ""2""}","{""Attach Attempts"": ""1"", ""Better Parent Attach Attempts"": ""0"", ""Better Partition Attach Attempts"": ""0"", ""Parent Changes"": ""0"", ""Partition Id Changes"": ""1"", ""Role Child"": ""1"", ""Role Detached"": ""1"", ""Role Disabled"": ""0"", ""Role Leader"": ""0"", ""Role Router"": ""0"", ""Time Child Milli"": ""158155"", ""Time Detached Milli"": ""845"", ""Time Disabled Milli"": ""0"", ""Time Leader Milli"": ""0"", ""Time Router Milli"": ""0"", ""Time Tracked Milli"": ""159000""}",,,,
154,340.0,1.0,0.0,child,4801,7e28de12a391d189,4800,,3,3,159,5,,4800,7e28de12a391d189,20.0,20.0,,,,,,,,,,,,,,,,,False,False,MutualInterference,minimal_end_device,med,disabled,True,packet_probe,post_parent_removal,router_a,1,,,"{""RxFailed"": ""0"", ""RxSuccess"": ""18"", ""TxFailed"": ""0"", ""TxSuccess"": ""2""}","{""Attach Attempts"": ""1"", ""Better Parent Attach Attempts"": ""0"", ""Better Partition Attach Attempts"": ""0"", ""Parent Changes"": ""0"", ""Partition Id Changes"": ""1"", ""Role Child"": ""1"", ""Role Detached"": ""1"", ""Role Disabled"": ""0"", ""Role Leader"": ""0"", ""Role Router"": ""0"", ""Time Child Milli"": ""159155"", ""Time Detached Milli"": ""845"", ""Time Disabled Milli"": ""0"", ""Time Leader Milli"": ""0"", ""Time Router Milli"": ""0"", ""Time Tracked Milli"": ""160000""}",,,,
155,341.0,1.0,0.0,child,4801,7e28de12a391d189,4800,,3,3,160,5,,4800,7e28de12a391d189,20.0,20.0,,,,,,,,,,,,,,,,,False,False,MutualInterference,minimal_end_device,med,disabled,True,packet_probe,post_parent_removal,router_a,1,,,"{""RxFailed"": ""0"", ""RxSuccess"": ""18"", ""TxFailed"": ""0"", ""TxSuccess"": ""2""}","{""Attach Attempts"": ""1"", ""Better Parent Attach Attempts"": ""0"", ""Better Partition Attach Attempts"": ""0"", ""Parent Changes"": ""0"", ""Partition Id Changes"": ""1"", ""Role Child"": ""1"", ""Role Detached"": ""1"", ""Role Disabled"": ""0"", ""Role Leader"": ""0"", ""Role Router"": ""0"", ""Time Child Milli"": ""160155"", ""Time Detached Milli"": ""845"", ""Time Disabled Milli"": ""0"", ""Time Leader Milli"": ""0"", ""Time Router Milli"": ""0"", ""Time Tracked Milli"": ""161000""}",,,,
156,342.0,1.0,0.0,child,4801,7e28de12a391d189,4800,,3,3,161,5,,4800,7e28de12a391d189,20.0,20.0,,,,,,,,,,,,,,,,,False,False,MutualInterference,minimal_end_device,med,disabled,True,packet_probe,post_parent_removal,router_a,1,,,"{""RxFailed"": ""0"", ""RxSuccess"": ""18"", ""TxFailed"": ""0"", ""TxSuccess"": ""2""}","{""Attach Attempts"": ""1"", ""Better Parent Attach Attempts"": ""0"", ""Better Partition Attach Attempts"": ""0"", ""Parent Changes"": ""0"", ""Partition Id Changes"": ""1"", ""Role Child"": ""1"", ""Role Detached"": ""1"", ""Role Disabled"": ""0"", ""Role Leader"": ""0"", ""Role Router"": ""0"", ""Time Child Milli"": ""161155"", ""Time Detached Milli"": ""845"", ""Time Disabled Milli"": ""0"", ""Time Leader Milli"": ""0"", ""Time Router Milli"": ""0"", ""Time Tracked Milli"": ""162000""}",,,,
157,343.0,1.0,0.0,child,4801,7e28de12a391d189,4800,,3,3,162,5,,4800,7e28de12a391d189,20.0,20.0,,,,,,,,,,,,,,,,,False,False,MutualInterference,minimal_end_device,med,disabled,True,packet_probe,post_parent_removal,router_a,1,,,"{""RxFailed"": ""0"", ""RxSuccess"": ""19"", ""TxFailed"": ""0"", ""TxSuccess"": ""2""}","{""Attach Attempts"": ""1"", ""Better Parent Attach Attempts"": ""0"", ""Better Partition Attach Attempts"": ""0"", ""Parent Changes"": ""0"", ""Partition Id Changes"": ""1"", ""Role Child"": ""1"", ""Role Detached"": ""1"", ""Role Disabled"": ""0"", ""Role Leader"": ""0"", ""Role Router"": ""0"", ""Time Child Milli"": ""162155"", ""Time Detached Milli"": ""845"", ""Time Disabled Milli"": ""0"", ""Time Leader Milli"": ""0"", ""Time Router Milli"": ""0"", ""Time Tracked Milli"": ""163000""}",,,,
158,344.0,1.0,0.0,child,4801,7e28de12a391d189,4800,,3,3,163,5,,4800,7e28de12a391d189,20.0,20.0,,,,,,,,,,,,,,,,,False,False,MutualInterference,minimal_end_device,med,disabled,True,packet_probe,post_parent_removal,router_a,1,,,"{""RxFailed"": ""0"", ""RxSuccess"": ""19"", ""TxFailed"": ""0"", ""TxSuccess"": ""2""}","{""Attach Attempts"": ""1"", ""Better Parent Attach Attempts"": ""0"", ""Better Partition Attach Attempts"": ""0"", ""Parent Changes"": ""0"", ""Partition Id Changes"": ""1"", ""Role Child"": ""1"", ""Role Detached"": ""1"", ""Role Disabled"": ""0"", ""Role Leader"": ""0"", ""Role Router"": ""0"", ""Time Child Milli"": ""163155"", ""Time Detached Milli"": ""845"", ""Time Disabled Milli"": ""0"", ""Time Leader Milli"": ""0"", ""Time Router Milli"": ""0"", ""Time Tracked Milli"": ""164000""}",,,,
159,345.0,1.0,0.0,child,4801,7e28de12a391d189,4800,,3,3,164,5,,4800,7e28de12a391d189,20.0,20.0,,,,,,,,,,,,,,,,,False,False,MutualInterference,minimal_end_device,med,disabled,True,packet_probe,post_parent_removal,router_a,1,,,"{""RxFailed"": ""0"", ""RxSuccess"": ""19"", ""TxFailed"": ""0"", ""TxSuccess"": ""2""}","{""Attach Attempts"": ""1"", ""Better Parent Attach Attempts"": ""0"", ""Better Partition Attach Attempts"": ""0"", ""Parent Changes"": ""0"", ""Partition Id Changes"": ""1"", ""Role Child"": ""1"", ""Role Detached"": ""1"", ""Role Disabled"": ""0"", ""Role Leader"": ""0"", ""Role Router"": ""0"", ""Time Child Milli"": ""164155"", ""Time Detached Milli"": ""845"", ""Time Disabled Milli"": ""0"", ""Time Leader Milli"": ""0"", ""Time Router Milli"": ""0"", ""Time Tracked Milli"": ""165000""}",,,,
160,346.0,1.0,0.0,child,4801,7e28de12a391d189,4800,,3,3,165,5,,4800,7e28de12a391d189,20.0,20.0,,,,,,,,,,,,,,,,,False,False,MutualInterference,minimal_end_device,med,disabled,True,packet_probe,post_parent_removal,router_a,1,,,"{""RxFailed"": ""0"", ""RxSuccess"": ""19"", ""TxFailed"": ""0"", ""TxSuccess"": ""2""}","{""Attach Attempts"": ""1"", ""Better Parent Attach Attempts"": ""0"", ""Better Partition Attach Attempts"": ""0"", ""Parent Changes"": ""0"", ""Partition Id Changes"": ""1"", ""Role Child"": ""1"", ""Role Detached"": ""1"", ""Role Disabled"": ""0"", ""Role Leader"": ""0"", ""Role Router"": ""0"", ""Time Child Milli"": ""165155"", ""Time Detached Milli"": ""845"", ""Time Disabled Milli"": ""0"", ""Time Leader Milli"": ""0"", ""Time Router Milli"": ""0"", ""Time Tracked Milli"": ""166000""}",,,,
161,347.0,1.0,0.0,child,4801,7e28de12a391d189,4800,,3,3,166,5,,4800,7e28de12a391d189,20.0,20.0,,,,,,,,,,,,,,,,,False,False,MutualInterference,minimal_end_device,med,disabled,True,packet_probe,post_parent_removal,router_a,1,,,"{""RxFailed"": ""0"", ""RxSuccess"": ""19"", ""TxFailed"": ""0"", ""TxSuccess"": ""2""}","{""Attach Attempts"": ""1"", ""Better Parent Attach Attempts"": ""0"", ""Better Partition Attach Attempts"": ""0"", ""Parent Changes"": ""0"", ""Partition Id Changes"": ""1"", ""Role Child"": ""1"", ""Role Detached"": ""1"", ""Role Disabled"": ""0"", ""Role Leader"": ""0"", ""Role Router"": ""0"", ""Time Child Milli"": ""166155"", ""Time Detached Milli"": ""845"", ""Time Disabled Milli"": ""0"", ""Time Leader Milli"": ""0"", ""Time Router Milli"": ""0"", ""Time Tracked Milli"": ""167000""}",,,,
162,348.0,1.0,0.0,child,4801,7e28de12a391d189,4800,,3,3,167,5,,4800,7e28de12a391d189,20.0,20.0,,,,,,,,,,,,,,,,,False,False,MutualInterference,minimal_end_device,med,disabled,True,packet_probe,post_parent_removal,router_a,1,,,"{""RxFailed"": ""0"", ""RxSuccess"": ""19"", ""TxFailed"": ""0"", ""TxSuccess"": ""2""}","{""Attach Attempts"": ""1"", ""Better Parent Attach Attempts"": ""0"", ""Better Partition Attach Attempts"": ""0"", ""Parent Changes"": ""0"", ""Partition Id Changes"": ""1"", ""Role Child"": ""1"", ""Role Detached"": ""1"", ""Role Disabled"": ""0"", ""Role Leader"": ""0"", ""Role Router"": ""0"", ""Time Child Milli"": ""167155"", ""Time Detached Milli"": ""845"", ""Time Disabled Milli"": ""0"", ""Time Leader Milli"": ""0"", ""Time Router Milli"": ""0"", ""Time Tracked Milli"": ""168000""}",,,,
163,349.0,1.0,0.0,child,4801,7e28de12a391d189,4800,,3,3,168,5,,4800,7e28de12a391d189,20.0,20.0,,,,,,,,,,,,,,,,,False,False,MutualInterference,minimal_end_device,med,disabled,True,packet_probe,post_parent_removal,router_a,1,,,"{""RxFailed"": ""0"", ""RxSuccess"": ""19"", ""TxFailed"": ""0"", ""TxSuccess"": ""2""}","{""Attach Attempts"": ""1"", ""Better Parent Attach Attempts"": ""0"", ""Better Partition Attach Attempts"": ""0"", ""Parent Changes"": ""0"", ""Partition Id Changes"": ""1"", ""Role Child"": ""1"", ""Role Detached"": ""1"", ""Role Disabled"": ""0"", ""Role Leader"": ""0"", ""Role Router"": ""0"", ""Time Child Milli"": ""168155"", ""Time Detached Milli"": ""845"", ""Time Disabled Milli"": ""0"", ""Time Leader Milli"": ""0"", ""Time Router Milli"": ""0"", ""Time Tracked Milli"": ""169000""}",,,,
164,350.0,1.0,0.0,child,4801,7e28de12a391d189,4800,,3,3,169,5,,4800,7e28de12a391d189,20.0,20.0,,,,,,,,,,,,,,,,,False,False,MutualInterference,minimal_end_device,med,disabled,True,packet_probe,post_parent_removal,router_a,1,,,"{""RxFailed"": ""0"", ""RxSuccess"": ""19"", ""TxFailed"": ""0"", ""TxSuccess"": ""2""}","{""Attach Attempts"": ""1"", ""Better Parent Attach Attempts"": ""0"", ""Better Partition Attach Attempts"": ""0"", ""Parent Changes"": ""0"", ""Partition Id Changes"": ""1"", ""Role Child"": ""1"", ""Role Detached"": ""1"", ""Role Disabled"": ""0"", ""Role Leader"": ""0"", ""Role Router"": ""0"", ""Time Child Milli"": ""169155"", ""Time Detached Milli"": ""845"", ""Time Disabled Milli"": ""0"", ""Time Leader Milli"": ""0"", ""Time Router Milli"": ""0"", ""Time Tracked Milli"": ""170000""}",,,,
165,351.0,1.0,0.0,child,4801,7e28de12a391d189,4800,,3,3,170,5,,4800,7e28de12a391d189,20.0,20.0,,,,,,,,,,,,,,,,,False,False,MutualInterference,minimal_end_device,med,disabled,True,packet_probe,post_parent_removal,router_a,1,,,"{""RxFailed"": ""0"", ""RxSuccess"": ""19"", ""TxFailed"": ""0"", ""TxSuccess"": ""2""}","{""Attach Attempts"": ""1"", ""Better Parent Attach Attempts"": ""0"", ""Better Partition Attach Attempts"": ""0"", ""Parent Changes"": ""0"", ""Partition Id Changes"": ""1"", ""Role Child"": ""1"", ""Role Detached"": ""1"", ""Role Disabled"": ""0"", ""Role Leader"": ""0"", ""Role Router"": ""0"", ""Time Child Milli"": ""170155"", ""Time Detached Milli"": ""845"", ""Time Disabled Milli"": ""0"", ""Time Leader Milli"": ""0"", ""Time Router Milli"": ""0"", ""Time Tracked Milli"": ""171000""}",,,,
166,352.0,1.0,0.0,child,4801,7e28de12a391d189,4800,,3,3,171,5,,4800,7e28de12a391d189,20.0,20.0,,,,,,,,,,,,,,,,,False,False,MutualInterference,minimal_end_device,med,disabled,True,packet_probe,post_parent_removal,router_a,1,,,"{""RxFailed"": ""0"", ""RxSuccess"": ""19"", ""TxFailed"": ""0"", ""TxSuccess"": ""2""}","{""Attach Attempts"": ""1"", ""Better Parent Attach Attempts"": ""0"", ""Better Partition Attach Attempts"": ""0"", ""Parent Changes"": ""0"", ""Partition Id Changes"": ""1"", ""Role Child"": ""1"", ""Role Detached"": ""1"", ""Role Disabled"": ""0"", ""Role Leader"": ""0"", ""Role Router"": ""0"", ""Time Child Milli"": ""171155"", ""Time Detached Milli"": ""845"", ""Time Disabled Milli"": ""0"", ""Time Leader Milli"": ""0"", ""Time Router Milli"": ""0"", ""Time Tracked Milli"": ""172000""}",,,,
167,353.0,1.0,0.0,child,4801,7e28de12a391d189,4800,,3,3,172,5,,4800,7e28de12a391d189,20.0,20.0,,,,,,,,,,,,,,,,,False,False,MutualInterference,minimal_end_device,med,disabled,True,packet_probe,post_parent_removal,router_a,1,,,"{""RxFailed"": ""0"", ""RxSuccess"": ""19"", ""TxFailed"": ""0"", ""TxSuccess"": ""2""}","{""Attach Attempts"": ""1"", ""Better Parent Attach Attempts"": ""0"", ""Better Partition Attach Attempts"": ""0"", ""Parent Changes"": ""0"", ""Partition Id Changes"": ""1"", ""Role Child"": ""1"", ""Role Detached"": ""1"", ""Role Disabled"": ""0"", ""Role Leader"": ""0"", ""Role Router"": ""0"", ""Time Child Milli"": ""172155"", ""Time Detached Milli"": ""845"", ""Time Disabled Milli"": ""0"", ""Time Leader Milli"": ""0"", ""Time Router Milli"": ""0"", ""Time Tracked Milli"": ""173000""}",,,,
168,354.0,1.0,0.0,child,4801,7e28de12a391d189,4800,,3,3,173,5,,4800,7e28de12a391d189,20.0,20.0,,,,,,,,,,,,,,,,,False,False,MutualInterference,minimal_end_device,med,disabled,True,packet_probe,post_parent_removal,router_a,1,,,"{""RxFailed"": ""0"", ""RxSuccess"": ""20"", ""TxFailed"": ""0"", ""TxSuccess"": ""2""}","{""Attach Attempts"": ""1"", ""Better Parent Attach Attempts"": ""0"", ""Better Partition Attach Attempts"": ""0"", ""Parent Changes"": ""0"", ""Partition Id Changes"": ""1"", ""Role Child"": ""1"", ""Role Detached"": ""1"", ""Role Disabled"": ""0"", ""Role Leader"": ""0"", ""Role Router"": ""0"", ""Time Child Milli"": ""173155"", ""Time Detached Milli"": ""845"", ""Time Disabled Milli"": ""0"", ""Time Leader Milli"": ""0"", ""Time Router Milli"": ""0"", ""Time Tracked Milli"": ""174000""}",,,,
169,355.0,1.0,0.0,child,4801,7e28de12a391d189,4800,,3,3,174,5,,4800,7e28de12a391d189,20.0,20.0,,,,,,,,,,,,,,,,,False,False,MutualInterference,minimal_end_device,med,disabled,True,packet_probe,post_parent_removal,router_a,1,,,"{""RxFailed"": ""0"", ""RxSuccess"": ""20"", ""TxFailed"": ""0"", ""TxSuccess"": ""2""}","{""Attach Attempts"": ""1"", ""Better Parent Attach Attempts"": ""0"", ""Better Partition Attach Attempts"": ""0"", ""Parent Changes"": ""0"", ""Partition Id Changes"": ""1"", ""Role Child"": ""1"", ""Role Detached"": ""1"", ""Role Disabled"": ""0"", ""Role Leader"": ""0"", ""Role Router"": ""0"", ""Time Child Milli"": ""174155"", ""Time Detached Milli"": ""845"", ""Time Disabled Milli"": ""0"", ""Time Leader Milli"": ""0"", ""Time Router Milli"": ""0"", ""Time Tracked Milli"": ""175000""}",,,,
170,356.0,1.0,0.0,child,4801,7e28de12a391d189,4800,,3,3,175,5,,4800,7e28de12a391d189,20.0,20.0,,,,,,,,,,,,,,,,,False,False,MutualInterference,minimal_end_device,med,disabled,True,packet_probe,post_parent_removal,router_a,1,,,"{""RxFailed"": ""0"", ""RxSuccess"": ""20"", ""TxFailed"": ""0"", ""TxSuccess"": ""2""}","{""Attach Attempts"": ""1"", ""Better Parent Attach Attempts"": ""0"", ""Better Partition Attach Attempts"": ""0"", ""Parent Changes"": ""0"", ""Partition Id Changes"": ""1"", ""Role Child"": ""1"", ""Role Detached"": ""1"", ""Role Disabled"": ""0"", ""Role Leader"": ""0"", ""Role Router"": ""0"", ""Time Child Milli"": ""175155"", ""Time Detached Milli"": ""845"", ""Time Disabled Milli"": ""0"", ""Time Leader Milli"": ""0"", ""Time Router Milli"": ""0"", ""Time Tracked Milli"": ""176000""}",,,,
171,357.0,1.0,0.0,child,4801,7e28de12a391d189,4800,,3,3,176,5,,4800,7e28de12a391d189,20.0,20.0,,,,,,,,,,,,,,,,,False,False,MutualInterference,minimal_end_device,med,disabled,True,packet_probe,post_parent_removal,router_a,1,,,"{""RxFailed"": ""0"", ""RxSuccess"": ""20"", ""TxFailed"": ""0"", ""TxSuccess"": ""2""}","{""Attach Attempts"": ""1"", ""Better Parent Attach Attempts"": ""0"", ""Better Partition Attach Attempts"": ""0"", ""Parent Changes"": ""0"", ""Partition Id Changes"": ""1"", ""Role Child"": ""1"", ""Role Detached"": ""1"", ""Role Disabled"": ""0"", ""Role Leader"": ""0"", ""Role Router"": ""0"", ""Time Child Milli"": ""176155"", ""Time Detached Milli"": ""845"", ""Time Disabled Milli"": ""0"", ""Time Leader Milli"": ""0"", ""Time Router Milli"": ""0"", ""Time Tracked Milli"": ""177000""}",,,,
172,358.0,1.0,0.0,child,4801,7e28de12a391d189,4800,,3,3,177,5,,4800,7e28de12a391d189,20.0,20.0,,,,,,,,,,,,,,,,,False,False,MutualInterference,minimal_end_device,med,disabled,True,packet_probe,post_parent_removal,router_a,1,,,"{""RxFailed"": ""0"", ""RxSuccess"": ""20"", ""TxFailed"": ""0"", ""TxSuccess"": ""2""}","{""Attach Attempts"": ""1"", ""Better Parent Attach Attempts"": ""0"", ""Better Partition Attach Attempts"": ""0"", ""Parent Changes"": ""0"", ""Partition Id Changes"": ""1"", ""Role Child"": ""1"", ""Role Detached"": ""1"", ""Role Disabled"": ""0"", ""Role Leader"": ""0"", ""Role Router"": ""0"", ""Time Child Milli"": ""177155"", ""Time Detached Milli"": ""845"", ""Time Disabled Milli"": ""0"", ""Time Leader Milli"": ""0"", ""Time Router Milli"": ""0"", ""Time Tracked Milli"": ""178000""}",,,,
173,359.0,1.0,0.0,child,4801,7e28de12a391d189,4800,,3,3,178,5,,4800,7e28de12a391d189,20.0,20.0,,,,,,,,,,,,,,,,,False,False,MutualInterference,minimal_end_device,med,disabled,True,packet_probe,post_parent_removal,router_a,1,,,"{""RxFailed"": ""0"", ""RxSuccess"": ""20"", ""TxFailed"": ""0"", ""TxSuccess"": ""2""}","{""Attach Attempts"": ""1"", ""Better Parent Attach Attempts"": ""0"", ""Better Partition Attach Attempts"": ""0"", ""Parent Changes"": ""0"", ""Partition Id Changes"": ""1"", ""Role Child"": ""1"", ""Role Detached"": ""1"", ""Role Disabled"": ""0"", ""Role Leader"": ""0"", ""Role Router"": ""0"", ""Time Child Milli"": ""178155"", ""Time Detached Milli"": ""845"", ""Time Disabled Milli"": ""0"", ""Time Leader Milli"": ""0"", ""Time Router Milli"": ""0"", ""Time Tracked Milli"": ""179000""}",,,,
174,360.0,1.0,0.0,child,4801,7e28de12a391d189,4800,,3,3,179,5,,4800,7e28de12a391d189,20.0,20.0,,,,,,,,,,,,,,,,,False,False,MutualInterference,minimal_end_device,med,disabled,True,packet_probe,post_parent_removal,router_a,1,,,"{""RxFailed"": ""0"", ""RxSuccess"": ""20"", ""TxFailed"": ""0"", ""TxSuccess"": ""2""}","{""Attach Attempts"": ""1"", ""Better Parent Attach Attempts"": ""0"", ""Better Partition Attach Attempts"": ""0"", ""Parent Changes"": ""0"", ""Partition Id Changes"": ""1"", ""Role Child"": ""1"", ""Role Detached"": ""1"", ""Role Disabled"": ""0"", ""Role Leader"": ""0"", ""Role Router"": ""0"", ""Time Child Milli"": ""179155"", ""Time Detached Milli"": ""845"", ""Time Disabled Milli"": ""0"", ""Time Leader Milli"": ""0"", ""Time Router Milli"": ""0"", ""Time Tracked Milli"": ""180000""}",,,,
175,361.0,1.0,0.0,child,4801,7e28de12a391d189,4800,,3,3,180,5,,4800,7e28de12a391d189,20.0,20.0,,,,,,,,,,,,,,,,,False,False,MutualInterference,minimal_end_device,med,disabled,True,packet_probe,post_parent_removal,router_a,1,,,"{""RxFailed"": ""0"", ""RxSuccess"": ""20"", ""TxFailed"": ""0"", ""TxSuccess"": ""2""}","{""Attach Attempts"": ""1"", ""Better Parent Attach Attempts"": ""0"", ""Better Partition Attach Attempts"": ""0"", ""Parent Changes"": ""0"", ""Partition Id Changes"": ""1"", ""Role Child"": ""1"", ""Role Detached"": ""1"", ""Role Disabled"": ""0"", ""Role Leader"": ""0"", ""Role Router"": ""0"", ""Time Child Milli"": ""180155"", ""Time Detached Milli"": ""845"", ""Time Disabled Milli"": ""0"", ""Time Leader Milli"": ""0"", ""Time Router Milli"": ""0"", ""Time Tracked Milli"": ""181000""}",,,,
176,362.0,1.0,0.0,child,4801,7e28de12a391d189,4800,,3,3,181,5,,4800,7e28de12a391d189,20.0,20.0,,,,,,,,,,,,,,,,,False,False,MutualInterference,minimal_end_device,med,disabled,True,packet_probe,post_parent_removal,router_a,1,,,"{""RxFailed"": ""0"", ""RxSuccess"": ""20"", ""TxFailed"": ""0"", ""TxSuccess"": ""2""}","{""Attach Attempts"": ""1"", ""Better Parent Attach Attempts"": ""0"", ""Better Partition Attach Attempts"": ""0"", ""Parent Changes"": ""0"", ""Partition Id Changes"": ""1"", ""Role Child"": ""1"", ""Role Detached"": ""1"", ""Role Disabled"": ""0"", ""Role Leader"": ""0"", ""Role Router"": ""0"", ""Time Child Milli"": ""181155"", ""Time Detached Milli"": ""845"", ""Time Disabled Milli"": ""0"", ""Time Leader Milli"": ""0"", ""Time Router Milli"": ""0"", ""Time Tracked Milli"": ""182000""}",,,,
177,363.0,1.0,0.0,child,4801,7e28de12a391d189,4800,,3,3,182,5,,4800,7e28de12a391d189,20.0,20.0,,,,,,,,,,,,,,,,,False,False,MutualInterference,minimal_end_device,med,disabled,True,packet_probe,post_parent_removal,router_a,1,,,"{""RxFailed"": ""0"", ""RxSuccess"": ""20"", ""TxFailed"": ""0"", ""TxSuccess"": ""2""}","{""Attach Attempts"": ""1"", ""Better Parent Attach Attempts"": ""0"", ""Better Partition Attach Attempts"": ""0"", ""Parent Changes"": ""0"", ""Partition Id Changes"": ""1"", ""Role Child"": ""1"", ""Role Detached"": ""1"", ""Role Disabled"": ""0"", ""Role Leader"": ""0"", ""Role Router"": ""0"", ""Time Child Milli"": ""182155"", ""Time Detached Milli"": ""845"", ""Time Disabled Milli"": ""0"", ""Time Leader Milli"": ""0"", ""Time Router Milli"": ""0"", ""Time Tracked Milli"": ""183000""}",,,,
178,364.0,1.0,0.0,child,4801,7e28de12a391d189,4800,,3,3,183,5,,4800,7e28de12a391d189,20.0,20.0,,,,,,,,,,,,,,,,,False,False,MutualInterference,minimal_end_device,med,disabled,True,packet_probe,post_parent_removal,router_a,1,,,"{""RxFailed"": ""0"", ""RxSuccess"": ""20"", ""TxFailed"": ""0"", ""TxSuccess"": ""2""}","{""Attach Attempts"": ""1"", ""Better Parent Attach Attempts"": ""0"", ""Better Partition Attach Attempts"": ""0"", ""Parent Changes"": ""0"", ""Partition Id Changes"": ""1"", ""Role Child"": ""1"", ""Role Detached"": ""1"", ""Role Disabled"": ""0"", ""Role Leader"": ""0"", ""Role Router"": ""0"", ""Time Child Milli"": ""183155"", ""Time Detached Milli"": ""845"", ""Time Disabled Milli"": ""0"", ""Time Leader Milli"": ""0"", ""Time Router Milli"": ""0"", ""Time Tracked Milli"": ""184000""}",,,,
179,365.0,1.0,0.0,child,4801,7e28de12a391d189,4800,,3,3,184,5,,4800,7e28de12a391d189,20.0,20.0,,,,,,,,,,,,,,,,,False,False,MutualInterference,minimal_end_device,med,disabled,True,packet_probe,post_parent_removal,router_a,1,,,"{""RxFailed"": ""0"", ""RxSuccess"": ""20"", ""TxFailed"": ""0"", ""TxSuccess"": ""2""}","{""Attach Attempts"": ""1"", ""Better Parent Attach Attempts"": ""0"", ""Better Partition Attach Attempts"": ""0"", ""Parent Changes"": ""0"", ""Partition Id Changes"": ""1"", ""Role Child"": ""1"", ""Role Detached"": ""1"", ""Role Disabled"": ""0"", ""Role Leader"": ""0"", ""Role Router"": ""0"", ""Time Child Milli"": ""184155"", ""Time Detached Milli"": ""845"", ""Time Disabled Milli"": ""0"", ""Time Leader Milli"": ""0"", ""Time Router Milli"": ""0"", ""Time Tracked Milli"": ""185000""}",,,,
180,366.0,1.0,0.0,child,4801,7e28de12a391d189,4800,,3,3,185,5,,4800,7e28de12a391d189,20.0,20.0,,,,,,,,,,,,,,,,,False,False,MutualInterference,minimal_end_device,med,disabled,True,packet_probe,post_parent_removal,router_a,1,,,"{""RxFailed"": ""0"", ""RxSuccess"": ""21"", ""TxFailed"": ""0"", ""TxSuccess"": ""2""}","{""Attach Attempts"": ""1"", ""Better Parent Attach Attempts"": ""0"", ""Better Partition Attach Attempts"": ""0"", ""Parent Changes"": ""0"", ""Partition Id Changes"": ""1"", ""Role Child"": ""1"", ""Role Detached"": ""1"", ""Role Disabled"": ""0"", ""Role Leader"": ""0"", ""Role Router"": ""0"", ""Time Child Milli"": ""185155"", ""Time Detached Milli"": ""845"", ""Time Disabled Milli"": ""0"", ""Time Leader Milli"": ""0"", ""Time Router Milli"": ""0"", ""Time Tracked Milli"": ""186000""}",,,,
181,367.0,1.0,0.0,child,4801,7e28de12a391d189,4800,,3,3,186,5,,4800,7e28de12a391d189,20.0,20.0,,,,,,,,,,,,,,,,,False,False,MutualInterference,minimal_end_device,med,disabled,True,packet_probe,post_parent_removal,router_a,1,,,"{""RxFailed"": ""0"", ""RxSuccess"": ""21"", ""TxFailed"": ""0"", ""TxSuccess"": ""2""}","{""Attach Attempts"": ""1"", ""Better Parent Attach Attempts"": ""0"", ""Better Partition Attach Attempts"": ""0"", ""Parent Changes"": ""0"", ""Partition Id Changes"": ""1"", ""Role Child"": ""1"", ""Role Detached"": ""1"", ""Role Disabled"": ""0"", ""Role Leader"": ""0"", ""Role Router"": ""0"", ""Time Child Milli"": ""186155"", ""Time Detached Milli"": ""845"", ""Time Disabled Milli"": ""0"", ""Time Leader Milli"": ""0"", ""Time Router Milli"": ""0"", ""Time Tracked Milli"": ""187000""}",,,,
182,368.0,1.0,0.0,child,4801,7e28de12a391d189,4800,,3,3,187,5,,4800,7e28de12a391d189,20.0,20.0,,,,,,,,,,,,,,,,,False,False,MutualInterference,minimal_end_device,med,disabled,True,packet_probe,post_parent_removal,router_a,1,,,"{""RxFailed"": ""0"", ""RxSuccess"": ""21"", ""TxFailed"": ""0"", ""TxSuccess"": ""2""}","{""Attach Attempts"": ""1"", ""Better Parent Attach Attempts"": ""0"", ""Better Partition Attach Attempts"": ""0"", ""Parent Changes"": ""0"", ""Partition Id Changes"": ""1"", ""Role Child"": ""1"", ""Role Detached"": ""1"", ""Role Disabled"": ""0"", ""Role Leader"": ""0"", ""Role Router"": ""0"", ""Time Child Milli"": ""187155"", ""Time Detached Milli"": ""845"", ""Time Disabled Milli"": ""0"", ""Time Leader Milli"": ""0"", ""Time Router Milli"": ""0"", ""Time Tracked Milli"": ""188000""}",,,,
183,369.0,1.0,0.0,child,4801,7e28de12a391d189,4800,,3,3,188,5,,4800,7e28de12a391d189,20.0,20.0,,,,,,,,,,,,,,,,,False,False,MutualInterference,minimal_end_device,med,disabled,True,packet_probe,post_parent_removal,router_a,1,,,"{""RxFailed"": ""0"", ""RxSuccess"": ""21"", ""TxFailed"": ""0"", ""TxSuccess"": ""2""}","{""Attach Attempts"": ""1"", ""Better Parent Attach Attempts"": ""0"", ""Better Partition Attach Attempts"": ""0"", ""Parent Changes"": ""0"", ""Partition Id Changes"": ""1"", ""Role Child"": ""1"", ""Role Detached"": ""1"", ""Role Disabled"": ""0"", ""Role Leader"": ""0"", ""Role Router"": ""0"", ""Time Child Milli"": ""188155"", ""Time Detached Milli"": ""845"", ""Time Disabled Milli"": ""0"", ""Time Leader Milli"": ""0"", ""Time Router Milli"": ""0"", ""Time Tracked Milli"": ""189000""}",,,,
184,370.0,1.0,0.0,child,4801,7e28de12a391d189,4800,,3,3,189,5,,4800,7e28de12a391d189,20.0,20.0,,,,,,,,,,,,,,,,,False,False,MutualInterference,minimal_end_device,med,disabled,True,packet_probe,post_parent_removal,router_a,1,,,"{""RxFailed"": ""0"", ""RxSuccess"": ""21"", ""TxFailed"": ""0"", ""TxSuccess"": ""2""}","{""Attach Attempts"": ""1"", ""Better Parent Attach Attempts"": ""0"", ""Better Partition Attach Attempts"": ""0"", ""Parent Changes"": ""0"", ""Partition Id Changes"": ""1"", ""Role Child"": ""1"", ""Role Detached"": ""1"", ""Role Disabled"": ""0"", ""Role Leader"": ""0"", ""Role Router"": ""0"", ""Time Child Milli"": ""189155"", ""Time Detached Milli"": ""845"", ""Time Disabled Milli"": ""0"", ""Time Leader Milli"": ""0"", ""Time Router Milli"": ""0"", ""Time Tracked Milli"": ""190000""}",,,,
185,371.0,1.0,0.0,child,4801,7e28de12a391d189,4800,,3,3,190,5,,4800,7e28de12a391d189,20.0,20.0,,,,,,,,,,,,,,,,,False,False,MutualInterference,minimal_end_device,med,disabled,True,packet_probe,post_parent_removal,router_a,1,,,"{""RxFailed"": ""0"", ""RxSuccess"": ""21"", ""TxFailed"": ""0"", ""TxSuccess"": ""2""}","{""Attach Attempts"": ""1"", ""Better Parent Attach Attempts"": ""0"", ""Better Partition Attach Attempts"": ""0"", ""Parent Changes"": ""0"", ""Partition Id Changes"": ""1"", ""Role Child"": ""1"", ""Role Detached"": ""1"", ""Role Disabled"": ""0"", ""Role Leader"": ""0"", ""Role Router"": ""0"", ""Time Child Milli"": ""190155"", ""Time Detached Milli"": ""845"", ""Time Disabled Milli"": ""0"", ""Time Leader Milli"": ""0"", ""Time Router Milli"": ""0"", ""Time Tracked Milli"": ""191000""}",,,,
186,372.0,1.0,0.0,child,4801,7e28de12a391d189,4800,,3,3,191,5,,4800,7e28de12a391d189,20.0,20.0,,,,,,,,,,,,,,,,,False,False,MutualInterference,minimal_end_device,med,disabled,True,packet_probe,post_parent_removal,router_a,1,,,"{""RxFailed"": ""0"", ""RxSuccess"": ""21"", ""TxFailed"": ""0"", ""TxSuccess"": ""2""}","{""Attach Attempts"": ""1"", ""Better Parent Attach Attempts"": ""0"", ""Better Partition Attach Attempts"": ""0"", ""Parent Changes"": ""0"", ""Partition Id Changes"": ""1"", ""Role Child"": ""1"", ""Role Detached"": ""1"", ""Role Disabled"": ""0"", ""Role Leader"": ""0"", ""Role Router"": ""0"", ""Time Child Milli"": ""191155"", ""Time Detached Milli"": ""845"", ""Time Disabled Milli"": ""0"", ""Time Leader Milli"": ""0"", ""Time Router Milli"": ""0"", ""Time Tracked Milli"": ""192000""}",,,,
187,373.0,1.0,0.0,child,4801,7e28de12a391d189,4800,,3,3,192,5,,4800,7e28de12a391d189,20.0,20.0,,,,,,,,,,,,,,,,,False,False,MutualInterference,minimal_end_device,med,disabled,True,packet_probe,post_parent_removal,router_a,1,,,"{""RxFailed"": ""0"", ""RxSuccess"": ""21"", ""TxFailed"": ""0"", ""TxSuccess"": ""2""}","{""Attach Attempts"": ""1"", ""Better Parent Attach Attempts"": ""0"", ""Better Partition Attach Attempts"": ""0"", ""Parent Changes"": ""0"", ""Partition Id Changes"": ""1"", ""Role Child"": ""1"", ""Role Detached"": ""1"", ""Role Disabled"": ""0"", ""Role Leader"": ""0"", ""Role Router"": ""0"", ""Time Child Milli"": ""192155"", ""Time Detached Milli"": ""845"", ""Time Disabled Milli"": ""0"", ""Time Leader Milli"": ""0"", ""Time Router Milli"": ""0"", ""Time Tracked Milli"": ""193000""}",,,,
188,374.0,1.0,0.0,child,4801,7e28de12a391d189,4800,,3,3,193,5,,4800,7e28de12a391d189,20.0,20.0,,,,,,,,,,,,,,,,,False,False,MutualInterference,minimal_end_device,med,disabled,True,packet_probe,post_parent_removal,router_a,1,,,"{""RxFailed"": ""0"", ""RxSuccess"": ""22"", ""TxFailed"": ""0"", ""TxSuccess"": ""2""}","{""Attach Attempts"": ""1"", ""Better Parent Attach Attempts"": ""0"", ""Better Partition Attach Attempts"": ""0"", ""Parent Changes"": ""0"", ""Partition Id Changes"": ""1"", ""Role Child"": ""1"", ""Role Detached"": ""1"", ""Role Disabled"": ""0"", ""Role Leader"": ""0"", ""Role Router"": ""0"", ""Time Child Milli"": ""193155"", ""Time Detached Milli"": ""845"", ""Time Disabled Milli"": ""0"", ""Time Leader Milli"": ""0"", ""Time Router Milli"": ""0"", ""Time Tracked Milli"": ""194000""}",,,,
189,375.0,1.0,0.0,child,4801,7e28de12a391d189,4800,,3,3,194,5,,4800,7e28de12a391d189,20.0,20.0,,,,,,,,,,,,,,,,,False,False,MutualInterference,minimal_end_device,med,disabled,True,packet_probe,post_parent_removal,router_a,1,,,"{""RxFailed"": ""0"", ""RxSuccess"": ""23"", ""TxFailed"": ""0"", ""TxSuccess"": ""2""}","{""Attach Attempts"": ""1"", ""Better Parent Attach Attempts"": ""0"", ""Better Partition Attach Attempts"": ""0"", ""Parent Changes"": ""0"", ""Partition Id Changes"": ""1"", ""Role Child"": ""1"", ""Role Detached"": ""1"", ""Role Disabled"": ""0"", ""Role Leader"": ""0"", ""Role Router"": ""0"", ""Time Child Milli"": ""194155"", ""Time Detached Milli"": ""845"", ""Time Disabled Milli"": ""0"", ""Time Leader Milli"": ""0"", ""Time Router Milli"": ""0"", ""Time Tracked Milli"": ""195000""}",,,,
190,376.0,1.0,0.0,child,4801,7e28de12a391d189,4800,,3,3,195,5,,4800,7e28de12a391d189,20.0,20.0,,,,,,,,,,,,,,,,,False,False,MutualInterference,minimal_end_device,med,disabled,True,packet_probe,post_parent_removal,router_a,1,,,"{""RxFailed"": ""0"", ""RxSuccess"": ""23"", ""TxFailed"": ""0"", ""TxSuccess"": ""2""}","{""Attach Attempts"": ""1"", ""Better Parent Attach Attempts"": ""0"", ""Better Partition Attach Attempts"": ""0"", ""Parent Changes"": ""0"", ""Partition Id Changes"": ""1"", ""Role Child"": ""1"", ""Role Detached"": ""1"", ""Role Disabled"": ""0"", ""Role Leader"": ""0"", ""Role Router"": ""0"", ""Time Child Milli"": ""195155"", ""Time Detached Milli"": ""845"", ""Time Disabled Milli"": ""0"", ""Time Leader Milli"": ""0"", ""Time Router Milli"": ""0"", ""Time Tracked Milli"": ""196000""}",,,,
191,377.0,1.0,0.0,child,4801,7e28de12a391d189,4800,,3,3,196,5,,4800,7e28de12a391d189,20.0,20.0,,,,,,,,,,,,,,,,,False,False,MutualInterference,minimal_end_device,med,disabled,True,packet_probe,post_parent_removal,router_a,1,,,"{""RxFailed"": ""0"", ""RxSuccess"": ""23"", ""TxFailed"": ""0"", ""TxSuccess"": ""2""}","{""Attach Attempts"": ""1"", ""Better Parent Attach Attempts"": ""0"", ""Better Partition Attach Attempts"": ""0"", ""Parent Changes"": ""0"", ""Partition Id Changes"": ""1"", ""Role Child"": ""1"", ""Role Detached"": ""1"", ""Role Disabled"": ""0"", ""Role Leader"": ""0"", ""Role Router"": ""0"", ""Time Child Milli"": ""196155"", ""Time Detached Milli"": ""845"", ""Time Disabled Milli"": ""0"", ""Time Leader Milli"": ""0"", ""Time Router Milli"": ""0"", ""Time Tracked Milli"": ""197000""}",,,,
192,378.0,1.0,0.0,child,4801,7e28de12a391d189,4800,,3,3,197,5,,4800,7e28de12a391d189,20.0,20.0,,,,,,,,,,,,,,,,,False,False,MutualInterference,minimal_end_device,med,disabled,True,packet_probe,post_parent_removal,router_a,1,,,"{""RxFailed"": ""0"", ""RxSuccess"": ""23"", ""TxFailed"": ""0"", ""TxSuccess"": ""2""}","{""Attach Attempts"": ""1"", ""Better Parent Attach Attempts"": ""0"", ""Better Partition Attach Attempts"": ""0"", ""Parent Changes"": ""0"", ""Partition Id Changes"": ""1"", ""Role Child"": ""1"", ""Role Detached"": ""1"", ""Role Disabled"": ""0"", ""Role Leader"": ""0"", ""Role Router"": ""0"", ""Time Child Milli"": ""197155"", ""Time Detached Milli"": ""845"", ""Time Disabled Milli"": ""0"", ""Time Leader Milli"": ""0"", ""Time Router Milli"": ""0"", ""Time Tracked Milli"": ""198000""}",,,,
193,379.0,1.0,0.0,child,4801,7e28de12a391d189,4800,,3,3,198,5,,4800,7e28de12a391d189,20.0,20.0,,,,,,,,,,,,,,,,,False,False,MutualInterference,minimal_end_device,med,disabled,True,packet_probe,post_parent_removal,router_a,1,,,"{""RxFailed"": ""0"", ""RxSuccess"": ""24"", ""TxFailed"": ""0"", ""TxSuccess"": ""2""}","{""Attach Attempts"": ""1"", ""Better Parent Attach Attempts"": ""0"", ""Better Partition Attach Attempts"": ""0"", ""Parent Changes"": ""0"", ""Partition Id Changes"": ""1"", ""Role Child"": ""1"", ""Role Detached"": ""1"", ""Role Disabled"": ""0"", ""Role Leader"": ""0"", ""Role Router"": ""0"", ""Time Child Milli"": ""198155"", ""Time Detached Milli"": ""845"", ""Time Disabled Milli"": ""0"", ""Time Leader Milli"": ""0"", ""Time Router Milli"": ""0"", ""Time Tracked Milli"": ""199000""}",,,,
194,380.0,1.0,0.0,child,4801,7e28de12a391d189,4800,,3,3,199,5,,4800,7e28de12a391d189,20.0,20.0,,,,,,,,,,,,,,,,,False,False,MutualInterference,minimal_end_device,med,disabled,True,packet_probe,post_parent_removal,router_a,1,,,"{""RxFailed"": ""0"", ""RxSuccess"": ""24"", ""TxFailed"": ""0"", ""TxSuccess"": ""2""}","{""Attach Attempts"": ""1"", ""Better Parent Attach Attempts"": ""0"", ""Better Partition Attach Attempts"": ""0"", ""Parent Changes"": ""0"", ""Partition Id Changes"": ""1"", ""Role Child"": ""1"", ""Role Detached"": ""1"", ""Role Disabled"": ""0"", ""Role Leader"": ""0"", ""Role Router"": ""0"", ""Time Child Milli"": ""199155"", ""Time Detached Milli"": ""845"", ""Time Disabled Milli"": ""0"", ""Time Leader Milli"": ""0"", ""Time Router Milli"": ""0"", ""Time Tracked Milli"": ""200000""}",,,,
195,381.0,1.0,0.0,child,4801,7e28de12a391d189,4800,,3,3,200,5,,4800,7e28de12a391d189,20.0,20.0,,,,,,,,,,,,,,,,,False,False,MutualInterference,minimal_end_device,med,disabled,True,packet_probe,post_parent_removal,router_a,1,,,"{""RxFailed"": ""0"", ""RxSuccess"": ""24"", ""TxFailed"": ""0"", ""TxSuccess"": ""2""}","{""Attach Attempts"": ""1"", ""Better Parent Attach Attempts"": ""0"", ""Better Partition Attach Attempts"": ""0"", ""Parent Changes"": ""0"", ""Partition Id Changes"": ""1"", ""Role Child"": ""1"", ""Role Detached"": ""1"", ""Role Disabled"": ""0"", ""Role Leader"": ""0"", ""Role Router"": ""0"", ""Time Child Milli"": ""200155"", ""Time Detached Milli"": ""845"", ""Time Disabled Milli"": ""0"", ""Time Leader Milli"": ""0"", ""Time Router Milli"": ""0"", ""Time Tracked Milli"": ""201000""}",,,,
196,382.0,1.0,0.0,child,4801,7e28de12a391d189,4800,,3,3,201,5,,4800,7e28de12a391d189,20.0,20.0,,,,,,,,,,,,,,,,,False,False,MutualInterference,minimal_end_device,med,disabled,True,packet_probe,post_parent_removal,router_a,1,,,"{""RxFailed"": ""0"", ""RxSuccess"": ""24"", ""TxFailed"": ""0"", ""TxSuccess"": ""2""}","{""Attach Attempts"": ""1"", ""Better Parent Attach Attempts"": ""0"", ""Better Partition Attach Attempts"": ""0"", ""Parent Changes"": ""0"", ""Partition Id Changes"": ""1"", ""Role Child"": ""1"", ""Role Detached"": ""1"", ""Role Disabled"": ""0"", ""Role Leader"": ""0"", ""Role Router"": ""0"", ""Time Child Milli"": ""201155"", ""Time Detached Milli"": ""845"", ""Time Disabled Milli"": ""0"", ""Time Leader Milli"": ""0"", ""Time Router Milli"": ""0"", ""Time Tracked Milli"": ""202000""}",,,,
197,383.0,1.0,0.0,child,4801,7e28de12a391d189,4800,,3,3,202,5,,4800,7e28de12a391d189,20.0,20.0,,,,,,,,,,,,,,,,,False,False,MutualInterference,minimal_end_device,med,disabled,True,packet_probe,post_parent_removal,router_a,1,,,"{""RxFailed"": ""0"", ""RxSuccess"": ""24"", ""TxFailed"": ""0"", ""TxSuccess"": ""2""}","{""Attach Attempts"": ""1"", ""Better Parent Attach Attempts"": ""0"", ""Better Partition Attach Attempts"": ""0"", ""Parent Changes"": ""0"", ""Partition Id Changes"": ""1"", ""Role Child"": ""1"", ""Role Detached"": ""1"", ""Role Disabled"": ""0"", ""Role Leader"": ""0"", ""Role Router"": ""0"", ""Time Child Milli"": ""202155"", ""Time Detached Milli"": ""845"", ""Time Disabled Milli"": ""0"", ""Time Leader Milli"": ""0"", ""Time Router Milli"": ""0"", ""Time Tracked Milli"": ""203000""}",,,,
198,384.0,1.0,0.0,child,4801,7e28de12a391d189,4800,,3,3,203,5,,4800,7e28de12a391d189,20.0,20.0,,,,,,,,,,,,,,,,,False,False,MutualInterference,minimal_end_device,med,disabled,True,packet_probe,post_parent_removal,router_a,1,,,"{""RxFailed"": ""0"", ""RxSuccess"": ""24"", ""TxFailed"": ""0"", ""TxSuccess"": ""2""}","{""Attach Attempts"": ""1"", ""Better Parent Attach Attempts"": ""0"", ""Better Partition Attach Attempts"": ""0"", ""Parent Changes"": ""0"", ""Partition Id Changes"": ""1"", ""Role Child"": ""1"", ""Role Detached"": ""1"", ""Role Disabled"": ""0"", ""Role Leader"": ""0"", ""Role Router"": ""0"", ""Time Child Milli"": ""203155"", ""Time Detached Milli"": ""845"", ""Time Disabled Milli"": ""0"", ""Time Leader Milli"": ""0"", ""Time Router Milli"": ""0"", ""Time Tracked Milli"": ""204000""}",,,,
199,385.0,1.0,0.0,child,4801,7e28de12a391d189,4800,,3,3,204,5,,4800,7e28de12a391d189,20.0,20.0,,,,,,,,,,,,,,,,,False,False,MutualInterference,minimal_end_device,med,disabled,True,packet_probe,post_parent_removal,router_a,1,,,"{""RxFailed"": ""0"", ""RxSuccess"": ""24"", ""TxFailed"": ""0"", ""TxSuccess"": ""2""}","{""Attach Attempts"": ""1"", ""Better Parent Attach Attempts"": ""0"", ""Better Partition Attach Attempts"": ""0"", ""Parent Changes"": ""0"", ""Partition Id Changes"": ""1"", ""Role Child"": ""1"", ""Role Detached"": ""1"", ""Role Disabled"": ""0"", ""Role Leader"": ""0"", ""Role Router"": ""0"", ""Time Child Milli"": ""204155"", ""Time Detached Milli"": ""845"", ""Time Disabled Milli"": ""0"", ""Time Leader Milli"": ""0"", ""Time Router Milli"": ""0"", ""Time Tracked Milli"": ""205000""}",,,,
200,386.0,1.0,0.0,child,4801,7e28de12a391d189,4800,,3,3,205,5,,4800,7e28de12a391d189,20.0,20.0,,,,,,,,,,,,,,,,,False,False,MutualInterference,minimal_end_device,med,disabled,True,packet_probe,post_parent_removal,router_a,1,,,"{""RxFailed"": ""0"", ""RxSuccess"": ""24"", ""TxFailed"": ""0"", ""TxSuccess"": ""2""}","{""Attach Attempts"": ""1"", ""Better Parent Attach Attempts"": ""0"", ""Better Partition Attach Attempts"": ""0"", ""Parent Changes"": ""0"", ""Partition Id Changes"": ""1"", ""Role Child"": ""1"", ""Role Detached"": ""1"", ""Role Disabled"": ""0"", ""Role Leader"": ""0"", ""Role Router"": ""0"", ""Time Child Milli"": ""205155"", ""Time Detached Milli"": ""845"", ""Time Disabled Milli"": ""0"", ""Time Leader Milli"": ""0"", ""Time Router Milli"": ""0"", ""Time Tracked Milli"": ""206000""}",,,,
201,387.0,1.0,0.0,child,4801,7e28de12a391d189,4800,,3,3,206,5,,4800,7e28de12a391d189,20.0,20.0,,,,,,,,,,,,,,,,,False,False,MutualInterference,minimal_end_device,med,disabled,True,packet_probe,post_parent_removal,router_a,1,,,"{""RxFailed"": ""0"", ""RxSuccess"": ""25"", ""TxFailed"": ""0"", ""TxSuccess"": ""2""}","{""Attach Attempts"": ""1"", ""Better Parent Attach Attempts"": ""0"", ""Better Partition Attach Attempts"": ""0"", ""Parent Changes"": ""0"", ""Partition Id Changes"": ""1"", ""Role Child"": ""1"", ""Role Detached"": ""1"", ""Role Disabled"": ""0"", ""Role Leader"": ""0"", ""Role Router"": ""0"", ""Time Child Milli"": ""206155"", ""Time Detached Milli"": ""845"", ""Time Disabled Milli"": ""0"", ""Time Leader Milli"": ""0"", ""Time Router Milli"": ""0"", ""Time Tracked Milli"": ""207000""}",,,,
202,388.0,1.0,0.0,child,4801,7e28de12a391d189,4800,,3,3,207,5,,4800,7e28de12a391d189,20.0,20.0,,,,,,,,,,,,,,,,,False,False,MutualInterference,minimal_end_device,med,disabled,True,packet_probe,post_parent_removal,router_a,1,,,"{""RxFailed"": ""0"", ""RxSuccess"": ""25"", ""TxFailed"": ""0"", ""TxSuccess"": ""2""}","{""Attach Attempts"": ""1"", ""Better Parent Attach Attempts"": ""0"", ""Better Partition Attach Attempts"": ""0"", ""Parent Changes"": ""0"", ""Partition Id Changes"": ""1"", ""Role Child"": ""1"", ""Role Detached"": ""1"", ""Role Disabled"": ""0"", ""Role Leader"": ""0"", ""Role Router"": ""0"", ""Time Child Milli"": ""207155"", ""Time Detached Milli"": ""845"", ""Time Disabled Milli"": ""0"", ""Time Leader Milli"": ""0"", ""Time Router Milli"": ""0"", ""Time Tracked Milli"": ""208000""}",,,,
203,389.0,1.0,0.0,child,4801,7e28de12a391d189,4800,,3,3,208,5,,4800,7e28de12a391d189,20.0,20.0,,,,,,,,,,,,,,,,,False,False,MutualInterference,minimal_end_device,med,disabled,True,packet_probe,post_parent_removal,router_a,1,,,"{""RxFailed"": ""0"", ""RxSuccess"": ""25"", ""TxFailed"": ""0"", ""TxSuccess"": ""2""}","{""Attach Attempts"": ""1"", ""Better Parent Attach Attempts"": ""0"", ""Better Partition Attach Attempts"": ""0"", ""Parent Changes"": ""0"", ""Partition Id Changes"": ""1"", ""Role Child"": ""1"", ""Role Detached"": ""1"", ""Role Disabled"": ""0"", ""Role Leader"": ""0"", ""Role Router"": ""0"", ""Time Child Milli"": ""208155"", ""Time Detached Milli"": ""845"", ""Time Disabled Milli"": ""0"", ""Time Leader Milli"": ""0"", ""Time Router Milli"": ""0"", ""Time Tracked Milli"": ""209000""}",,,,
204,390.0,1.0,0.0,child,4801,7e28de12a391d189,4800,,3,3,209,5,,4800,7e28de12a391d189,20.0,20.0,,,,,,,,,,,,,,,,,False,False,MutualInterference,minimal_end_device,med,disabled,True,packet_probe,post_parent_removal,router_a,1,,,"{""RxFailed"": ""0"", ""RxSuccess"": ""25"", ""TxFailed"": ""0"", ""TxSuccess"": ""2""}","{""Attach Attempts"": ""1"", ""Better Parent Attach Attempts"": ""0"", ""Better Partition Attach Attempts"": ""0"", ""Parent Changes"": ""0"", ""Partition Id Changes"": ""1"", ""Role Child"": ""1"", ""Role Detached"": ""1"", ""Role Disabled"": ""0"", ""Role Leader"": ""0"", ""Role Router"": ""0"", ""Time Child Milli"": ""209155"", ""Time Detached Milli"": ""845"", ""Time Disabled Milli"": ""0"", ""Time Leader Milli"": ""0"", ""Time Router Milli"": ""0"", ""Time Tracked Milli"": ""210000""}",,,,
205,391.0,1.0,0.0,child,4801,7e28de12a391d189,4800,,3,3,210,5,,4800,7e28de12a391d189,20.0,20.0,,,,,,,,,,,,,,,,,False,False,MutualInterference,minimal_end_device,med,disabled,True,packet_probe,post_parent_removal,router_a,1,,,"{""RxFailed"": ""0"", ""RxSuccess"": ""25"", ""TxFailed"": ""0"", ""TxSuccess"": ""2""}","{""Attach Attempts"": ""1"", ""Better Parent Attach Attempts"": ""0"", ""Better Partition Attach Attempts"": ""0"", ""Parent Changes"": ""0"", ""Partition Id Changes"": ""1"", ""Role Child"": ""1"", ""Role Detached"": ""1"", ""Role Disabled"": ""0"", ""Role Leader"": ""0"", ""Role Router"": ""0"", ""Time Child Milli"": ""210155"", ""Time Detached Milli"": ""845"", ""Time Disabled Milli"": ""0"", ""Time Leader Milli"": ""0"", ""Time Router Milli"": ""0"", ""Time Tracked Milli"": ""211000""}",,,,
206,392.0,1.0,0.0,child,4801,7e28de12a391d189,4800,,3,3,211,5,,4800,7e28de12a391d189,20.0,20.0,,,,,,,,,,,,,,,,,False,False,MutualInterference,minimal_end_device,med,disabled,True,packet_probe,post_parent_removal,router_a,1,,,"{""RxFailed"": ""0"", ""RxSuccess"": ""25"", ""TxFailed"": ""0"", ""TxSuccess"": ""2""}","{""Attach Attempts"": ""1"", ""Better Parent Attach Attempts"": ""0"", ""Better Partition Attach Attempts"": ""0"", ""Parent Changes"": ""0"", ""Partition Id Changes"": ""1"", ""Role Child"": ""1"", ""Role Detached"": ""1"", ""Role Disabled"": ""0"", ""Role Leader"": ""0"", ""Role Router"": ""0"", ""Time Child Milli"": ""211155"", ""Time Detached Milli"": ""845"", ""Time Disabled Milli"": ""0"", ""Time Leader Milli"": ""0"", ""Time Router Milli"": ""0"", ""Time Tracked Milli"": ""212000""}",,,,
207,393.0,1.0,0.0,child,4801,7e28de12a391d189,4800,,3,3,212,5,,4800,7e28de12a391d189,20.0,20.0,,,,,,,,,,,,,,,,,False,False,MutualInterference,minimal_end_device,med,disabled,True,packet_probe,post_parent_removal,router_a,1,,,"{""RxFailed"": ""0"", ""RxSuccess"": ""25"", ""TxFailed"": ""0"", ""TxSuccess"": ""2""}","{""Attach Attempts"": ""1"", ""Better Parent Attach Attempts"": ""0"", ""Better Partition Attach Attempts"": ""0"", ""Parent Changes"": ""0"", ""Partition Id Changes"": ""1"", ""Role Child"": ""1"", ""Role Detached"": ""1"", ""Role Disabled"": ""0"", ""Role Leader"": ""0"", ""Role Router"": ""0"", ""Time Child Milli"": ""212155"", ""Time Detached Milli"": ""845"", ""Time Disabled Milli"": ""0"", ""Time Leader Milli"": ""0"", ""Time Router Milli"": ""0"", ""Time Tracked Milli"": ""213000""}",,,,
208,394.0,1.0,0.0,child,4801,7e28de12a391d189,4800,,3,3,213,5,,4800,7e28de12a391d189,20.0,20.0,,,,,,,,,,,,,,,,,False,False,MutualInterference,minimal_end_device,med,disabled,True,packet_probe,post_parent_removal,router_a,1,,,"{""RxFailed"": ""0"", ""RxSuccess"": ""25"", ""TxFailed"": ""0"", ""TxSuccess"": ""2""}","{""Attach Attempts"": ""1"", ""Better Parent Attach Attempts"": ""0"", ""Better Partition Attach Attempts"": ""0"", ""Parent Changes"": ""0"", ""Partition Id Changes"": ""1"", ""Role Child"": ""1"", ""Role Detached"": ""1"", ""Role Disabled"": ""0"", ""Role Leader"": ""0"", ""Role Router"": ""0"", ""Time Child Milli"": ""213155"", ""Time Detached Milli"": ""845"", ""Time Disabled Milli"": ""0"", ""Time Leader Milli"": ""0"", ""Time Router Milli"": ""0"", ""Time Tracked Milli"": ""214000""}",,,,
209,395.0,1.0,0.0,child,4801,7e28de12a391d189,4800,,3,3,214,5,,4800,7e28de12a391d189,20.0,20.0,,,,,,,,,,,,,,,,,False,False,MutualInterference,minimal_end_device,med,disabled,True,packet_probe,post_parent_removal,router_a,1,,,"{""RxFailed"": ""0"", ""RxSuccess"": ""25"", ""TxFailed"": ""0"", ""TxSuccess"": ""2""}","{""Attach Attempts"": ""1"", ""Better Parent Attach Attempts"": ""0"", ""Better Partition Attach Attempts"": ""0"", ""Parent Changes"": ""0"", ""Partition Id Changes"": ""1"", ""Role Child"": ""1"", ""Role Detached"": ""1"", ""Role Disabled"": ""0"", ""Role Leader"": ""0"", ""Role Router"": ""0"", ""Time Child Milli"": ""214155"", ""Time Detached Milli"": ""845"", ""Time Disabled Milli"": ""0"", ""Time Leader Milli"": ""0"", ""Time Router Milli"": ""0"", ""Time Tracked Milli"": ""215000""}",,,,
210,396.0,1.0,0.0,child,4801,7e28de12a391d189,4800,,3,3,215,5,,4800,7e28de12a391d189,20.0,20.0,,,,,,,,,,,,,,,,,False,False,MutualInterference,minimal_end_device,med,disabled,True,packet_probe,post_parent_removal,router_a,1,,,"{""RxFailed"": ""0"", ""RxSuccess"": ""25"", ""TxFailed"": ""0"", ""TxSuccess"": ""2""}","{""Attach Attempts"": ""1"", ""Better Parent Attach Attempts"": ""0"", ""Better Partition Attach Attempts"": ""0"", ""Parent Changes"": ""0"", ""Partition Id Changes"": ""1"", ""Role Child"": ""1"", ""Role Detached"": ""1"", ""Role Disabled"": ""0"", ""Role Leader"": ""0"", ""Role Router"": ""0"", ""Time Child Milli"": ""215155"", ""Time Detached Milli"": ""845"", ""Time Disabled Milli"": ""0"", ""Time Leader Milli"": ""0"", ""Time Router Milli"": ""0"", ""Time Tracked Milli"": ""216000""}",,,,
211,397.0,1.0,0.0,child,4801,7e28de12a391d189,4800,,3,3,216,5,,4800,7e28de12a391d189,20.0,20.0,,,,,,,,,,,,,,,,,False,False,MutualInterference,minimal_end_device,med,disabled,True,packet_probe,post_parent_removal,router_a,1,,,"{""RxFailed"": ""0"", ""RxSuccess"": ""25"", ""TxFailed"": ""0"", ""TxSuccess"": ""2""}","{""Attach Attempts"": ""1"", ""Better Parent Attach Attempts"": ""0"", ""Better Partition Attach Attempts"": ""0"", ""Parent Changes"": ""0"", ""Partition Id Changes"": ""1"", ""Role Child"": ""1"", ""Role Detached"": ""1"", ""Role Disabled"": ""0"", ""Role Leader"": ""0"", ""Role Router"": ""0"", ""Time Child Milli"": ""216155"", ""Time Detached Milli"": ""845"", ""Time Disabled Milli"": ""0"", ""Time Leader Milli"": ""0"", ""Time Router Milli"": ""0"", ""Time Tracked Milli"": ""217000""}",,,,
212,398.0,1.0,0.0,child,4801,7e28de12a391d189,4800,,3,3,217,5,,4800,7e28de12a391d189,20.0,20.0,,,,,,,,,,,,,,,,,False,False,MutualInterference,minimal_end_device,med,disabled,True,packet_probe,post_parent_removal,router_a,1,,,"{""RxFailed"": ""0"", ""RxSuccess"": ""26"", ""TxFailed"": ""0"", ""TxSuccess"": ""2""}","{""Attach Attempts"": ""1"", ""Better Parent Attach Attempts"": ""0"", ""Better Partition Attach Attempts"": ""0"", ""Parent Changes"": ""0"", ""Partition Id Changes"": ""1"", ""Role Child"": ""1"", ""Role Detached"": ""1"", ""Role Disabled"": ""0"", ""Role Leader"": ""0"", ""Role Router"": ""0"", ""Time Child Milli"": ""217155"", ""Time Detached Milli"": ""845"", ""Time Disabled Milli"": ""0"", ""Time Leader Milli"": ""0"", ""Time Router Milli"": ""0"", ""Time Tracked Milli"": ""218000""}",,,,
213,399.0,1.0,0.0,child,4801,7e28de12a391d189,4800,,3,3,218,5,,4800,7e28de12a391d189,20.0,20.0,,,,,,,,,,,,,,,,,False,False,MutualInterference,minimal_end_device,med,disabled,True,packet_probe,post_parent_removal,router_a,1,,,"{""RxFailed"": ""0"", ""RxSuccess"": ""26"", ""TxFailed"": ""0"", ""TxSuccess"": ""2""}","{""Attach Attempts"": ""1"", ""Better Parent Attach Attempts"": ""0"", ""Better Partition Attach Attempts"": ""0"", ""Parent Changes"": ""0"", ""Partition Id Changes"": ""1"", ""Role Child"": ""1"", ""Role Detached"": ""1"", ""Role Disabled"": ""0"", ""Role Leader"": ""0"", ""Role Router"": ""0"", ""Time Child Milli"": ""218155"", ""Time Detached Milli"": ""845"", ""Time Disabled Milli"": ""0"", ""Time Leader Milli"": ""0"", ""Time Router Milli"": ""0"", ""Time Tracked Milli"": ""219000""}",,,,
214,400.0,1.0,0.0,child,4801,7e28de12a391d189,4800,,3,3,219,5,,4800,7e28de12a391d189,20.0,20.0,,,,,,,,,,,,,,,,,False,False,MutualInterference,minimal_end_device,med,disabled,True,packet_probe,post_parent_removal,router_a,1,,,"{""RxFailed"": ""0"", ""RxSuccess"": ""26"", ""TxFailed"": ""0"", ""TxSuccess"": ""2""}","{""Attach Attempts"": ""1"", ""Better Parent Attach Attempts"": ""0"", ""Better Partition Attach Attempts"": ""0"", ""Parent Changes"": ""0"", ""Partition Id Changes"": ""1"", ""Role Child"": ""1"", ""Role Detached"": ""1"", ""Role Disabled"": ""0"", ""Role Leader"": ""0"", ""Role Router"": ""0"", ""Time Child Milli"": ""219155"", ""Time Detached Milli"": ""845"", ""Time Disabled Milli"": ""0"", ""Time Leader Milli"": ""0"", ""Time Router Milli"": ""0"", ""Time Tracked Milli"": ""220000""}",,,,
215,401.0,1.0,0.0,child,4801,7e28de12a391d189,4800,,3,3,220,5,,4800,7e28de12a391d189,20.0,20.0,,,,,,,,,,,,,,,,,False,False,MutualInterference,minimal_end_device,med,disabled,True,packet_probe,post_parent_removal,router_a,1,,,"{""RxFailed"": ""0"", ""RxSuccess"": ""26"", ""TxFailed"": ""0"", ""TxSuccess"": ""2""}","{""Attach Attempts"": ""1"", ""Better Parent Attach Attempts"": ""0"", ""Better Partition Attach Attempts"": ""0"", ""Parent Changes"": ""0"", ""Partition Id Changes"": ""1"", ""Role Child"": ""1"", ""Role Detached"": ""1"", ""Role Disabled"": ""0"", ""Role Leader"": ""0"", ""Role Router"": ""0"", ""Time Child Milli"": ""220155"", ""Time Detached Milli"": ""845"", ""Time Disabled Milli"": ""0"", ""Time Leader Milli"": ""0"", ""Time Router Milli"": ""0"", ""Time Tracked Milli"": ""221000""}",,,,
216,402.0,1.0,0.0,child,4801,7e28de12a391d189,4800,,3,3,221,5,,4800,7e28de12a391d189,20.0,20.0,,,,,,,,,,,,,,,,,False,False,MutualInterference,minimal_end_device,med,disabled,True,packet_probe,post_parent_removal,router_a,1,,,"{""RxFailed"": ""0"", ""RxSuccess"": ""26"", ""TxFailed"": ""0"", ""TxSuccess"": ""2""}","{""Attach Attempts"": ""1"", ""Better Parent Attach Attempts"": ""0"", ""Better Partition Attach Attempts"": ""0"", ""Parent Changes"": ""0"", ""Partition Id Changes"": ""1"", ""Role Child"": ""1"", ""Role Detached"": ""1"", ""Role Disabled"": ""0"", ""Role Leader"": ""0"", ""Role Router"": ""0"", ""Time Child Milli"": ""221155"", ""Time Detached Milli"": ""845"", ""Time Disabled Milli"": ""0"", ""Time Leader Milli"": ""0"", ""Time Router Milli"": ""0"", ""Time Tracked Milli"": ""222000""}",,,,
217,403.0,1.0,0.0,child,4801,7e28de12a391d189,4800,,3,3,222,5,,4800,7e28de12a391d189,20.0,20.0,,,,,,,,,,,,,,,,,False,False,MutualInterference,minimal_end_device,med,disabled,True,packet_probe,post_parent_removal,router_a,1,,,"{""RxFailed"": ""0"", ""RxSuccess"": ""26"", ""TxFailed"": ""0"", ""TxSuccess"": ""2""}","{""Attach Attempts"": ""1"", ""Better Parent Attach Attempts"": ""0"", ""Better Partition Attach Attempts"": ""0"", ""Parent Changes"": ""0"", ""Partition Id Changes"": ""1"", ""Role Child"": ""1"", ""Role Detached"": ""1"", ""Role Disabled"": ""0"", ""Role Leader"": ""0"", ""Role Router"": ""0"", ""Time Child Milli"": ""222155"", ""Time Detached Milli"": ""845"", ""Time Disabled Milli"": ""0"", ""Time Leader Milli"": ""0"", ""Time Router Milli"": ""0"", ""Time Tracked Milli"": ""223000""}",,,,
218,404.0,1.0,0.0,child,4801,7e28de12a391d189,4800,,3,3,223,5,,4800,7e28de12a391d189,20.0,20.0,,,,,,,,,,,,,,,,,False,False,MutualInterference,minimal_end_device,med,disabled,True,packet_probe,post_parent_removal,router_a,1,,,"{""RxFailed"": ""0"", ""RxSuccess"": ""26"", ""TxFailed"": ""0"", ""TxSuccess"": ""2""}","{""Attach Attempts"": ""1"", ""Better Parent Attach Attempts"": ""0"", ""Better Partition Attach Attempts"": ""0"", ""Parent Changes"": ""0"", ""Partition Id Changes"": ""1"", ""Role Child"": ""1"", ""Role Detached"": ""1"", ""Role Disabled"": ""0"", ""Role Leader"": ""0"", ""Role Router"": ""0"", ""Time Child Milli"": ""223155"", ""Time Detached Milli"": ""845"", ""Time Disabled Milli"": ""0"", ""Time Leader Milli"": ""0"", ""Time Router Milli"": ""0"", ""Time Tracked Milli"": ""224000""}",,,,
219,405.0,1.0,0.0,child,4801,7e28de12a391d189,4800,,3,3,224,5,,4800,7e28de12a391d189,20.0,20.0,,,,,,,,,,,,,,,,,False,False,MutualInterference,minimal_end_device,med,disabled,True,packet_probe,post_parent_removal,router_a,1,,,"{""RxFailed"": ""0"", ""RxSuccess"": ""26"", ""TxFailed"": ""0"", ""TxSuccess"": ""2""}","{""Attach Attempts"": ""1"", ""Better Parent Attach Attempts"": ""0"", ""Better Partition Attach Attempts"": ""0"", ""Parent Changes"": ""0"", ""Partition Id Changes"": ""1"", ""Role Child"": ""1"", ""Role Detached"": ""1"", ""Role Disabled"": ""0"", ""Role Leader"": ""0"", ""Role Router"": ""0"", ""Time Child Milli"": ""224155"", ""Time Detached Milli"": ""845"", ""Time Disabled Milli"": ""0"", ""Time Leader Milli"": ""0"", ""Time Router Milli"": ""0"", ""Time Tracked Milli"": ""225000""}",,,,
220,406.0,1.0,0.0,child,4801,7e28de12a391d189,4800,,3,3,225,5,,4800,7e28de12a391d189,20.0,20.0,,,,,,,,,,,,,,,,,False,False,MutualInterference,minimal_end_device,med,disabled,True,packet_probe,post_parent_removal,router_a,1,,,"{""RxFailed"": ""0"", ""RxSuccess"": ""27"", ""TxFailed"": ""0"", ""TxSuccess"": ""2""}","{""Attach Attempts"": ""1"", ""Better Parent Attach Attempts"": ""0"", ""Better Partition Attach Attempts"": ""0"", ""Parent Changes"": ""0"", ""Partition Id Changes"": ""1"", ""Role Child"": ""1"", ""Role Detached"": ""1"", ""Role Disabled"": ""0"", ""Role Leader"": ""0"", ""Role Router"": ""0"", ""Time Child Milli"": ""225155"", ""Time Detached Milli"": ""845"", ""Time Disabled Milli"": ""0"", ""Time Leader Milli"": ""0"", ""Time Router Milli"": ""0"", ""Time Tracked Milli"": ""226000""}",,,,
221,407.0,1.0,0.0,child,4801,7e28de12a391d189,4800,,3,3,226,5,,4800,7e28de12a391d189,20.0,20.0,,,,,,,,,,,,,,,,,False,False,MutualInterference,minimal_end_device,med,disabled,True,packet_probe,post_parent_removal,router_a,1,,,"{""RxFailed"": ""0"", ""RxSuccess"": ""27"", ""TxFailed"": ""0"", ""TxSuccess"": ""2""}","{""Attach Attempts"": ""1"", ""Better Parent Attach Attempts"": ""0"", ""Better Partition Attach Attempts"": ""0"", ""Parent Changes"": ""0"", ""Partition Id Changes"": ""1"", ""Role Child"": ""1"", ""Role Detached"": ""1"", ""Role Disabled"": ""0"", ""Role Leader"": ""0"", ""Role Router"": ""0"", ""Time Child Milli"": ""226155"", ""Time Detached Milli"": ""845"", ""Time Disabled Milli"": ""0"", ""Time Leader Milli"": ""0"", ""Time Router Milli"": ""0"", ""Time Tracked Milli"": ""227000""}",,,,
222,408.0,1.0,0.0,child,4801,7e28de12a391d189,4800,,3,3,227,5,,4800,7e28de12a391d189,20.0,20.0,,,,,,,,,,,,,,,,,False,False,MutualInterference,minimal_end_device,med,disabled,True,packet_probe,post_parent_removal,router_a,1,,,"{""RxFailed"": ""0"", ""RxSuccess"": ""27"", ""TxFailed"": ""0"", ""TxSuccess"": ""2""}","{""Attach Attempts"": ""1"", ""Better Parent Attach Attempts"": ""0"", ""Better Partition Attach Attempts"": ""0"", ""Parent Changes"": ""0"", ""Partition Id Changes"": ""1"", ""Role Child"": ""1"", ""Role Detached"": ""1"", ""Role Disabled"": ""0"", ""Role Leader"": ""0"", ""Role Router"": ""0"", ""Time Child Milli"": ""227155"", ""Time Detached Milli"": ""845"", ""Time Disabled Milli"": ""0"", ""Time Leader Milli"": ""0"", ""Time Router Milli"": ""0"", ""Time Tracked Milli"": ""228000""}",,,,
223,409.0,1.0,0.0,child,4801,7e28de12a391d189,4800,,3,3,228,5,,4800,7e28de12a391d189,20.0,20.0,,,,,,,,,,,,,,,,,False,False,MutualInterference,minimal_end_device,med,disabled,True,packet_probe,post_parent_removal,router_a,1,,,"{""RxFailed"": ""0"", ""RxSuccess"": ""27"", ""TxFailed"": ""0"", ""TxSuccess"": ""2""}","{""Attach Attempts"": ""1"", ""Better Parent Attach Attempts"": ""0"", ""Better Partition Attach Attempts"": ""0"", ""Parent Changes"": ""0"", ""Partition Id Changes"": ""1"", ""Role Child"": ""1"", ""Role Detached"": ""1"", ""Role Disabled"": ""0"", ""Role Leader"": ""0"", ""Role Router"": ""0"", ""Time Child Milli"": ""228155"", ""Time Detached Milli"": ""845"", ""Time Disabled Milli"": ""0"", ""Time Leader Milli"": ""0"", ""Time Router Milli"": ""0"", ""Time Tracked Milli"": ""229000""}",,,,
224,410.0,1.0,0.0,child,4801,7e28de12a391d189,4800,,3,3,229,5,,4800,7e28de12a391d189,20.0,20.0,,,,,,,,,,,,,,,,,False,False,MutualInterference,minimal_end_device,med,disabled,True,packet_probe,post_parent_removal,router_a,1,,,"{""RxFailed"": ""0"", ""RxSuccess"": ""27"", ""TxFailed"": ""0"", ""TxSuccess"": ""2""}","{""Attach Attempts"": ""1"", ""Better Parent Attach Attempts"": ""0"", ""Better Partition Attach Attempts"": ""0"", ""Parent Changes"": ""0"", ""Partition Id Changes"": ""1"", ""Role Child"": ""1"", ""Role Detached"": ""1"", ""Role Disabled"": ""0"", ""Role Leader"": ""0"", ""Role Router"": ""0"", ""Time Child Milli"": ""229155"", ""Time Detached Milli"": ""845"", ""Time Disabled Milli"": ""0"", ""Time Leader Milli"": ""0"", ""Time Router Milli"": ""0"", ""Time Tracked Milli"": ""230000""}",,,,
225,411.0,1.0,0.0,child,4801,7e28de12a391d189,4800,,3,3,230,5,,4800,7e28de12a391d189,20.0,20.0,,,,,,,,,,,,,,,,,False,False,MutualInterference,minimal_end_device,med,disabled,True,packet_probe,post_parent_removal,router_a,1,,,"{""RxFailed"": ""0"", ""RxSuccess"": ""27"", ""TxFailed"": ""0"", ""TxSuccess"": ""2""}","{""Attach Attempts"": ""1"", ""Better Parent Attach Attempts"": ""0"", ""Better Partition Attach Attempts"": ""0"", ""Parent Changes"": ""0"", ""Partition Id Changes"": ""1"", ""Role Child"": ""1"", ""Role Detached"": ""1"", ""Role Disabled"": ""0"", ""Role Leader"": ""0"", ""Role Router"": ""0"", ""Time Child Milli"": ""230155"", ""Time Detached Milli"": ""845"", ""Time Disabled Milli"": ""0"", ""Time Leader Milli"": ""0"", ""Time Router Milli"": ""0"", ""Time Tracked Milli"": ""231000""}",,,,
226,412.0,1.0,0.0,child,4801,7e28de12a391d189,4800,,3,3,231,5,,4800,7e28de12a391d189,20.0,20.0,,,,,,,,,,,,,,,,,False,False,MutualInterference,minimal_end_device,med,disabled,True,packet_probe,post_parent_removal,router_a,1,,,"{""RxFailed"": ""0"", ""RxSuccess"": ""27"", ""TxFailed"": ""0"", ""TxSuccess"": ""2""}","{""Attach Attempts"": ""1"", ""Better Parent Attach Attempts"": ""0"", ""Better Partition Attach Attempts"": ""0"", ""Parent Changes"": ""0"", ""Partition Id Changes"": ""1"", ""Role Child"": ""1"", ""Role Detached"": ""1"", ""Role Disabled"": ""0"", ""Role Leader"": ""0"", ""Role Router"": ""0"", ""Time Child Milli"": ""231155"", ""Time Detached Milli"": ""845"", ""Time Disabled Milli"": ""0"", ""Time Leader Milli"": ""0"", ""Time Router Milli"": ""0"", ""Time Tracked Milli"": ""232000""}",,,,
227,413.0,1.0,0.0,child,4801,7e28de12a391d189,4800,,3,3,232,5,,4800,7e28de12a391d189,20.0,20.0,,,,,,,,,,,,,,,,,False,False,MutualInterference,minimal_end_device,med,disabled,True,packet_probe,post_parent_removal,router_a,1,,,"{""RxFailed"": ""0"", ""RxSuccess"": ""27"", ""TxFailed"": ""0"", ""TxSuccess"": ""2""}","{""Attach Attempts"": ""1"", ""Better Parent Attach Attempts"": ""0"", ""Better Partition Attach Attempts"": ""0"", ""Parent Changes"": ""0"", ""Partition Id Changes"": ""1"", ""Role Child"": ""1"", ""Role Detached"": ""1"", ""Role Disabled"": ""0"", ""Role Leader"": ""0"", ""Role Router"": ""0"", ""Time Child Milli"": ""232155"", ""Time Detached Milli"": ""845"", ""Time Disabled Milli"": ""0"", ""Time Leader Milli"": ""0"", ""Time Router Milli"": ""0"", ""Time Tracked Milli"": ""233000""}",,,,
228,414.0,1.0,0.0,child,4801,7e28de12a391d189,4800,,3,3,233,5,,4800,7e28de12a391d189,20.0,20.0,,,,,,,,,,,,,,,,,False,False,MutualInterference,minimal_end_device,med,disabled,True,packet_probe,post_parent_removal,router_a,1,,,"{""RxFailed"": ""0"", ""RxSuccess"": ""27"", ""TxFailed"": ""0"", ""TxSuccess"": ""2""}","{""Attach Attempts"": ""1"", ""Better Parent Attach Attempts"": ""0"", ""Better Partition Attach Attempts"": ""0"", ""Parent Changes"": ""0"", ""Partition Id Changes"": ""1"", ""Role Child"": ""1"", ""Role Detached"": ""1"", ""Role Disabled"": ""0"", ""Role Leader"": ""0"", ""Role Router"": ""0"", ""Time Child Milli"": ""233155"", ""Time Detached Milli"": ""845"", ""Time Disabled Milli"": ""0"", ""Time Leader Milli"": ""0"", ""Time Router Milli"": ""0"", ""Time Tracked Milli"": ""234000""}",,,,
229,415.0,1.0,0.0,child,4801,7e28de12a391d189,4800,,3,3,234,5,,4800,7e28de12a391d189,20.0,20.0,,,,,,,,,,,,,,,,,False,False,MutualInterference,minimal_end_device,med,disabled,True,packet_probe,post_parent_removal,router_a,1,,,"{""RxFailed"": ""0"", ""RxSuccess"": ""27"", ""TxFailed"": ""0"", ""TxSuccess"": ""2""}","{""Attach Attempts"": ""1"", ""Better Parent Attach Attempts"": ""0"", ""Better Partition Attach Attempts"": ""0"", ""Parent Changes"": ""0"", ""Partition Id Changes"": ""1"", ""Role Child"": ""1"", ""Role Detached"": ""1"", ""Role Disabled"": ""0"", ""Role Leader"": ""0"", ""Role Router"": ""0"", ""Time Child Milli"": ""234155"", ""Time Detached Milli"": ""845"", ""Time Disabled Milli"": ""0"", ""Time Leader Milli"": ""0"", ""Time Router Milli"": ""0"", ""Time Tracked Milli"": ""235000""}",,,,
230,416.0,1.0,0.0,child,4801,7e28de12a391d189,4800,,3,3,235,5,,4800,7e28de12a391d189,20.0,20.0,,,,,,,,,,,,,,,,,False,False,MutualInterference,minimal_end_device,med,disabled,True,packet_probe,post_parent_removal,router_a,1,,,"{""RxFailed"": ""0"", ""RxSuccess"": ""27"", ""TxFailed"": ""0"", ""TxSuccess"": ""2""}","{""Attach Attempts"": ""1"", ""Better Parent Attach Attempts"": ""0"", ""Better Partition Attach Attempts"": ""0"", ""Parent Changes"": ""0"", ""Partition Id Changes"": ""1"", ""Role Child"": ""1"", ""Role Detached"": ""1"", ""Role Disabled"": ""0"", ""Role Leader"": ""0"", ""Role Router"": ""0"", ""Time Child Milli"": ""235155"", ""Time Detached Milli"": ""845"", ""Time Disabled Milli"": ""0"", ""Time Leader Milli"": ""0"", ""Time Router Milli"": ""0"", ""Time Tracked Milli"": ""236000""}",,,,
231,417.0,1.0,0.0,child,4801,7e28de12a391d189,4800,,3,3,236,5,,4800,7e28de12a391d189,20.0,20.0,,,,,,,,,,,,,,,,,False,False,MutualInterference,minimal_end_device,med,disabled,True,packet_probe,post_parent_removal,router_a,1,,,"{""RxFailed"": ""0"", ""RxSuccess"": ""27"", ""TxFailed"": ""1"", ""TxSuccess"": ""2""}","{""Attach Attempts"": ""1"", ""Better Parent Attach Attempts"": ""0"", ""Better Partition Attach Attempts"": ""0"", ""Parent Changes"": ""0"", ""Partition Id Changes"": ""1"", ""Role Child"": ""1"", ""Role Detached"": ""1"", ""Role Disabled"": ""0"", ""Role Leader"": ""0"", ""Role Router"": ""0"", ""Time Child Milli"": ""236155"", ""Time Detached Milli"": ""845"", ""Time Disabled Milli"": ""0"", ""Time Leader Milli"": ""0"", ""Time Router Milli"": ""0"", ""Time Tracked Milli"": ""237000""}",,,,
232,418.0,1.0,0.0,child,4801,7e28de12a391d189,4800,,3,3,237,5,,4800,7e28de12a391d189,20.0,20.0,,,,,,,,,,,,,,,,,False,False,MutualInterference,minimal_end_device,med,disabled,True,packet_probe,post_parent_removal,router_a,1,,,"{""RxFailed"": ""0"", ""RxSuccess"": ""27"", ""TxFailed"": ""2"", ""TxSuccess"": ""2""}","{""Attach Attempts"": ""1"", ""Better Parent Attach Attempts"": ""0"", ""Better Partition Attach Attempts"": ""0"", ""Parent Changes"": ""0"", ""Partition Id Changes"": ""1"", ""Role Child"": ""1"", ""Role Detached"": ""1"", ""Role Disabled"": ""0"", ""Role Leader"": ""0"", ""Role Router"": ""0"", ""Time Child Milli"": ""237155"", ""Time Detached Milli"": ""845"", ""Time Disabled Milli"": ""0"", ""Time Leader Milli"": ""0"", ""Time Router Milli"": ""0"", ""Time Tracked Milli"": ""238000""}",,,,
233,419.0,1.0,0.0,child,4801,7e28de12a391d189,4800,,3,3,238,5,,4800,7e28de12a391d189,20.0,20.0,,,,,,,,,,,,,,,,,False,False,MutualInterference,minimal_end_device,med,disabled,True,packet_probe,post_parent_removal,router_a,1,,,"{""RxFailed"": ""0"", ""RxSuccess"": ""27"", ""TxFailed"": ""3"", ""TxSuccess"": ""2""}","{""Attach Attempts"": ""1"", ""Better Parent Attach Attempts"": ""0"", ""Better Partition Attach Attempts"": ""0"", ""Parent Changes"": ""0"", ""Partition Id Changes"": ""1"", ""Role Child"": ""1"", ""Role Detached"": ""1"", ""Role Disabled"": ""0"", ""Role Leader"": ""0"", ""Role Router"": ""0"", ""Time Child Milli"": ""238155"", ""Time Detached Milli"": ""845"", ""Time Disabled Milli"": ""0"", ""Time Leader Milli"": ""0"", ""Time Router Milli"": ""0"", ""Time Tracked Milli"": ""239000""}",,,,
234,420.0,1.0,0.0,detached,fffe,,,,,,,,,4800,7e28de12a391d189,20.0,20.0,,,,,,,,,,,,,,,,,False,False,MutualInterference,minimal_end_device,med,disabled,True,packet_probe,post_parent_removal,router_a,1,,,"{""RxFailed"": ""0"", ""RxSuccess"": ""27"", ""TxFailed"": ""4"", ""TxSuccess"": ""2""}","{""Attach Attempts"": ""2"", ""Better Parent Attach Attempts"": ""0"", ""Better Partition Attach Attempts"": ""0"", ""Parent Changes"": ""0"", ""Partition Id Changes"": ""1"", ""Role Child"": ""1"", ""Role Detached"": ""2"", ""Role Disabled"": ""0"", ""Role Leader"": ""0"", ""Role Router"": ""0"", ""Time Child Milli"": ""239105"", ""Time Detached Milli"": ""895"", ""Time Disabled Milli"": ""0"", ""Time Leader Milli"": ""0"", ""Time Router Milli"": ""0"", ""Time Tracked Milli"": ""240000""}",,,,
235,421.0,1.0,0.0,child,f802,bee088b8373dd2c6,f800,router_b,3,3,0,5,,,,20.0,20.0,,,,,,,,,,,,,,,,,True,False,MutualInterference,minimal_end_device,med,disabled,True,packet_probe,post_parent_removal,router_a,1,,,"{""RxFailed"": ""0"", ""RxSuccess"": ""30"", ""TxFailed"": ""4"", ""TxSuccess"": ""5""}","{""Attach Attempts"": ""2"", ""Better Parent Attach Attempts"": ""0"", ""Better Partition Attach Attempts"": ""0"", ""Parent Changes"": ""1"", ""Partition Id Changes"": ""1"", ""Role Child"": ""2"", ""Role Detached"": ""2"", ""Role Disabled"": ""0"", ""Role Leader"": ""0"", ""Role Router"": ""0"", ""Time Child Milli"": ""239728"", ""Time Detached Milli"": ""1272"", ""Time Disabled Milli"": ""0"", ""Time Leader Milli"": ""0"", ""Time Router Milli"": ""0"", ""Time Tracked Milli"": ""241000""}",,,,
236,422.0,1.0,0.0,child,f802,bee088b8373dd2c6,f800,router_b,3,3,1,5,router_b,f800,bee088b8373dd2c6,20.0,20.0,20.0,20.0,1,1,0.0,5.0,5.0,5.0,,,,,,,,,False,True,MutualInterference,minimal_end_device,med,disabled,True,packet_probe,post_parent_removal,router_a,1,,,"{""RxFailed"": ""0"", ""RxSuccess"": ""31"", ""TxFailed"": ""4"", ""TxSuccess"": ""6""}","{""Attach Attempts"": ""2"", ""Better Parent Attach Attempts"": ""0"", ""Better Partition Attach Attempts"": ""0"", ""Parent Changes"": ""1"", ""Partition Id Changes"": ""1"", ""Role Child"": ""2"", ""Role Detached"": ""2"", ""Role Disabled"": ""0"", ""Role Leader"": ""0"", ""Role Router"": ""0"", ""Time Child Milli"": ""240728"", ""Time Detached Milli"": ""1272"", ""Time Disabled Milli"": ""0"", ""Time Leader Milli"": ""0"", ""Time Router Milli"": ""0"", ""Time Tracked Milli"": ""242000""}",,,,
237,423.0,1.0,0.0,child,f802,bee088b8373dd2c6,f800,router_b,3,3,2,5,router_b,f800,bee088b8373dd2c6,20.0,20.0,20.0,20.0,1,1,0.0,7.0,7.0,7.0,,,,,,,,,False,True,MutualInterference,minimal_end_device,med,disabled,True,packet_probe,post_parent_removal,router_a,1,,,"{""RxFailed"": ""0"", ""RxSuccess"": ""32"", ""TxFailed"": ""4"", ""TxSuccess"": ""7""}","{""Attach Attempts"": ""2"", ""Better Parent Attach Attempts"": ""0"", ""Better Partition Attach Attempts"": ""0"", ""Parent Changes"": ""1"", ""Partition Id Changes"": ""1"", ""Role Child"": ""2"", ""Role Detached"": ""2"", ""Role Disabled"": ""0"", ""Role Leader"": ""0"", ""Role Router"": ""0"", ""Time Child Milli"": ""241728"", ""Time Detached Milli"": ""1272"", ""Time Disabled Milli"": ""0"", ""Time Leader Milli"": ""0"", ""Time Router Milli"": ""0"", ""Time Tracked Milli"": ""243000""}",,,,
238,424.0,1.0,0.0,child,f802,bee088b8373dd2c6,f800,router_b,3,3,3,5,router_b,f800,bee088b8373dd2c6,20.0,20.0,20.0,20.0,1,1,0.0,13.0,13.0,13.0,,,,,,,,,False,True,MutualInterference,minimal_end_device,med,disabled,True,packet_probe,post_parent_removal,router_a,1,,,"{""RxFailed"": ""0"", ""RxSuccess"": ""33"", ""TxFailed"": ""4"", ""TxSuccess"": ""8""}","{""Attach Attempts"": ""2"", ""Better Parent Attach Attempts"": ""0"", ""Better Partition Attach Attempts"": ""0"", ""Parent Changes"": ""1"", ""Partition Id Changes"": ""1"", ""Role Child"": ""2"", ""Role Detached"": ""2"", ""Role Disabled"": ""0"", ""Role Leader"": ""0"", ""Role Router"": ""0"", ""Time Child Milli"": ""242728"", ""Time Detached Milli"": ""1272"", ""Time Disabled Milli"": ""0"", ""Time Leader Milli"": ""0"", ""Time Router Milli"": ""0"", ""Time Tracked Milli"": ""244000""}",,,,
239,425.0,1.0,0.0,child,f802,bee088b8373dd2c6,f800,router_b,3,3,4,5,router_b,f800,bee088b8373dd2c6,20.0,20.0,20.0,20.0,1,1,0.0,8.0,8.0,8.0,,,,,,,,,False,True,MutualInterference,minimal_end_device,med,disabled,True,packet_probe,post_parent_removal,router_a,1,,,"{""RxFailed"": ""0"", ""RxSuccess"": ""34"", ""TxFailed"": ""4"", ""TxSuccess"": ""9""}","{""Attach Attempts"": ""2"", ""Better Parent Attach Attempts"": ""0"", ""Better Partition Attach Attempts"": ""0"", ""Parent Changes"": ""1"", ""Partition Id Changes"": ""1"", ""Role Child"": ""2"", ""Role Detached"": ""2"", ""Role Disabled"": ""0"", ""Role Leader"": ""0"", ""Role Router"": ""0"", ""Time Child Milli"": ""243728"", ""Time Detached Milli"": ""1272"", ""Time Disabled Milli"": ""0"", ""Time Leader Milli"": ""0"", ""Time Router Milli"": ""0"", ""Time Tracked Milli"": ""245000""}",,,,
240,426.0,1.0,0.0,child,f802,bee088b8373dd2c6,f800,router_b,3,3,5,5,router_b,f800,bee088b8373dd2c6,20.0,20.0,20.0,20.0,1,1,0.0,7.0,7.0,7.0,,,,,,,,,False,True,MutualInterference,minimal_end_device,med,disabled,True,packet_probe,post_parent_removal,router_a,1,,,"{""RxFailed"": ""0"", ""RxSuccess"": ""35"", ""TxFailed"": ""4"", ""TxSuccess"": ""10""}","{""Attach Attempts"": ""2"", ""Better Parent Attach Attempts"": ""0"", ""Better Partition Attach Attempts"": ""0"", ""Parent Changes"": ""1"", ""Partition Id Changes"": ""1"", ""Role Child"": ""2"", ""Role Detached"": ""2"", ""Role Disabled"": ""0"", ""Role Leader"": ""0"", ""Role Router"": ""0"", ""Time Child Milli"": ""244728"", ""Time Detached Milli"": ""1272"", ""Time Disabled Milli"": ""0"", ""Time Leader Milli"": ""0"", ""Time Router Milli"": ""0"", ""Time Tracked Milli"": ""246000""}",,,,
241,427.0,1.0,0.0,child,f802,bee088b8373dd2c6,f800,router_b,3,3,6,5,router_b,f800,bee088b8373dd2c6,20.0,20.0,20.0,20.0,1,1,0.0,7.0,7.0,7.0,,,,,,,,,False,True,MutualInterference,minimal_end_device,med,disabled,True,packet_probe,post_parent_removal,router_a,1,,,"{""RxFailed"": ""0"", ""RxSuccess"": ""36"", ""TxFailed"": ""4"", ""TxSuccess"": ""11""}","{""Attach Attempts"": ""2"", ""Better Parent Attach Attempts"": ""0"", ""Better Partition Attach Attempts"": ""0"", ""Parent Changes"": ""1"", ""Partition Id Changes"": ""1"", ""Role Child"": ""2"", ""Role Detached"": ""2"", ""Role Disabled"": ""0"", ""Role Leader"": ""0"", ""Role Router"": ""0"", ""Time Child Milli"": ""245728"", ""Time Detached Milli"": ""1272"", ""Time Disabled Milli"": ""0"", ""Time Leader Milli"": ""0"", ""Time Router Milli"": ""0"", ""Time Tracked Milli"": ""247000""}",,,,
242,428.0,1.0,0.0,child,f802,bee088b8373dd2c6,f800,router_b,3,3,7,5,router_b,f800,bee088b8373dd2c6,20.0,20.0,20.0,20.0,1,1,0.0,6.0,6.0,6.0,,,,,,,,,False,True,MutualInterference,minimal_end_device,med,disabled,True,packet_probe,post_parent_removal,router_a,1,,,"{""RxFailed"": ""0"", ""RxSuccess"": ""37"", ""TxFailed"": ""4"", ""TxSuccess"": ""12""}","{""Attach Attempts"": ""2"", ""Better Parent Attach Attempts"": ""0"", ""Better Partition Attach Attempts"": ""0"", ""Parent Changes"": ""1"", ""Partition Id Changes"": ""1"", ""Role Child"": ""2"", ""Role Detached"": ""2"", ""Role Disabled"": ""0"", ""Role Leader"": ""0"", ""Role Router"": ""0"", ""Time Child Milli"": ""246728"", ""Time Detached Milli"": ""1272"", ""Time Disabled Milli"": ""0"", ""Time Leader Milli"": ""0"", ""Time Router Milli"": ""0"", ""Time Tracked Milli"": ""248000""}",,,,
243,429.0,1.0,0.0,child,f802,bee088b8373dd2c6,f800,router_b,3,3,8,5,router_b,f800,bee088b8373dd2c6,20.0,20.0,20.0,20.0,1,1,0.0,8.0,8.0,8.0,,,,,,,,,False,True,MutualInterference,minimal_end_device,med,disabled,True,packet_probe,post_parent_removal,router_a,1,,,"{""RxFailed"": ""0"", ""RxSuccess"": ""38"", ""TxFailed"": ""4"", ""TxSuccess"": ""13""}","{""Attach Attempts"": ""2"", ""Better Parent Attach Attempts"": ""0"", ""Better Partition Attach Attempts"": ""0"", ""Parent Changes"": ""1"", ""Partition Id Changes"": ""1"", ""Role Child"": ""2"", ""Role Detached"": ""2"", ""Role Disabled"": ""0"", ""Role Leader"": ""0"", ""Role Router"": ""0"", ""Time Child Milli"": ""247728"", ""Time Detached Milli"": ""1272"", ""Time Disabled Milli"": ""0"", ""Time Leader Milli"": ""0"", ""Time Router Milli"": ""0"", ""Time Tracked Milli"": ""249000""}",,,,
244,430.0,1.0,0.0,child,f802,bee088b8373dd2c6,f800,router_b,3,3,9,5,router_b,f800,bee088b8373dd2c6,20.0,20.0,20.0,20.0,1,1,0.0,9.0,9.0,9.0,,,,,,,,,False,True,MutualInterference,minimal_end_device,med,disabled,True,packet_probe,post_parent_removal,router_a,1,,,"{""RxFailed"": ""0"", ""RxSuccess"": ""39"", ""TxFailed"": ""4"", ""TxSuccess"": ""14""}","{""Attach Attempts"": ""2"", ""Better Parent Attach Attempts"": ""0"", ""Better Partition Attach Attempts"": ""0"", ""Parent Changes"": ""1"", ""Partition Id Changes"": ""1"", ""Role Child"": ""2"", ""Role Detached"": ""2"", ""Role Disabled"": ""0"", ""Role Leader"": ""0"", ""Role Router"": ""0"", ""Time Child Milli"": ""248728"", ""Time Detached Milli"": ""1272"", ""Time Disabled Milli"": ""0"", ""Time Leader Milli"": ""0"", ""Time Router Milli"": ""0"", ""Time Tracked Milli"": ""250000""}",,,,
245,431.0,1.0,0.0,child,f802,bee088b8373dd2c6,f800,router_b,3,3,10,5,router_b,f800,bee088b8373dd2c6,20.0,20.0,20.0,20.0,1,1,0.0,8.0,8.0,8.0,,,,,,,,,False,True,MutualInterference,minimal_end_device,med,disabled,True,packet_probe,post_parent_removal,router_a,1,,,"{""RxFailed"": ""0"", ""RxSuccess"": ""40"", ""TxFailed"": ""4"", ""TxSuccess"": ""15""}","{""Attach Attempts"": ""2"", ""Better Parent Attach Attempts"": ""0"", ""Better Partition Attach Attempts"": ""0"", ""Parent Changes"": ""1"", ""Partition Id Changes"": ""1"", ""Role Child"": ""2"", ""Role Detached"": ""2"", ""Role Disabled"": ""0"", ""Role Leader"": ""0"", ""Role Router"": ""0"", ""Time Child Milli"": ""249728"", ""Time Detached Milli"": ""1272"", ""Time Disabled Milli"": ""0"", ""Time Leader Milli"": ""0"", ""Time Router Milli"": ""0"", ""Time Tracked Milli"": ""251000""}",,,,
246,432.0,1.0,0.0,child,f802,bee088b8373dd2c6,f800,router_b,3,3,11,5,router_b,f800,bee088b8373dd2c6,20.0,20.0,20.0,20.0,1,1,0.0,7.0,7.0,7.0,,,,,,,,,False,True,MutualInterference,minimal_end_device,med,disabled,True,packet_probe,post_parent_removal,router_a,1,,,"{""RxFailed"": ""0"", ""RxSuccess"": ""41"", ""TxFailed"": ""4"", ""TxSuccess"": ""16""}","{""Attach Attempts"": ""2"", ""Better Parent Attach Attempts"": ""0"", ""Better Partition Attach Attempts"": ""0"", ""Parent Changes"": ""1"", ""Partition Id Changes"": ""1"", ""Role Child"": ""2"", ""Role Detached"": ""2"", ""Role Disabled"": ""0"", ""Role Leader"": ""0"", ""Role Router"": ""0"", ""Time Child Milli"": ""250728"", ""Time Detached Milli"": ""1272"", ""Time Disabled Milli"": ""0"", ""Time Leader Milli"": ""0"", ""Time Router Milli"": ""0"", ""Time Tracked Milli"": ""252000""}",,,,
247,433.0,1.0,0.0,child,f802,bee088b8373dd2c6,f800,router_b,3,3,12,5,router_b,f800,bee088b8373dd2c6,20.0,20.0,20.0,20.0,1,1,0.0,8.0,8.0,8.0,,,,,,,,,False,True,MutualInterference,minimal_end_device,med,disabled,True,packet_probe,post_parent_removal,router_a,1,,,"{""RxFailed"": ""0"", ""RxSuccess"": ""42"", ""TxFailed"": ""4"", ""TxSuccess"": ""17""}","{""Attach Attempts"": ""2"", ""Better Parent Attach Attempts"": ""0"", ""Better Partition Attach Attempts"": ""0"", ""Parent Changes"": ""1"", ""Partition Id Changes"": ""1"", ""Role Child"": ""2"", ""Role Detached"": ""2"", ""Role Disabled"": ""0"", ""Role Leader"": ""0"", ""Role Router"": ""0"", ""Time Child Milli"": ""251728"", ""Time Detached Milli"": ""1272"", ""Time Disabled Milli"": ""0"", ""Time Leader Milli"": ""0"", ""Time Router Milli"": ""0"", ""Time Tracked Milli"": ""253000""}",,,,
248,434.0,1.0,0.0,child,f802,bee088b8373dd2c6,f800,router_b,3,3,13,5,router_b,f800,bee088b8373dd2c6,20.0,20.0,20.0,20.0,1,1,0.0,6.0,6.0,6.0,,,,,,,,,False,True,MutualInterference,minimal_end_device,med,disabled,True,packet_probe,post_parent_removal,router_a,1,,,"{""RxFailed"": ""0"", ""RxSuccess"": ""43"", ""TxFailed"": ""4"", ""TxSuccess"": ""18""}","{""Attach Attempts"": ""2"", ""Better Parent Attach Attempts"": ""0"", ""Better Partition Attach Attempts"": ""0"", ""Parent Changes"": ""1"", ""Partition Id Changes"": ""1"", ""Role Child"": ""2"", ""Role Detached"": ""2"", ""Role Disabled"": ""0"", ""Role Leader"": ""0"", ""Role Router"": ""0"", ""Time Child Milli"": ""252728"", ""Time Detached Milli"": ""1272"", ""Time Disabled Milli"": ""0"", ""Time Leader Milli"": ""0"", ""Time Router Milli"": ""0"", ""Time Tracked Milli"": ""254000""}",,,,
249,435.0,1.0,0.0,child,f802,bee088b8373dd2c6,f800,router_b,3,3,0,5,router_b,f800,bee088b8373dd2c6,20.0,20.0,20.0,20.0,1,1,0.0,7.0,7.0,7.0,,,,,,,,,False,True,MutualInterference,minimal_end_device,med,disabled,True,packet_probe,post_parent_removal,router_a,1,,,"{""RxFailed"": ""0"", ""RxSuccess"": ""45"", ""TxFailed"": ""4"", ""TxSuccess"": ""19""}","{""Attach Attempts"": ""2"", ""Better Parent Attach Attempts"": ""0"", ""Better Partition Attach Attempts"": ""0"", ""Parent Changes"": ""1"", ""Partition Id Changes"": ""1"", ""Role Child"": ""2"", ""Role Detached"": ""2"", ""Role Disabled"": ""0"", ""Role Leader"": ""0"", ""Role Router"": ""0"", ""Time Child Milli"": ""253728"", ""Time Detached Milli"": ""1272"", ""Time Disabled Milli"": ""0"", ""Time Leader Milli"": ""0"", ""Time Router Milli"": ""0"", ""Time Tracked Milli"": ""255000""}",,,,
250,436.0,1.0,0.0,child,f802,bee088b8373dd2c6,f800,router_b,3,3,1,5,router_b,f800,bee088b8373dd2c6,20.0,20.0,20.0,20.0,1,1,0.0,8.0,8.0,8.0,,,,,,,,,False,True,MutualInterference,minimal_end_device,med,disabled,True,packet_probe,post_parent_removal,router_a,1,,,"{""RxFailed"": ""0"", ""RxSuccess"": ""46"", ""TxFailed"": ""4"", ""TxSuccess"": ""20""}","{""Attach Attempts"": ""2"", ""Better Parent Attach Attempts"": ""0"", ""Better Partition Attach Attempts"": ""0"", ""Parent Changes"": ""1"", ""Partition Id Changes"": ""1"", ""Role Child"": ""2"", ""Role Detached"": ""2"", ""Role Disabled"": ""0"", ""Role Leader"": ""0"", ""Role Router"": ""0"", ""Time Child Milli"": ""254728"", ""Time Detached Milli"": ""1272"", ""Time Disabled Milli"": ""0"", ""Time Leader Milli"": ""0"", ""Time Router Milli"": ""0"", ""Time Tracked Milli"": ""256000""}",,,,
251,437.0,1.0,0.0,child,f802,bee088b8373dd2c6,f800,router_b,3,3,2,5,router_b,f800,bee088b8373dd2c6,20.0,20.0,20.0,20.0,1,1,0.0,6.0,6.0,6.0,,,,,,,,,False,True,MutualInterference,minimal_end_device,med,disabled,True,packet_probe,post_parent_removal,router_a,1,,,"{""RxFailed"": ""0"", ""RxSuccess"": ""47"", ""TxFailed"": ""4"", ""TxSuccess"": ""21""}","{""Attach Attempts"": ""2"", ""Better Parent Attach Attempts"": ""0"", ""Better Partition Attach Attempts"": ""0"", ""Parent Changes"": ""1"", ""Partition Id Changes"": ""1"", ""Role Child"": ""2"", ""Role Detached"": ""2"", ""Role Disabled"": ""0"", ""Role Leader"": ""0"", ""Role Router"": ""0"", ""Time Child Milli"": ""255728"", ""Time Detached Milli"": ""1272"", ""Time Disabled Milli"": ""0"", ""Time Leader Milli"": ""0"", ""Time Router Milli"": ""0"", ""Time Tracked Milli"": ""257000""}",,,,
252,438.0,1.0,0.0,child,f802,bee088b8373dd2c6,f800,router_b,3,3,3,5,router_b,f800,bee088b8373dd2c6,20.0,20.0,20.0,20.0,1,1,0.0,7.0,7.0,7.0,,,,,,,,,False,True,MutualInterference,minimal_end_device,med,disabled,True,packet_probe,post_parent_removal,router_a,1,,,"{""RxFailed"": ""0"", ""RxSuccess"": ""48"", ""TxFailed"": ""4"", ""TxSuccess"": ""22""}","{""Attach Attempts"": ""2"", ""Better Parent Attach Attempts"": ""0"", ""Better Partition Attach Attempts"": ""0"", ""Parent Changes"": ""1"", ""Partition Id Changes"": ""1"", ""Role Child"": ""2"", ""Role Detached"": ""2"", ""Role Disabled"": ""0"", ""Role Leader"": ""0"", ""Role Router"": ""0"", ""Time Child Milli"": ""256728"", ""Time Detached Milli"": ""1272"", ""Time Disabled Milli"": ""0"", ""Time Leader Milli"": ""0"", ""Time Router Milli"": ""0"", ""Time Tracked Milli"": ""258000""}",,,,
253,439.0,1.0,0.0,child,f802,bee088b8373dd2c6,f800,router_b,3,3,4,5,router_b,f800,bee088b8373dd2c6,20.0,20.0,20.0,20.0,1,1,0.0,7.0,7.0,7.0,,,,,,,,,False,True,MutualInterference,minimal_end_device,med,disabled,True,packet_probe,post_parent_removal,router_a,1,,,"{""RxFailed"": ""0"", ""RxSuccess"": ""49"", ""TxFailed"": ""4"", ""TxSuccess"": ""23""}","{""Attach Attempts"": ""2"", ""Better Parent Attach Attempts"": ""0"", ""Better Partition Attach Attempts"": ""0"", ""Parent Changes"": ""1"", ""Partition Id Changes"": ""1"", ""Role Child"": ""2"", ""Role Detached"": ""2"", ""Role Disabled"": ""0"", ""Role Leader"": ""0"", ""Role Router"": ""0"", ""Time Child Milli"": ""257728"", ""Time Detached Milli"": ""1272"", ""Time Disabled Milli"": ""0"", ""Time Leader Milli"": ""0"", ""Time Router Milli"": ""0"", ""Time Tracked Milli"": ""259000""}",,,,
254,440.0,1.0,0.0,child,f802,bee088b8373dd2c6,f800,router_b,3,3,5,5,router_b,f800,bee088b8373dd2c6,20.0,20.0,20.0,20.0,1,1,0.0,10.0,10.0,10.0,,,,,,,,,False,True,MutualInterference,minimal_end_device,med,disabled,True,packet_probe,post_parent_removal,router_a,1,,,"{""RxFailed"": ""0"", ""RxSuccess"": ""50"", ""TxFailed"": ""4"", ""TxSuccess"": ""24""}","{""Attach Attempts"": ""2"", ""Better Parent Attach Attempts"": ""0"", ""Better Partition Attach Attempts"": ""0"", ""Parent Changes"": ""1"", ""Partition Id Changes"": ""1"", ""Role Child"": ""2"", ""Role Detached"": ""2"", ""Role Disabled"": ""0"", ""Role Leader"": ""0"", ""Role Router"": ""0"", ""Time Child Milli"": ""258728"", ""Time Detached Milli"": ""1272"", ""Time Disabled Milli"": ""0"", ""Time Leader Milli"": ""0"", ""Time Router Milli"": ""0"", ""Time Tracked Milli"": ""260000""}",,,,
