#
# OpenThread node log for Node<2>   Created 2026-09-19T16:22:42+02:00
# SimTimeUs NodeTime     Lev LogModule       Message
          0 Node config: type=router IsMtd=false IsRouter=true IsBR=false RxOffWhenIdle=false
          0   exe cmd : /tmp/otns-fast-attach-fixed-build/bin/ot-cli-ftd 2 /tmp/otns/socket_dispatcher_4812 1218077625
          0   position: (100,0,0)
          0 00:00:00.000 [D] SubMac--------: RadioState: Disabled -> Sleep
          0 00:00:00.000 [D] SubMac--------: RadioExtAddress: bee088b8373dd2c6
          0 set node RLOC16: fffe -> fffe
          0 00:00:00.000 [D] SubMac--------: RadioShortAddress: 0xfffe
          0 00:00:00.000 [D] Platform------: Clear ShortAddr entries
          0 00:00:00.000 [D] Platform------: Clear ExtAddr entries
          0 00:00:00.000 [D] SrcMatchCtrl--: Cleared all entries
          0 00:00:00.000 [I] CslTxScheduler: Set frame request ahead: 368 usec
          0 00:00:00.000 [I] ChildSupervsn-: Timeout: 0 -> 190
          0 00:00:00.000 [I] Notifier------: StateChanged (0x00038210) [MLAddr NetData PanId NetName ExtPanId]
          0 00:00:00.000 [I] BbrLeader-----: PBBR state: None
          0 00:00:00.000 [D] MlrManager----: MlrManager::UpdateReregistrationDelay: rereg=0, needSendMlr=0, ReregDelay=0
          0 00:00:00.000 [I] RouterTable---: Route table
          0 start setup of node (version/commit, rfsim params, mode, init script)
          0 00:00:00.000 [D] Cli-----------: Input: version
          0 00:00:00.000 [D] Cli-----------: Output: OPENTHREAD/thread-reference-20250612-424-ga12ff0d0f-dirty; RFSIM; Sep 19 2026 13:20:45
          0 00:00:00.000 [D] Cli-----------: Output: Done
          0 00:00:00.000 [D] Cli-----------: Input: thread version
          0 00:00:00.000 [D] Cli-----------: Output: 5
          0 00:00:00.000 [D] Cli-----------: Output: Done
          0 00:00:00.000 [D] Cli-----------: Input: mode rdn
          0 00:00:00.000 [D] Cli-----------: Output: Done
          0 00:00:00.000 [D] Cli-----------: Input: dataset init new
          0 00:00:00.000 [D] Cli-----------: Output: Done
          0 00:00:00.000 [D] Cli-----------: Input: dataset networkname otns
          0 00:00:00.000 [D] Cli-----------: Output: Done
          0 00:00:00.000 [D] Cli-----------: Input: dataset networkkey 00112233445566778899aabbccddeeff
          0 00:00:00.000 [D] Cli-----------: Output: Done
          0 00:00:00.000 [D] Cli-----------: Input: dataset panid 0xface
          0 00:00:00.000 [D] Cli-----------: Output: Done
          0 00:00:00.000 [D] Cli-----------: Input: dataset channel 11
          0 00:00:00.000 [D] Cli-----------: Output: Done
          0 00:00:00.000 [D] Cli-----------: Input: dataset extpanid dead00beef00cafe
          0 00:00:00.000 [D] Cli-----------: Output: Done
          0 00:00:00.000 [D] Cli-----------: Input: dataset meshlocalprefix fdde:ad00:beef:0::
          0 00:00:00.000 [D] Cli-----------: Output: Done
          0 00:00:00.000 [D] Cli-----------: Input: dataset pskc 3aa55f91ca47d1e4e71a08cb35e91591
          0 00:00:00.000 [D] Cli-----------: Output: Done
          0 00:00:00.000 [D] Cli-----------: Input: dataset commit active
          0 00:00:00.000 [I] Settings------: Saved ActiveDataset
          0 00:00:00.000 [I] DatasetManager: Active dataset set
          0 00:00:00.000 [D] SubMac--------: RadioPanId: 0xface
          0 00:00:00.000 [D] Cli-----------: Output: Done
          0 00:00:00.000 [I] Notifier------: StateChanged (0x101dc100) [KeySeqCntr Channel PanId NetName NetworkKey PSKc SecPolicy ActDset]
          0 00:00:00.000 [I] AnnounceSender: ChannelMask:{ 11-26 }, period:21500
          0 00:00:00.000 [I] AnnounceSender: StartingChannel:11
          0 00:00:00.000 [I] AnnounceSender: StartingChannel:11
          0 00:00:00.000 [D] Cli-----------: Input: ifconfig up
          0 00:00:00.000 [D] SubMac--------: RxOnWhenIdle: 1
          0 00:00:00.000 [D] SubMac--------: RadioState: Sleep -> Receive
          0 00:00:00.000 [D] Mac-----------: Idle mode: Radio receiving on channel 11
          0 00:00:00.000 [D] Cli-----------: Output: Done
          0 00:00:00.000 [I] Notifier------: StateChanged (0x01001009) [Ip6+ LLAddr Ip6Mult+ NetifState]
          0 00:00:00.000 [D] Cli-----------: Input: thread start
          0 00:00:00.000 [N] Mle-----------: Role disabled -> detached
          0 set node RLOC16: fffe -> fffe
          0 00:00:00.000 [D] SubMac--------: RadioShortAddress: 0xfffe
          0 00:00:00.000 [I] Mle-----------: AttachState Idle -> Start
          0 00:00:00.000 [D] Cli-----------: Output: Done
          0 00:00:00.000 [I] Notifier------: StateChanged (0x10001005) [Ip6+ Role Ip6Mult+ ActDset]
          0 00:00:00.000 [I] AnnounceSender: Stopped
          0 00:00:00.000 [D] Cli-----------: Input: txpower 20
          0 00:00:00.000 [D] Cli-----------: Output: Done
          0 00:00:00.000 [D] Cli-----------: Input: txpower
          0 00:00:00.000 [D] Cli-----------: Output: 20 dBm
          0 00:00:00.000 [D] Cli-----------: Output: Done
     347140 00:00:00.347 [N] Mle-----------: Attach attempt 1, AnyPartition reattaching with Active Dataset
     347140 00:00:00.347 [I] Mle-----------: AttachState Start -> ParentReq
     347140 00:00:00.347 [N] Mle-----------: FAST_ATTACH event=parent_request_sent scan_mask=0x80 enabled=0
     347140 00:00:00.347 [I] Mle-----------: Send Parent Request to routers (ff02:0:0:0:0:0:0:2)
     347140 00:00:00.347 [D] Mac-----------: Request to start operation "TransmitDataDirect"
     347140 00:00:00.347 [D] Mac-----------: Starting operation "TransmitDataDirect"
     347140 00:00:00.347 [D] SubMac--------: RadioState: Receive -> CsmaBackoff
     347460 00:00:00.347 [D] SubMac--------: RadioState: CsmaBackoff -> Transmit
     349836 00:00:00.349 [D] SubMac--------: RadioState: Transmit -> Receive
     349836 00:00:00.349 [D] Mac-----------: ==============================[TX len=063]==============================
     349836 00:00:00.349 [D] Mac-----------: | 41 D8 1D CE FA FF FF C6 | D2 3D 37 B8 88 E0 BE 7F | A........=7..... |
     349836 00:00:00.349 [D] Mac-----------: | 3B 02 F0 4D 4C 4D 4C 27 | 84 00 15 00 00 00 00 00 | ;..MLML'........ |
     349836 00:00:00.349 [D] Mac-----------: | 00 00 00 01 86 28 A4 25 | 49 1B 50 10 D2 DD AB F7 | .....(.%I.P..... |
     349836 00:00:00.349 [D] Mac-----------: | 77 A8 B5 87 11 94 56 99 | 25 09 00 39 45 93 1F    | w.....V.%..9E..  |
     349836 00:00:00.349 [D] Mac-----------: ------------------------------------------------------------------------
     349836 00:00:00.349 [D] Mac-----------: Finishing operation "TransmitDataDirect"
     349836 00:00:00.349 [I] MeshForwarder-: Sent IPv6 UDP msg, len:84, chksum:2784, ecn:no, to:0xffff, sec:no, prio:net
     349836 00:00:00.349 [I] MeshForwarder-:     src:[fe80:0:0:0:bce0:88b8:373d:d2c6]:19788
     349836 00:00:00.349 [I] MeshForwarder-:     dst:[ff02:0:0:0:0:0:0:2]:19788
     349836 00:00:00.349 [D] Mac-----------: Idle mode: Radio receiving on channel 11
     476852 00:00:00.476 [D] Mac-----------: ==============================[RX len=063]==============================
     476852 00:00:00.476 [D] Mac-----------: | 41 D8 EE CE FA FF FF 89 | D1 91 A3 12 DE 28 7E 7F | A............(~. |
     476852 00:00:00.476 [D] Mac-----------: | 3B 02 F0 4D 4C 4D 4C B2 | 77 00 15 00 00 00 00 00 | ;..MLML.w....... |
     476852 00:00:00.476 [D] Mac-----------: | 00 00 00 01 1F 0E 92 94 | F0 B4 8F C9 83 1F 7A 63 | ..............zc |
     476852 00:00:00.476 [D] Mac-----------: | 35 5E E4 AE 25 E6 0B 9B | BE 46 E6 6A 75 16 A5    | 5^..%....F.ju..  |
     476852 00:00:00.476 [D] Mac-----------: ------------------------------------------------------------------------
     476852 00:00:00.476 [I] MeshForwarder-: Received IPv6 UDP msg, len:84, chksum:b277, ecn:no, from:7e28de12a391d189, sec:no, prio:net, rss:-31.0
     476852 00:00:00.476 [I] MeshForwarder-:     src:[fe80:0:0:0:7c28:de12:a391:d189]:19788
     476852 00:00:00.476 [I] MeshForwarder-:     dst:[ff02:0:0:0:0:0:0:2]:19788
     476852 00:00:00.476 [D] Mac-----------: Idle mode: Radio receiving on channel 11
    1097892 00:00:01.097 [N] Mle-----------: FAST_ATTACH event=parent_request_sent scan_mask=0x80 enabled=0
    1097892 00:00:01.097 [I] Mle-----------: Send Parent Request to routers (ff02:0:0:0:0:0:0:2)
    1097892 00:00:01.097 [D] Mac-----------: Request to start operation "TransmitDataDirect"
    1097892 00:00:01.097 [D] Mac-----------: Starting operation "TransmitDataDirect"
    1097892 00:00:01.097 [D] SubMac--------: RadioState: Receive -> CsmaBackoff
    1099172 00:00:01.099 [D] SubMac--------: RadioState: CsmaBackoff -> Transmit
    1101548 00:00:01.101 [D] SubMac--------: RadioState: Transmit -> Receive
    1101548 00:00:01.101 [D] Mac-----------: ==============================[TX len=063]==============================
    1101548 00:00:01.101 [D] Mac-----------: | 41 D8 1E CE FA FF FF C6 | D2 3D 37 B8 88 E0 BE 7F | A........=7..... |
    1101548 00:00:01.101 [D] Mac-----------: | 3B 02 F0 4D 4C 4D 4C B8 | 6C 00 15 01 00 00 00 00 | ;..MLML.l....... |
    1101548 00:00:01.101 [D] Mac-----------: | 00 00 00 01 86 95 45 33 | 64 FB 0C 50 9E F1 C0 D8 | ......E3d..P.... |
    1101548 00:00:01.101 [D] Mac-----------: | 22 23 1E 53 E7 DA F8 35 | 01 C0 4A 37 50 25 EF    | "#.S...5..J7P%.  |
    1101548 00:00:01.101 [D] Mac-----------: ------------------------------------------------------------------------
    1101548 00:00:01.101 [D] Mac-----------: Finishing operation "TransmitDataDirect"
    1101548 00:00:01.101 [I] MeshForwarder-: Sent IPv6 UDP msg, len:84, chksum:b86c, ecn:no, to:0xffff, sec:no, prio:net
    1101548 00:00:01.101 [I] MeshForwarder-:     src:[fe80:0:0:0:bce0:88b8:373d:d2c6]:19788
    1101548 00:00:01.101 [I] MeshForwarder-:     dst:[ff02:0:0:0:0:0:0:2]:19788
    1101548 00:00:01.101 [D] Mac-----------: Idle mode: Radio receiving on channel 11
    1226244 00:00:01.226 [D] Mac-----------: ==============================[RX len=063]==============================
    1226244 00:00:01.226 [D] Mac-----------: | 41 D8 EF CE FA FF FF 89 | D1 91 A3 12 DE 28 7E 7F | A............(~. |
    1226244 00:00:01.226 [D] Mac-----------: | 3B 02 F0 4D 4C 4D 4C ED | 72 00 15 01 00 00 00 00 | ;..MLML.r....... |
    1226244 00:00:01.226 [D] Mac-----------: | 00 00 00 01 B5 39 7C 6A | EC 29 10 2C 51 C4 5A 0D | .....9|j.).,Q.Z. |
    1226244 00:00:01.226 [D] Mac-----------: | 61 0D 69 84 28 92 45 A1 | FC F4 A8 21 E2 C0 7B    | a.i.(.E....!..{  |
    1226244 00:00:01.226 [D] Mac-----------: ------------------------------------------------------------------------
    1226244 00:00:01.226 [I] MeshForwarder-: Received IPv6 UDP msg, len:84, chksum:ed72, ecn:no, from:7e28de12a391d189, sec:no, prio:net, rss:-31.0
    1226244 00:00:01.226 [I] MeshForwarder-:     src:[fe80:0:0:0:7c28:de12:a391:d189]:19788
    1226244 00:00:01.226 [I] MeshForwarder-:     dst:[ff02:0:0:0:0:0:0:2]:19788
    1226244 00:00:01.226 [D] Mac-----------: Idle mode: Radio receiving on channel 11
    1847284 00:00:01.847 [N] Mle-----------: FAST_ATTACH event=parent_request_sent scan_mask=0xc0 enabled=0
    1847284 00:00:01.847 [I] Mle-----------: Send Parent Request to routers and REEDs (ff02:0:0:0:0:0:0:2)
    1847284 00:00:01.847 [D] Mac-----------: Request to start operation "TransmitDataDirect"
    1847284 00:00:01.847 [D] Mac-----------: Starting operation "TransmitDataDirect"
    1847284 00:00:01.847 [D] SubMac--------: RadioState: Receive -> CsmaBackoff
    1848564 00:00:01.848 [D] SubMac--------: RadioState: CsmaBackoff -> Transmit
    1850940 00:00:01.850 [D] SubMac--------: RadioState: Transmit -> Receive
    1850940 00:00:01.850 [D] Mac-----------: ==============================[TX len=063]==============================
    1850940 00:00:01.850 [D] Mac-----------: | 41 D8 1F CE FA FF FF C6 | D2 3D 37 B8 88 E0 BE 7F | A........=7..... |
    1850940 00:00:01.850 [D] Mac-----------: | 3B 02 F0 4D 4C 4D 4C 43 | D7 00 15 02 00 00 00 00 | ;..MLMLC........ |
    1850940 00:00:01.850 [D] Mac-----------: | 00 00 00 01 C5 12 FB AB | 93 F6 4F EA E2 67 7E EA | ..........O..g~. |
    1850940 00:00:01.850 [D] Mac-----------: | 25 CF E5 71 93 DA CC CF | 94 40 7D B2 6B 08 7A    | %..q.....@}.k.z  |
    1850940 00:00:01.850 [D] Mac-----------: ------------------------------------------------------------------------
    1850940 00:00:01.850 [D] Mac-----------: Finishing operation "TransmitDataDirect"
    1850940 00:00:01.850 [I] MeshForwarder-: Sent IPv6 UDP msg, len:84, chksum:43d7, ecn:no, to:0xffff, sec:no, prio:net
    1850940 00:00:01.850 [I] MeshForwarder-:     src:[fe80:0:0:0:bce0:88b8:373d:d2c6]:19788
    1850940 00:00:01.850 [I] MeshForwarder-:     dst:[ff02:0:0:0:0:0:0:2]:19788
    1850940 00:00:01.850 [D] Mac-----------: Idle mode: Radio receiving on channel 11
    1975996 00:00:01.975 [D] Mac-----------: ==============================[RX len=063]==============================
    1975996 00:00:01.975 [D] Mac-----------: | 41 D8 F0 CE FA FF FF 89 | D1 91 A3 12 DE 28 7E 7F | A............(~. |
    1975996 00:00:01.975 [D] Mac-----------: | 3B 02 F0 4D 4C 4D 4C BA | DA 00 15 02 00 00 00 00 | ;..MLML......... |
    1975996 00:00:01.975 [D] Mac-----------: | 00 00 00 01 F3 13 7D 9C | FF 62 31 08 18 57 28 50 | ......}..b1..W(P |
    1975996 00:00:01.975 [D] Mac-----------: | 25 B9 5F B5 6A 67 B4 92 | 04 F0 08 BE 9E 67 0D    | %._.jg.......g.  |
    1975996 00:00:01.975 [D] Mac-----------: ------------------------------------------------------------------------
    1975996 00:00:01.975 [I] MeshForwarder-: Received IPv6 UDP msg, len:84, chksum:bada, ecn:no, from:7e28de12a391d189, sec:no, prio:net, rss:-31.0
    1975996 00:00:01.975 [I] MeshForwarder-:     src:[fe80:0:0:0:7c28:de12:a391:d189]:19788
    1975996 00:00:01.975 [I] MeshForwarder-:     dst:[ff02:0:0:0:0:0:0:2]:19788
    1975996 00:00:01.975 [D] Mac-----------: Idle mode: Radio receiving on channel 11
    3097036 00:00:03.097 [N] Mle-----------: FAST_ATTACH event=parent_request_sent scan_mask=0xc0 enabled=0
    3097036 00:00:03.097 [I] Mle-----------: Send Parent Request to routers and REEDs (ff02:0:0:0:0:0:0:2)
    3097036 00:00:03.097 [D] Mac-----------: Request to start operation "TransmitDataDirect"
    3097036 00:00:03.097 [D] Mac-----------: Starting operation "TransmitDataDirect"
    3097036 00:00:03.097 [D] SubMac--------: RadioState: Receive -> CsmaBackoff
    3098636 00:00:03.098 [D] SubMac--------: RadioState: CsmaBackoff -> Transmit
    3101012 00:00:03.101 [D] SubMac--------: RadioState: Transmit -> Receive
    3101012 00:00:03.101 [D] Mac-----------: ==============================[TX len=063]==============================
    3101012 00:00:03.101 [D] Mac-----------: | 41 D8 20 CE FA FF FF C6 | D2 3D 37 B8 88 E0 BE 7F | A. ......=7..... |
    3101012 00:00:03.101 [D] Mac-----------: | 3B 02 F0 4D 4C 4D 4C 5D | 08 00 15 03 00 00 00 00 | ;..MLML]........ |
    3101012 00:00:03.101 [D] Mac-----------: | 00 00 00 01 5B E7 3F 21 | 8E C1 1E 4A 33 48 CD 8E | ....[.?!...J3H.. |
    3101012 00:00:03.101 [D] Mac-----------: | 6B E2 D1 8E D3 91 B2 6A | 09 ED C1 6F E6 C4 5A    | k......j...o..Z  |
    3101012 00:00:03.101 [D] Mac-----------: ------------------------------------------------------------------------
    3101012 00:00:03.101 [D] Mac-----------: Finishing operation "TransmitDataDirect"
    3101012 00:00:03.101 [I] MeshForwarder-: Sent IPv6 UDP msg, len:84, chksum:5d08, ecn:no, to:0xffff, sec:no, prio:net
    3101012 00:00:03.101 [I] MeshForwarder-:     src:[fe80:0:0:0:bce0:88b8:373d:d2c6]:19788
    3101012 00:00:03.101 [I] MeshForwarder-:     dst:[ff02:0:0:0:0:0:0:2]:19788
    3101012 00:00:03.101 [D] Mac-----------: Idle mode: Radio receiving on channel 11
    3226028 00:00:03.226 [D] Mac-----------: ==============================[RX len=063]==============================
    3226028 00:00:03.226 [D] Mac-----------: | 41 D8 F1 CE FA FF FF 89 | D1 91 A3 12 DE 28 7E 7F | A............(~. |
    3226028 00:00:03.226 [D] Mac-----------: | 3B 02 F0 4D 4C 4D 4C AB | 8F 00 15 03 00 00 00 00 | ;..MLML......... |
    3226028 00:00:03.226 [D] Mac-----------: | 00 00 00 01 F9 47 7A B4 | 4C A7 77 C1 60 EE 83 EB | .....Gz.L.w.`... |
    3226028 00:00:03.226 [D] Mac-----------: | 79 A8 12 54 03 E6 17 16 | D4 4F 79 60 6B 42 E4    | y..T.....Oy`kB.  |
    3226028 00:00:03.226 [D] Mac-----------: ------------------------------------------------------------------------
    3226028 00:00:03.226 [I] MeshForwarder-: Received IPv6 UDP msg, len:84, chksum:ab8f, ecn:no, from:7e28de12a391d189, sec:no, prio:net, rss:-31.0
    3226028 00:00:03.226 [I] MeshForwarder-:     src:[fe80:0:0:0:7c28:de12:a391:d189]:19788
    3226028 00:00:03.226 [I] MeshForwarder-:     dst:[ff02:0:0:0:0:0:0:2]:19788
    3226028 00:00:03.226 [D] Mac-----------: Idle mode: Radio receiving on channel 11
    4347068 00:00:04.347 [N] Mle-----------: FAST_ATTACH event=parent_request_sent scan_mask=0xc0 enabled=0
    4347068 00:00:04.347 [I] Mle-----------: Send Parent Request to routers and REEDs (ff02:0:0:0:0:0:0:2)
    4347068 00:00:04.347 [D] Mac-----------: Request to start operation "TransmitDataDirect"
    4347068 00:00:04.347 [D] Mac-----------: Starting operation "TransmitDataDirect"
    4347068 00:00:04.347 [D] SubMac--------: RadioState: Receive -> CsmaBackoff
    4349308 00:00:04.349 [D] SubMac--------: RadioState: CsmaBackoff -> Transmit
    4351684 00:00:04.351 [D] SubMac--------: RadioState: Transmit -> Receive
    4351684 00:00:04.351 [D] Mac-----------: ==============================[TX len=063]==============================
    4351684 00:00:04.351 [D] Mac-----------: | 41 D8 21 CE FA FF FF C6 | D2 3D 37 B8 88 E0 BE 7F | A.!......=7..... |
    4351684 00:00:04.351 [D] Mac-----------: | 3B 02 F0 4D 4C 4D 4C 60 | 62 00 15 04 00 00 00 00 | ;..MLML`b....... |
    4351684 00:00:04.351 [D] Mac-----------: | 00 00 00 01 35 C9 B4 27 | DA A5 68 0B B1 63 1E 60 | ....5..'..h..c.` |
    4351684 00:00:04.351 [D] Mac-----------: | 02 A5 51 FF 59 85 0B 24 | 03 2B D3 D2 D7 D7 5E    | ..Q.Y..$.+....^  |
    4351684 00:00:04.351 [D] Mac-----------: ------------------------------------------------------------------------
    4351684 00:00:04.351 [D] Mac-----------: Finishing operation "TransmitDataDirect"
    4351684 00:00:04.351 [I] MeshForwarder-: Sent IPv6 UDP msg, len:84, chksum:6062, ecn:no, to:0xffff, sec:no, prio:net
    4351684 00:00:04.351 [I] MeshForwarder-:     src:[fe80:0:0:0:bce0:88b8:373d:d2c6]:19788
    4351684 00:00:04.351 [I] MeshForwarder-:     dst:[ff02:0:0:0:0:0:0:2]:19788
    4351684 00:00:04.351 [D] Mac-----------: Idle mode: Radio receiving on channel 11
    4477020 00:00:04.477 [D] Mac-----------: ==============================[RX len=063]==============================
    4477020 00:00:04.477 [D] Mac-----------: | 41 D8 F2 CE FA FF FF 89 | D1 91 A3 12 DE 28 7E 7F | A............(~. |
    4477020 00:00:04.477 [D] Mac-----------: | 3B 02 F0 4D 4C 4D 4C 9C | 16 00 15 04 00 00 00 00 | ;..MLML......... |
    4477020 00:00:04.477 [D] Mac-----------: | 00 00 00 01 0D 7E B7 09 | 61 FA 5A 88 32 DC 03 83 | .....~..a.Z.2... |
    4477020 00:00:04.477 [D] Mac-----------: | 88 00 74 86 86 3D BD B5 | 9C 22 D0 EF 91 BC 12    | ..t..=...".....  |
    4477020 00:00:04.477 [D] Mac-----------: ------------------------------------------------------------------------
    4477020 00:00:04.477 [I] MeshForwarder-: Received IPv6 UDP msg, len:84, chksum:9c16, ecn:no, from:7e28de12a391d189, sec:no, prio:net, rss:-31.0
    4477020 00:00:04.477 [I] MeshForwarder-:     src:[fe80:0:0:0:7c28:de12:a391:d189]:19788
    4477020 00:00:04.477 [I] MeshForwarder-:     dst:[ff02:0:0:0:0:0:0:2]:19788
    4477020 00:00:04.477 [D] Mac-----------: Idle mode: Radio receiving on channel 11
    5597060 00:00:05.597 [N] Mle-----------: FAST_ATTACH event=parent_request_sent scan_mask=0xc0 enabled=0
    5597060 00:00:05.597 [I] Mle-----------: Send Parent Request to routers and REEDs (ff02:0:0:0:0:0:0:2)
    5597060 00:00:05.597 [D] Mac-----------: Request to start operation "TransmitDataDirect"
    5597060 00:00:05.597 [D] Mac-----------: Starting operation "TransmitDataDirect"
    5597060 00:00:05.597 [D] SubMac--------: RadioState: Receive -> CsmaBackoff
    5599300 00:00:05.599 [D] SubMac--------: RadioState: CsmaBackoff -> Transmit
    5601676 00:00:05.601 [D] SubMac--------: RadioState: Transmit -> Receive
    5601676 00:00:05.601 [D] Mac-----------: ==============================[TX len=063]==============================
    5601676 00:00:05.601 [D] Mac-----------: | 41 D8 22 CE FA FF FF C6 | D2 3D 37 B8 88 E0 BE 7F | A."......=7..... |
    5601676 00:00:05.601 [D] Mac-----------: | 3B 02 F0 4D 4C 4D 4C 13 | C7 00 15 05 00 00 00 00 | ;..MLML......... |
    5601676 00:00:05.601 [D] Mac-----------: | 00 00 00 01 54 DC AF 47 | 70 5C C6 E3 1B 38 C6 96 | ....T..Gp\...8.. |
    5601676 00:00:05.601 [D] Mac-----------: | 70 84 A3 7C D9 6B 9B AA | DB B3 93 FE E9 41 56    | p..|.k.......AV  |
    5601676 00:00:05.601 [D] Mac-----------: ------------------------------------------------------------------------
    5601676 00:00:05.601 [D] Mac-----------: Finishing operation "TransmitDataDirect"
    5601676 00:00:05.601 [I] MeshForwarder-: Sent IPv6 UDP msg, len:84, chksum:13c7, ecn:no, to:0xffff, sec:no, prio:net
    5601676 00:00:05.601 [I] MeshForwarder-:     src:[fe80:0:0:0:bce0:88b8:373d:d2c6]:19788
    5601676 00:00:05.601 [I] MeshForwarder-:     dst:[ff02:0:0:0:0:0:0:2]:19788
    5601676 00:00:05.601 [D] Mac-----------: Idle mode: Radio receiving on channel 11
    5725092 00:00:05.725 [D] Mac-----------: ==============================[RX len=063]==============================
    5725092 00:00:05.725 [D] Mac-----------: | 41 D8 F3 CE FA FF FF 89 | D1 91 A3 12 DE 28 7E 7F | A............(~. |
    5725092 00:00:05.725 [D] Mac-----------: | 3B 02 F0 4D 4C 4D 4C B6 | F3 00 15 05 00 00 00 00 | ;..MLML......... |
    5725092 00:00:05.725 [D] Mac-----------: | 00 00 00 01 EB DA 9A 3F | 8F 3F 3A 52 4C 04 5B 7E | .......?.?:RL.[~ |
    5725092 00:00:05.725 [D] Mac-----------: | E7 29 5A D9 02 57 25 D8 | D6 BA D7 BE 09 DE C3    | .)Z..W%........  |
    5725092 00:00:05.725 [D] Mac-----------: ------------------------------------------------------------------------
    5725092 00:00:05.725 [I] MeshForwarder-: Received IPv6 UDP msg, len:84, chksum:b6f3, ecn:no, from:7e28de12a391d189, sec:no, prio:net, rss:-31.0
    5725092 00:00:05.725 [I] MeshForwarder-:     src:[fe80:0:0:0:7c28:de12:a391:d189]:19788
    5725092 00:00:05.725 [I] MeshForwarder-:     dst:[ff02:0:0:0:0:0:0:2]:19788
    5725092 00:00:05.725 [D] Mac-----------: Idle mode: Radio receiving on channel 11
    6847132 00:00:06.847 [I] Mle-----------: AttachState ParentReq -> Idle
    6847132 00:00:06.847 [N] RouterTable---: Allocate router id 62
    6847132 00:00:06.847 [N] Mle-----------: RLOC16 fffe -> f800
    6847132 set node RLOC16: fffe -> f800
    6847132 00:00:06.847 [D] SubMac--------: RadioShortAddress: 0xf800
    6847132 00:00:06.847 [N] Mle-----------: Role detached -> leader
    6847132 00:00:06.847 [N] Mle-----------: Partition ID 0x6cef4041
    6847132 00:00:06.847 [I] RouterTable---: Route table
    6847132 00:00:06.847 [I] RouterTable---:     62 0xf800 - me - leader
    6847132 00:00:06.847 [I] Notifier------: StateChanged (0x100012a5) [Ip6+ Role Rloc+ PartitionId NetData Ip6Mult+ ActDset]
    6847132 00:00:06.847 [I] Settings------: Saved NetworkInfo {rloc:0xf800, extaddr:bee088b8373dd2c6, role:leader, mode:0x0f, version:5, keyseq:0x0, ...
    6847132 00:00:06.847 [I] Settings------: ... pid:0x6cef4041, mlecntr:0x3ef, maccntr:0x3e8, mliid:764242dd87b9ec6e}
    6847132 00:00:06.847 [D] Mle-----------: Store Network Information
    6847132 00:00:06.847 [I] Mle-----------: Send Data Response (ff02:0:0:0:0:0:0:1)
    6847132 00:00:06.847 [I] Settings------: Re-saved NetworkInfo {rloc:0xf800, extaddr:bee088b8373dd2c6, role:leader, mode:0x0f, version:5, keyseq:0x0, ...
    6847132 00:00:06.847 [I] Settings------: ... pid:0x6cef4041, mlecntr:0x3ef, maccntr:0x3e8, mliid:764242dd87b9ec6e}
    6847132 00:00:06.847 [D] Mle-----------: Store Network Information
    6847132 00:00:06.847 [I] BbrLeader-----: PBBR state: None
    6847132 00:00:06.847 [D] MlrManager----: MlrManager::UpdateReregistrationDelay: rereg=0, needSendMlr=0, ReregDelay=0
    6847132 00:00:06.847 [I] AnnounceSender: Started
    6847132 00:00:06.847 [D] Mac-----------: Request to start operation "TransmitDataDirect"
    6847132 00:00:06.847 [D] Mac-----------: Starting operation "TransmitDataDirect"
    6847132 00:00:06.847 [D] SubMac--------: RadioState: Receive -> CsmaBackoff
    6848412 00:00:06.848 [D] SubMac--------: RadioState: CsmaBackoff -> Transmit
    6851172 00:00:06.851 [D] SubMac--------: RadioState: Transmit -> Receive
    6851172 00:00:06.851 [D] Mac-----------: ==============================[TX len=075]==============================
    6851172 00:00:06.851 [D] Mac-----------: | 41 D8 23 CE FA FF FF C6 | D2 3D 37 B8 88 E0 BE 7F | A.#......=7..... |
    6851172 00:00:06.851 [D] Mac-----------: | 3B 01 F0 4D 4C 4D 4C 68 | 8C 00 15 06 00 00 00 00 | ;..MLMLh........ |
    6851172 00:00:06.851 [D] Mac-----------: | 00 00 00 01 74 C8 80 1C | 4A 6E 5C E8 91 22 70 B8 | ....t...Jn\.."p. |
    6851172 00:00:06.851 [D] Mac-----------: | F7 F6 5F 3A 86 4C 7E 4F | 2E 9C 72 56 86 BA DF 72 | .._:.L~O..rV...r |
    6851172 00:00:06.851 [D] Mac-----------: | F9 00 2A E5 1D A4 8E 19 | 52 24 68                | ..*.....R$h      |
    6851172 00:00:06.851 [D] Mac-----------: ------------------------------------------------------------------------
    6851172 00:00:06.851 [D] Mac-----------: Finishing operation "TransmitDataDirect"
    6851172 00:00:06.851 [I] MeshForwarder-: Sent IPv6 UDP msg, len:96, chksum:688c, ecn:no, to:0xffff, sec:no, prio:net
    6851172 00:00:06.851 [I] MeshForwarder-:     src:[fe80:0:0:0:bce0:88b8:373d:d2c6]:19788
    6851172 00:00:06.851 [I] MeshForwarder-:     dst:[ff02:0:0:0:0:0:0:1]:19788
    6851172 00:00:06.851 [D] Mac-----------: Idle mode: Radio receiving on channel 11
    6974972 00:00:06.974 [D] Mac-----------: ==============================[RX len=075]==============================
    6974972 00:00:06.974 [D] Mac-----------: | 41 D8 F4 CE FA FF FF 89 | D1 91 A3 12 DE 28 7E 7F | A............(~. |
    6974972 00:00:06.974 [D] Mac-----------: | 3B 01 F0 4D 4C 4D 4C 5F | 58 00 15 06 00 00 00 00 | ;..MLML_X....... |
    6974972 00:00:06.974 [D] Mac-----------: | 00 00 00 01 C2 42 CE CA | 7A 93 C8 33 B3 D2 BA 38 | .....B..z..3...8 |
    6974972 00:00:06.974 [D] Mac-----------: | F7 20 BF 30 3D 8C 59 C8 | AF B6 F8 00 29 1A 1C EE | . .0=.Y.....)... |
    6974972 00:00:06.974 [D] Mac-----------: | F0 BC 97 07 91 DC 8E 49 | 78 3E E9                | .......Ix>.      |
    6974972 00:00:06.974 [D] Mac-----------: ------------------------------------------------------------------------
    6974972 00:00:06.974 [I] MeshForwarder-: Received IPv6 UDP msg, len:96, chksum:5f58, ecn:no, from:7e28de12a391d189, sec:no, prio:net, rss:-31.0
    6974972 00:00:06.974 [I] MeshForwarder-:     src:[fe80:0:0:0:7c28:de12:a391:d189]:19788
    6974972 00:00:06.974 [I] MeshForwarder-:     dst:[ff02:0:0:0:0:0:0:1]:19788
    6974972 00:00:06.974 [D] Mle-----------: Receive MLE message
    6974972 00:00:06.974 [I] Mle-----------: Receive Data Response (fe80:0:0:0:7c28:de12:a391:d189)
    6974972 00:00:06.974 [I] Mle-----------: Failed to process Data Response: Drop
    6974972 00:00:06.974 [D] Mac-----------: Idle mode: Radio receiving on channel 11
    7490820 00:00:07.490 [D] Mac-----------: ==============================[RX len=069]==============================
    7490820 00:00:07.490 [D] Mac-----------: | 41 D8 F5 CE FA FF FF 89 | D1 91 A3 12 DE 28 7E 7F | A............(~. |
    7490820 00:00:07.490 [D] Mac-----------: | 3B 01 F0 4D 4C 4D 4C 1F | BB 00 15 07 00 00 00 00 | ;..MLML......... |
    7490820 00:00:07.490 [D] Mac-----------: | 00 00 00 01 92 07 17 7D | A5 09 18 D5 7B 12 52 1F | .......}....{.R. |
    7490820 00:00:07.490 [D] Mac-----------: | 1F 1F 15 C3 32 EF D7 15 | B7 36 9D 92 70 2F 4A 85 | ....2....6..p/J. |
    7490820 00:00:07.490 [D] Mac-----------: | AD 75 16 89 B6          |                         | .u...            |
    7490820 00:00:07.490 [D] Mac-----------: ------------------------------------------------------------------------
    7490820 00:00:07.490 [I] MeshForwarder-: Received IPv6 UDP msg, len:90, chksum:1fbb, ecn:no, from:7e28de12a391d189, sec:no, prio:net, rss:-31.0
    7490820 00:00:07.490 [I] MeshForwarder-:     src:[fe80:0:0:0:7c28:de12:a391:d189]:19788
    7490820 00:00:07.490 [I] MeshForwarder-:     dst:[ff02:0:0:0:0:0:0:1]:19788
    7490820 00:00:07.490 [D] Mle-----------: Receive MLE message
    7490820 00:00:07.490 [I] Mle-----------: Receive Advertisement (fe80:0:0:0:7c28:de12:a391:d189,0x4800)
    7490820 00:00:07.490 [N] Mle-----------: Different partition (peer:196121267, local:1827618881)
    7490820 00:00:07.490 [I] Mle-----------: Failed to process Advertisement: Drop
    7490820 00:00:07.490 [D] Mac-----------: Idle mode: Radio receiving on channel 11
    7763860 00:00:07.763 [I] Mle-----------: Send Advertisement (ff02:0:0:0:0:0:0:1)
    7763860 00:00:07.763 [D] Mac-----------: Request to start operation "TransmitDataDirect"
    7763860 00:00:07.763 [D] Mac-----------: Starting operation "TransmitDataDirect"
    7763860 00:00:07.763 [D] SubMac--------: RadioState: Receive -> CsmaBackoff
    7765460 00:00:07.765 [D] SubMac--------: RadioState: CsmaBackoff -> Transmit
    7768028 00:00:07.768 [D] SubMac--------: RadioState: Transmit -> Receive
    7768028 00:00:07.768 [D] Mac-----------: ==============================[TX len=069]==============================
    7768028 00:00:07.768 [D] Mac-----------: | 41 D8 24 CE FA FF FF C6 | D2 3D 37 B8 88 E0 BE 7F | A.$......=7..... |
    7768028 00:00:07.768 [D] Mac-----------: | 3B 01 F0 4D 4C 4D 4C 4A | 55 00 15 07 00 00 00 00 | ;..MLMLJU....... |
    7768028 00:00:07.768 [D] Mac-----------: | 00 00 00 01 FF 8E 20 97 | 02 08 38 D2 BF 17 3C 31 | ...... ...8...<1 |
    7768028 00:00:07.768 [D] Mac-----------: | 8F 62 32 A5 3E 1F 82 C5 | 0B 32 95 B0 98 20 23 50 | .b2.>....2... #P |
    7768028 00:00:07.768 [D] Mac-----------: | A2 3B 8E 7D 94          |                         | .;.}.            |
    7768028 00:00:07.768 [D] Mac-----------: ------------------------------------------------------------------------
    7768028 00:00:07.768 [D] Mac-----------: Finishing operation "TransmitDataDirect"
    7768028 00:00:07.768 [I] MeshForwarder-: Sent IPv6 UDP msg, len:90, chksum:4a55, ecn:no, to:0xffff, sec:no, prio:net
    7768028 00:00:07.768 [I] MeshForwarder-:     src:[fe80:0:0:0:bce0:88b8:373d:d2c6]:19788
    7768028 00:00:07.768 [I] MeshForwarder-:     dst:[ff02:0:0:0:0:0:0:1]:19788
    7768028 00:00:07.768 [D] Mac-----------: Idle mode: Radio receiving on channel 11
    7772404 00:00:07.772 [D] Mac-----------: ==============================[RX len=063]==============================
    7772404 00:00:07.772 [D] Mac-----------: | 41 D8 F6 CE FA FF FF 89 | D1 91 A3 12 DE 28 7E 7F | A............(~. |
    7772404 00:00:07.772 [D] Mac-----------: | 3B 02 F0 4D 4C 4D 4C A1 | 21 00 15 08 00 00 00 00 | ;..MLML.!....... |
    7772404 00:00:07.772 [D] Mac-----------: | 00 00 00 01 8B 51 1F 28 | E2 F4 F3 A0 6C 12 13 D0 | .....Q.(....l... |
    7772404 00:00:07.772 [D] Mac-----------: | 59 E6 56 41 FE B0 54 CF | 79 99 74 B9 F8 F4 67    | Y.VA..T.y.t...g  |
    7772404 00:00:07.772 [D] Mac-----------: ------------------------------------------------------------------------
    7772404 00:00:07.772 [I] MeshForwarder-: Received IPv6 UDP msg, len:84, chksum:a121, ecn:no, from:7e28de12a391d189, sec:no, prio:net, rss:-31.0
    7772404 00:00:07.772 [I] MeshForwarder-:     src:[fe80:0:0:0:7c28:de12:a391:d189]:19788
    7772404 00:00:07.772 [I] MeshForwarder-:     dst:[ff02:0:0:0:0:0:0:2]:19788
    7772404 00:00:07.772 [D] Mle-----------: Receive MLE message
    7772404 00:00:07.772 [I] Mle-----------: Receive Parent Request (fe80:0:0:0:7c28:de12:a391:d189)
    7772404 00:00:07.772 [N] Mle-----------: ParentResponseDelay delay_ms=170 scan_mask=0x80 child=7e28de12a391d189
    7772404 00:00:07.772 [I] Mle-----------: Delay Parent Response (fe80:0:0:0:7c28:de12:a391:d189)
    7772404 00:00:07.772 [D] Mac-----------: Idle mode: Radio receiving on channel 11
    7942444 00:00:07.942 [I] Mle-----------: Send Parent Response (fe80:0:0:0:7c28:de12:a391:d189)
    7942444 00:00:07.942 [D] Mac-----------: Request to start operation "TransmitDataDirect"
    7942444 00:00:07.942 [D] Mac-----------: Starting operation "TransmitDataDirect"
    7942444 00:00:07.942 [D] SubMac--------: RadioState: Receive -> CsmaBackoff
    7943404 00:00:07.943 [D] SubMac--------: RadioState: CsmaBackoff -> Transmit
    7947924 00:00:07.947 [D] SubMac--------: RadioState: Transmit -> Receive
    7947924 00:00:07.947 [D] Mac-----------: ==============================[TX len=113]==============================
    7947924 00:00:07.947 [D] Mac-----------: | 61 DC 25 CE FA 89 D1 91 | A3 12 DE 28 7E C6 D2 3D | a.%........(~..= |
    7947924 00:00:07.947 [D] Mac-----------: | 37 B8 88 E0 BE 7F 33 F0 | 4D 4C 4D 4C C1 C5 00 15 | 7.....3.MLML.... |
    7947924 00:00:07.947 [D] Mac-----------: | 08 00 00 00 00 00 00 00 | 01 6A 7B 0E 5B 8A 14 02 | .........j{.[... |
    7947924 00:00:07.947 [D] Mac-----------: | 65 8B 8F CB 0D 49 5A E4 | E5 F0 57 34 19 5E C5 76 | e....IZ...W4.^.v |
    7947924 00:00:07.947 [D] Mac-----------: | 9C BD 7F E3 33 D9 28 72 | 1B 37 A4 E4 D5 1D 7C 7E | ....3.(r.7....|~ |
    7947924 00:00:07.947 [D] Mac-----------: | 12 2D 0A 65 10 FE CC F1 | 8E 01 F4 9F F8 08 72 A0 | .-.e..........r. |
    7947924 00:00:07.947 [D] Mac-----------: | 15 06 21 F7 23 E5 F3 FF | FC 9E 9E 12 AB 4A 12 7D | ..!.#........J.} |
    7947924 00:00:07.947 [D] Mac-----------: | E1                      |                         | .                |
    7947924 00:00:07.947 [D] Mac-----------: ------------------------------------------------------------------------
    7947924 00:00:07.947 [D] Mac-----------: Finishing operation "TransmitDataDirect"
    7947924 00:00:07.947 [I] MeshForwarder-: Sent IPv6 UDP msg, len:129, chksum:c1c5, ecn:no, to:7e28de12a391d189, sec:no, prio:net
    7947924 00:00:07.947 [I] MeshForwarder-:     src:[fe80:0:0:0:bce0:88b8:373d:d2c6]:19788
    7947924 00:00:07.947 [I] MeshForwarder-:     dst:[fe80:0:0:0:7c28:de12:a391:d189]:19788
    7947924 00:00:07.947 [D] Mac-----------: Idle mode: Radio receiving on channel 11
    8523780 00:00:08.523 [D] Mac-----------: ==============================[RX len=098]==============================
    8523780 00:00:08.523 [D] Mac-----------: | 61 DC F7 CE FA C6 D2 3D | 37 B8 88 E0 BE 89 D1 91 | a......=7....... |
    8523780 00:00:08.523 [D] Mac-----------: | A3 12 DE 28 7E 7F 33 F0 | 4D 4C 4D 4C B3 C4 00 15 | ...(~.3.MLML.... |
    8523780 00:00:08.523 [D] Mac-----------: | 09 00 00 00 00 00 00 00 | 01 69 78 7C AF 60 A4 9E | .........ix|.`.. |
    8523780 00:00:08.523 [D] Mac-----------: | 62 3B BA CB 1B 67 8B 3C | EA C8 BF B6 22 A6 0F 78 | b;...g.<...."..x |
    8523780 00:00:08.523 [D] Mac-----------: | C6 45 88 E3 A6 0B 87 20 | 0D B5 FB 24 97 BD EB CB | .E..... ...$.... |
    8523780 00:00:08.523 [D] Mac-----------: | A4 B3 58 B7 AD 1A 68 63 | 0B 18 A3 DB 06 5D 4C D2 | ..X...hc.....]L. |
    8523780 00:00:08.523 [D] Mac-----------: | F9 B4                   |                         | ..               |
    8523780 00:00:08.523 [D] Mac-----------: ------------------------------------------------------------------------
    8523780 00:00:08.523 [I] MeshForwarder-: Received IPv6 UDP msg, len:114, chksum:b3c4, ecn:no, from:7e28de12a391d189, sec:no, prio:net, rss:-31.0
    8523780 00:00:08.523 [I] MeshForwarder-:     src:[fe80:0:0:0:7c28:de12:a391:d189]:19788
    8523780 00:00:08.523 [I] MeshForwarder-:     dst:[fe80:0:0:0:bce0:88b8:373d:d2c6]:19788
    8523780 00:00:08.523 [D] Mle-----------: Receive MLE message
    8523780 00:00:08.523 [I] Mle-----------: Receive Child ID Request (fe80:0:0:0:7c28:de12:a391:d189)
    8523780 00:00:08.523 [I] Settings------: Added ChildInfo {rloc:0xf801, extaddr:7e28de12a391d189, timeout:240, mode:0x0f, version:5}
    8523780 00:00:08.523 [D] MlrManager----: -------- Multicast Addresses --------
    8523780 00:00:08.523 [I] Mle-----------: Send Child ID Response (fe80:0:0:0:7c28:de12:a391:d189,0xf801)
    8523780 00:00:08.523 [D] Mac-----------: Idle mode: Radio receiving on channel 11
    8523780 00:00:08.523 [I] Notifier------: StateChanged (0x00000400) [Child+]
    8523780 00:00:08.523 [I] ChildSupervsn-: Starting Child Supervision
    8523780 00:00:08.523 [D] Mac-----------: Request to start operation "TransmitDataDirect"
    8523780 00:00:08.523 [D] Mac-----------: Starting operation "TransmitDataDirect"
    8523780 00:00:08.523 [D] SubMac--------: RadioState: Receive -> CsmaBackoff
    8524100 00:00:08.524 [D] SubMac--------: RadioState: CsmaBackoff -> Transmit
    8524100 00:00:08.524 [D] SubMac--------: RadioState: Transmit -> CsmaBackoff
    8528260 00:00:08.528 [D] SubMac--------: RadioState: CsmaBackoff -> Transmit
    8532236 00:00:08.532 [D] SubMac--------: RadioState: Transmit -> Receive
    8532236 00:00:08.532 [D] Mac-----------: ==============================[TX len=096]==============================
    8532236 00:00:08.532 [D] Mac-----------: | 61 DC 26 CE FA 89 D1 91 | A3 12 DE 28 7E C6 D2 3D | a.&........(~..= |
    8532236 00:00:08.532 [D] Mac-----------: | 37 B8 88 E0 BE 7F 33 F0 | 4D 4C 4D 4C 89 E1 00 15 | 7.....3.MLML.... |
    8532236 00:00:08.532 [D] Mac-----------: | 09 00 00 00 00 00 00 00 | 01 3D 8F 16 D8 FE FF 1C | .........=...... |
    8532236 00:00:08.532 [D] Mac-----------: | 55 51 83 D3 03 8E 7D 2F | 7D 7E 96 36 90 7E A2 6A | UQ....}/}~.6.~.j |
    8532236 00:00:08.532 [D] Mac-----------: | 27 42 E8 72 CA F1 FD 6D | 40 01 D6 BE D0 95 87 06 | 'B.r...m@....... |
    8532236 00:00:08.532 [D] Mac-----------: | 29 6F 05 7E 03 9C A9 0E | 4C 4B A0 2C 9E 68 C2 D3 | )o.~....LK.,.h.. |
    8532236 00:00:08.532 [D] Mac-----------: ------------------------------------------------------------------------
    8532236 00:00:08.532 [D] Mac-----------: Finishing operation "TransmitDataDirect"
    8532236 00:00:08.532 [I] MeshForwarder-: Sent IPv6 UDP msg, len:112, chksum:89e1, ecn:no, to:7e28de12a391d189, sec:no, prio:net
    8532236 00:00:08.532 [I] MeshForwarder-:     src:[fe80:0:0:0:bce0:88b8:373d:d2c6]:19788
    8532236 00:00:08.532 [I] MeshForwarder-:     dst:[fe80:0:0:0:7c28:de12:a391:d189]:19788
    8532236 00:00:08.532 [D] Mac-----------: Idle mode: Radio receiving on channel 11
    9767876 00:00:09.767 [I] Mle-----------: Send Advertisement (ff02:0:0:0:0:0:0:1)
    9767876 00:00:09.767 [D] Mac-----------: Request to start operation "TransmitDataDirect"
    9767876 00:00:09.767 [D] Mac-----------: Starting operation "TransmitDataDirect"
    9767876 00:00:09.767 [D] SubMac--------: RadioState: Receive -> CsmaBackoff
    9768516 00:00:09.768 [D] SubMac--------: RadioState: CsmaBackoff -> Transmit
    9771084 00:00:09.771 [D] SubMac--------: RadioState: Transmit -> Receive
    9771084 00:00:09.771 [D] Mac-----------: ==============================[TX len=069]==============================
    9771084 00:00:09.771 [D] Mac-----------: | 41 D8 27 CE FA FF FF C6 | D2 3D 37 B8 88 E0 BE 7F | A.'......=7..... |
    9771084 00:00:09.771 [D] Mac-----------: | 3B 01 F0 4D 4C 4D 4C 84 | 44 00 15 0A 00 00 00 00 | ;..MLML.D....... |
    9771084 00:00:09.771 [D] Mac-----------: | 00 00 00 01 52 E3 D9 40 | FD B6 A3 2A 13 98 3E 56 | ....R..@...*..>V |
    9771084 00:00:09.771 [D] Mac-----------: | 34 78 CD EC 09 72 C2 A6 | 7B 59 50 87 E9 06 D5 55 | 4x...r..{YP....U |
    9771084 00:00:09.771 [D] Mac-----------: | 9B D8 63 D3 1A          |                         | ..c..            |
    9771084 00:00:09.771 [D] Mac-----------: ------------------------------------------------------------------------
    9771084 00:00:09.771 [D] Mac-----------: Finishing operation "TransmitDataDirect"
    9771084 00:00:09.771 [I] MeshForwarder-: Sent IPv6 UDP msg, len:90, chksum:8444, ecn:no, to:0xffff, sec:no, prio:net
    9771084 00:00:09.771 [I] MeshForwarder-:     src:[fe80:0:0:0:bce0:88b8:373d:d2c6]:19788
    9771084 00:00:09.771 [I] MeshForwarder-:     dst:[ff02:0:0:0:0:0:0:1]:19788
    9771084 00:00:09.771 [D] Mac-----------: Idle mode: Radio receiving on channel 11
   12674724 00:00:12.674 [I] Mle-----------: Send Advertisement (ff02:0:0:0:0:0:0:1)
   12674724 00:00:12.674 [D] Mac-----------: Request to start operation "TransmitDataDirect"
   12674724 00:00:12.674 [D] Mac-----------: Starting operation "TransmitDataDirect"
   12674724 00:00:12.674 [D] SubMac--------: RadioState: Receive -> CsmaBackoff
   12676644 00:00:12.676 [D] SubMac--------: RadioState: CsmaBackoff -> Transmit
   12679212 00:00:12.679 [D] SubMac--------: RadioState: Transmit -> Receive
   12679212 00:00:12.679 [D] Mac-----------: ==============================[TX len=069]==============================
   12679212 00:00:12.679 [D] Mac-----------: | 41 D8 28 CE FA FF FF C6 | D2 3D 37 B8 88 E0 BE 7F | A.(......=7..... |
   12679212 00:00:12.679 [D] Mac-----------: | 3B 01 F0 4D 4C 4D 4C 89 | AD 00 15 0B 00 00 00 00 | ;..MLML......... |
   12679212 00:00:12.679 [D] Mac-----------: | 00 00 00 01 4B 1D 8C 10 | 38 DF 9A F5 A0 13 9F 25 | ....K...8......% |
   12679212 00:00:12.679 [D] Mac-----------: | B8 26 B5 09 16 89 1A F8 | 25 3B 53 86 D8 3C 70 0F | .&......%;S..<p. |
   12679212 00:00:12.679 [D] Mac-----------: | E8 85 DB 31 53          |                         | ...1S            |
   12679212 00:00:12.679 [D] Mac-----------: ------------------------------------------------------------------------
   12679212 00:00:12.679 [D] Mac-----------: Finishing operation "TransmitDataDirect"
   12679212 00:00:12.679 [I] MeshForwarder-: Sent IPv6 UDP msg, len:90, chksum:89ad, ecn:no, to:0xffff, sec:no, prio:net
   12679212 00:00:12.679 [I] MeshForwarder-:     src:[fe80:0:0:0:bce0:88b8:373d:d2c6]:19788
   12679212 00:00:12.679 [I] MeshForwarder-:     dst:[ff02:0:0:0:0:0:0:1]:19788
   12679212 00:00:12.679 [D] Mac-----------: Idle mode: Radio receiving on channel 11
   18466852 00:00:18.466 [I] Mle-----------: Send Advertisement (ff02:0:0:0:0:0:0:1)
   18466852 00:00:18.466 [D] Mac-----------: Request to start operation "TransmitDataDirect"
   18466852 00:00:18.466 [D] Mac-----------: Starting operation "TransmitDataDirect"
   18466852 00:00:18.466 [D] SubMac--------: RadioState: Receive -> CsmaBackoff
   18467492 00:00:18.467 [D] SubMac--------: RadioState: CsmaBackoff -> Transmit
   18470060 00:00:18.470 [D] SubMac--------: RadioState: Transmit -> Receive
   18470060 00:00:18.470 [D] Mac-----------: ==============================[TX len=069]==============================
   18470060 00:00:18.470 [D] Mac-----------: | 41 D8 29 CE FA FF FF C6 | D2 3D 37 B8 88 E0 BE 7F | A.)......=7..... |
   18470060 00:00:18.470 [D] Mac-----------: | 3B 01 F0 4D 4C 4D 4C B7 | DE 00 15 0C 00 00 00 00 | ;..MLML......... |
   18470060 00:00:18.470 [D] Mac-----------: | 00 00 00 01 AE F5 FC EF | A3 ED 1A 06 4B 3A 41 4A | ............K:AJ |
   18470060 00:00:18.470 [D] Mac-----------: | CB 7E B4 51 66 9B 0D 3F | AD 8C C0 B9 ED 20 99 DB | .~.Qf..?..... .. |
   18470060 00:00:18.470 [D] Mac-----------: | 08 06 F5 6F AB          |                         | ...o.            |
   18470060 00:00:18.470 [D] Mac-----------: ------------------------------------------------------------------------
   18470060 00:00:18.470 [D] Mac-----------: Finishing operation "TransmitDataDirect"
   18470060 00:00:18.470 [I] MeshForwarder-: Sent IPv6 UDP msg, len:90, chksum:b7de, ecn:no, to:0xffff, sec:no, prio:net
   18470060 00:00:18.470 [I] MeshForwarder-:     src:[fe80:0:0:0:bce0:88b8:373d:d2c6]:19788
   18470060 00:00:18.470 [I] MeshForwarder-:     dst:[ff02:0:0:0:0:0:0:1]:19788
   18470060 00:00:18.470 [D] Mac-----------: Idle mode: Radio receiving on channel 11
   29877700 00:00:29.877 [I] Mle-----------: Send Advertisement (ff02:0:0:0:0:0:0:1)
   29877700 00:00:29.877 [D] Mac-----------: Request to start operation "TransmitDataDirect"
   29877700 00:00:29.877 [D] Mac-----------: Starting operation "TransmitDataDirect"
   29877700 00:00:29.877 [D] SubMac--------: RadioState: Receive -> CsmaBackoff
   29879300 00:00:29.879 [D] SubMac--------: RadioState: CsmaBackoff -> Transmit
   29881868 00:00:29.881 [D] SubMac--------: RadioState: Transmit -> Receive
   29881868 00:00:29.881 [D] Mac-----------: ==============================[TX len=069]==============================
   29881868 00:00:29.881 [D] Mac-----------: | 41 D8 2A CE FA FF FF C6 | D2 3D 37 B8 88 E0 BE 7F | A.*......=7..... |
   29881868 00:00:29.881 [D] Mac-----------: | 3B 01 F0 4D 4C 4D 4C 21 | 07 00 15 0D 00 00 00 00 | ;..MLML!........ |
   29881868 00:00:29.881 [D] Mac-----------: | 00 00 00 01 C1 DD 89 DF | 10 A0 C1 F7 4D 17 91 DC | ............M... |
   29881868 00:00:29.881 [D] Mac-----------: | C9 72 98 A2 99 DC 41 64 | C9 14 A4 90 BE FA E4 30 | .r....Ad.......0 |
   29881868 00:00:29.881 [D] Mac-----------: | 27 78 41 85 FF          |                         | 'xA..            |
   29881868 00:00:29.881 [D] Mac-----------: ------------------------------------------------------------------------
   29881868 00:00:29.881 [D] Mac-----------: Finishing operation "TransmitDataDirect"
   29881868 00:00:29.881 [I] MeshForwarder-: Sent IPv6 UDP msg, len:90, chksum:2107, ecn:no, to:0xffff, sec:no, prio:net
   29881868 00:00:29.881 [I] MeshForwarder-:     src:[fe80:0:0:0:bce0:88b8:373d:d2c6]:19788
   29881868 00:00:29.881 [I] MeshForwarder-:     dst:[ff02:0:0:0:0:0:0:1]:19788
   29881868 00:00:29.881 [D] Mac-----------: Idle mode: Radio receiving on channel 11
   40936508 00:00:40.936 [I] Mle-----------: Send Advertisement (ff02:0:0:0:0:0:0:1)
   40936508 00:00:40.936 [D] Mac-----------: Request to start operation "TransmitDataDirect"
   40936508 00:00:40.936 [D] Mac-----------: Starting operation "TransmitDataDirect"
   40936508 00:00:40.936 [D] SubMac--------: RadioState: Receive -> CsmaBackoff
   40938108 00:00:40.938 [D] SubMac--------: RadioState: CsmaBackoff -> Transmit
   40940676 00:00:40.940 [D] SubMac--------: RadioState: Transmit -> Receive
   40940676 00:00:40.940 [D] Mac-----------: ==============================[TX len=069]==============================
   40940676 00:00:40.940 [D] Mac-----------: | 41 D8 2B CE FA FF FF C6 | D2 3D 37 B8 88 E0 BE 7F | A.+......=7..... |
   40940676 00:00:40.940 [D] Mac-----------: | 3B 01 F0 4D 4C 4D 4C BA | FF 00 15 0E 00 00 00 00 | ;..MLML......... |
   40940676 00:00:40.940 [D] Mac-----------: | 00 00 00 01 FA EE DD F7 | 47 DC F1 3F FB 5D A9 0D | ........G..?.].. |
   40940676 00:00:40.940 [D] Mac-----------: | FB E2 36 A6 A9 A2 FA 83 | A8 C3 A9 2E 33 0D B9 0D | ..6.........3... |
   40940676 00:00:40.940 [D] Mac-----------: | 06 21 EA 21 7F          |                         | .!.!.            |
   40940676 00:00:40.940 [D] Mac-----------: ------------------------------------------------------------------------
   40940676 00:00:40.940 [D] Mac-----------: Finishing operation "TransmitDataDirect"
   40940676 00:00:40.940 [I] MeshForwarder-: Sent IPv6 UDP msg, len:90, chksum:baff, ecn:no, to:0xffff, sec:no, prio:net
   40940676 00:00:40.940 [I] MeshForwarder-:     src:[fe80:0:0:0:bce0:88b8:373d:d2c6]:19788
   40940676 00:00:40.940 [I] MeshForwarder-:     dst:[ff02:0:0:0:0:0:0:1]:19788
   40940676 00:00:40.940 [D] Mac-----------: Idle mode: Radio receiving on channel 11
   55969316 00:00:55.969 [I] Mle-----------: Send Advertisement (ff02:0:0:0:0:0:0:1)
   55969316 00:00:55.969 [D] Mac-----------: Request to start operation "TransmitDataDirect"
   55969316 00:00:55.969 [D] Mac-----------: Starting operation "TransmitDataDirect"
   55969316 00:00:55.969 [D] SubMac--------: RadioState: Receive -> CsmaBackoff
   55970276 00:00:55.970 [D] SubMac--------: RadioState: CsmaBackoff -> Transmit
   55972844 00:00:55.972 [D] SubMac--------: RadioState: Transmit -> Receive
   55972844 00:00:55.972 [D] Mac-----------: ==============================[TX len=069]==============================
   55972844 00:00:55.972 [D] Mac-----------: | 41 D8 2C CE FA FF FF C6 | D2 3D 37 B8 88 E0 BE 7F | A.,......=7..... |
   55972844 00:00:55.972 [D] Mac-----------: | 3B 01 F0 4D 4C 4D 4C D9 | F7 00 15 0F 00 00 00 00 | ;..MLML......... |
   55972844 00:00:55.972 [D] Mac-----------: | 00 00 00 01 F1 51 B5 2C | 6A BC B0 7A 44 CA 88 4F | .....Q.,j..zD..O |
   55972844 00:00:55.972 [D] Mac-----------: | 7E 37 D3 3A 0E 9E B4 BC | A0 B3 7E 63 99 C3 85 86 | ~7.:......~c.... |
   55972844 00:00:55.972 [D] Mac-----------: | E5 2E FC E3 53          |                         | ....S            |
   55972844 00:00:55.972 [D] Mac-----------: ------------------------------------------------------------------------
   55972844 00:00:55.972 [D] Mac-----------: Finishing operation "TransmitDataDirect"
   55972844 00:00:55.972 [I] MeshForwarder-: Sent IPv6 UDP msg, len:90, chksum:d9f7, ecn:no, to:0xffff, sec:no, prio:net
   55972844 00:00:55.972 [I] MeshForwarder-:     src:[fe80:0:0:0:bce0:88b8:373d:d2c6]:19788
   55972844 00:00:55.972 [I] MeshForwarder-:     dst:[ff02:0:0:0:0:0:0:1]:19788
   55972844 00:00:55.972 [D] Mac-----------: Idle mode: Radio receiving on channel 11
   69265484 00:01:09.265 [I] Mle-----------: Send Advertisement (ff02:0:0:0:0:0:0:1)
   69265484 00:01:09.265 [D] Mac-----------: Request to start operation "TransmitDataDirect"
   69265484 00:01:09.265 [D] Mac-----------: Starting operation "TransmitDataDirect"
   69265484 00:01:09.265 [D] SubMac--------: RadioState: Receive -> CsmaBackoff
   69266764 00:01:09.266 [D] SubMac--------: RadioState: CsmaBackoff -> Transmit
   69269332 00:01:09.269 [D] SubMac--------: RadioState: Transmit -> Receive
   69269332 00:01:09.269 [D] Mac-----------: ==============================[TX len=069]==============================
   69269332 00:01:09.269 [D] Mac-----------: | 41 D8 2D CE FA FF FF C6 | D2 3D 37 B8 88 E0 BE 7F | A.-......=7..... |
   69269332 00:01:09.269 [D] Mac-----------: | 3B 01 F0 4D 4C 4D 4C 7C | 24 00 15 10 00 00 00 00 | ;..MLML|$....... |
   69269332 00:01:09.269 [D] Mac-----------: | 00 00 00 01 C3 93 FD F4 | 01 10 B2 8E BA C1 C0 AE | ................ |
   69269332 00:01:09.269 [D] Mac-----------: | 70 F9 E0 83 E4 97 42 24 | 90 B6 84 FE C2 FF 6A 16 | p.....B$......j. |
   69269332 00:01:09.269 [D] Mac-----------: | 16 ED D4 42 FB          |                         | ...B.            |
   69269332 00:01:09.269 [D] Mac-----------: ------------------------------------------------------------------------
   69269332 00:01:09.269 [D] Mac-----------: Finishing operation "TransmitDataDirect"
   69269332 00:01:09.269 [I] MeshForwarder-: Sent IPv6 UDP msg, len:90, chksum:7c24, ecn:no, to:0xffff, sec:no, prio:net
   69269332 00:01:09.269 [I] MeshForwarder-:     src:[fe80:0:0:0:bce0:88b8:373d:d2c6]:19788
   69269332 00:01:09.269 [I] MeshForwarder-:     dst:[ff02:0:0:0:0:0:0:1]:19788
   69269332 00:01:09.269 [D] Mac-----------: Idle mode: Radio receiving on channel 11
   80596972 00:01:20.596 [I] Mle-----------: Send Advertisement (ff02:0:0:0:0:0:0:1)
   80596972 00:01:20.596 [D] Mac-----------: Request to start operation "TransmitDataDirect"
   80596972 00:01:20.596 [D] Mac-----------: Starting operation "TransmitDataDirect"
   80596972 00:01:20.596 [D] SubMac--------: RadioState: Receive -> CsmaBackoff
   80597612 00:01:20.597 [D] SubMac--------: RadioState: CsmaBackoff -> Transmit
   80600180 00:01:20.600 [D] SubMac--------: RadioState: Transmit -> Receive
   80600180 00:01:20.600 [D] Mac-----------: ==============================[TX len=069]==============================
   80600180 00:01:20.600 [D] Mac-----------: | 41 D8 2E CE FA FF FF C6 | D2 3D 37 B8 88 E0 BE 7F | A........=7..... |
   80600180 00:01:20.600 [D] Mac-----------: | 3B 01 F0 4D 4C 4D 4C EC | F7 00 15 11 00 00 00 00 | ;..MLML......... |
   80600180 00:01:20.600 [D] Mac-----------: | 00 00 00 01 E7 3E CF 60 | 9D 78 10 C4 F0 E4 4F 1D | .....>.`.x....O. |
   80600180 00:01:20.600 [D] Mac-----------: | EB 4F 1D 12 44 27 BE 1D | DE 00 83 EE CD 58 C8 05 | .O..D'.......X.. |
   80600180 00:01:20.600 [D] Mac-----------: | CE 44 4E 7D 9A          |                         | .DN}.            |
   80600180 00:01:20.600 [D] Mac-----------: ------------------------------------------------------------------------
   80600180 00:01:20.600 [D] Mac-----------: Finishing operation "TransmitDataDirect"
   80600180 00:01:20.600 [I] MeshForwarder-: Sent IPv6 UDP msg, len:90, chksum:ecf7, ecn:no, to:0xffff, sec:no, prio:net
   80600180 00:01:20.600 [I] MeshForwarder-:     src:[fe80:0:0:0:bce0:88b8:373d:d2c6]:19788
   80600180 00:01:20.600 [I] MeshForwarder-:     dst:[ff02:0:0:0:0:0:0:1]:19788
   80600180 00:01:20.600 [D] Mac-----------: Idle mode: Radio receiving on channel 11
   81325724 00:01:21.325 [D] Mac-----------: Received frame from short address 0xf801
   81325724 00:01:21.325 [D] Mac-----------: Rx security - frame counter 0
   81325724 00:01:21.325 [D] Mac-----------: ==============================[RX len=057]==============================
   81325724 00:01:21.325 [D] Mac-----------: | 69 98 F8 CE FA 00 F8 01 | F8 0D 00 00 00 00 01 76 | i..............v |
   81325724 00:01:21.325 [D] Mac-----------: | 77 07 F3 FF F7 2E 42 02 | A4 E8 34 45 B1 61 02 61 | w.....B...4E.a.a |
   81325724 00:01:21.325 [D] Mac-----------: | 73 FF 01 08 7E 28 DE 12 | A3 91 D1 89 02 02 48 00 | s...~(........H. |
   81325724 00:01:21.325 [D] Mac-----------: | 04 01 02 0F 19 CF 44 0C | 28                      | ......D.(        |
   81325724 00:01:21.325 [D] Mac-----------: ------------------------------------------------------------------------
   81325724 00:01:21.325 [I] MeshForwarder-: Received IPv6 UDP msg, len:77, chksum:f72e, ecn:no, from:0xf801, sec:yes, prio:net, rss:-31.0
   81325724 00:01:21.325 [I] MeshForwarder-:     src:[fdde:ad00:beef:0:0:ff:fe00:f801]:61631
   81325724 00:01:21.325 [I] MeshForwarder-:     dst:[fdde:ad00:beef:0:0:ff:fe00:f800]:61631
   81325724 00:01:21.325 [I] Mle-----------: Receive Address Solicit (fdde:ad00:beef:0:0:ff:fe00:f801)
   81325724 00:01:21.325 [I] Mle-----------: AddrSolicit Reason: TooFewRouters
   81325724 00:01:21.325 [I] Mle-----------: AddrSolicit Requested ID: 18
   81325724 00:01:21.325 [N] RouterTable---: Allocate router id 18
   81325724 00:01:21.325 [I] Mle-----------: Send Address Reply (fdde:ad00:beef:0:0:ff:fe00:f801)
   81325724 00:01:21.325 [D] Mac-----------: Idle mode: Radio receiving on channel 11
   81325724 00:01:21.325 [I] RouterTable---: Route table
   81325724 00:01:21.325 [I] RouterTable---:     62 0xf800 - me - leader
   81325724 00:01:21.325 [I] RouterTable---:     18 0x4800
   81325724 00:01:21.325 [D] Mac-----------: Request to start operation "TransmitDataDirect"
   81325724 00:01:21.325 [D] Mac-----------: Starting operation "TransmitDataDirect"
   81325724 00:01:21.325 [D] SubMac--------: RadioState: Receive -> CsmaBackoff
   81326684 00:01:21.326 [D] SubMac--------: RadioState: CsmaBackoff -> Transmit
   81329284 00:01:21.329 [D] SubMac--------: RadioState: Transmit -> Receive
   81329284 00:01:21.329 [D] Mac-----------: ==============================[TX len=053]==============================
   81329284 00:01:21.329 [D] Mac-----------: | 69 98 2F CE FA 01 F8 00 | F8 0D 00 00 00 00 01 E0 | i./............. |
   81329284 00:01:21.329 [D] Mac-----------: | F7 20 60 01 2F 14 EF B9 | 52 58 B7 EF 25 46 B6 EC | . `./...RX..%F.. |
   81329284 00:01:21.329 [D] Mac-----------: | AC 66 DB 2C E7 8F 53 A8 | 5C C9 EF 57 B7 E4 FB D7 | .f.,..S.\..W.... |
   81329284 00:01:21.329 [D] Mac-----------: | 8E FC BB 6A 17          |                         | ...j.            |
   81329284 00:01:21.329 [D] Mac-----------: ------------------------------------------------------------------------
   81329284 00:01:21.329 [D] Mac-----------: Finishing operation "TransmitDataDirect"
   81329284 00:01:21.329 [I] MeshForwarder-: Sent IPv6 UDP msg, len:73, chksum:5ce8, ecn:no, to:0xf801, sec:yes, prio:net
   81329284 00:01:21.329 [I] MeshForwarder-:     src:[fdde:ad00:beef:0:0:ff:fe00:f800]:61631
   81329284 00:01:21.329 [I] MeshForwarder-:     dst:[fdde:ad00:beef:0:0:ff:fe00:f801]:61631
   81329284 00:01:21.329 [D] Mac-----------: Idle mode: Radio receiving on channel 11
   81333260 00:01:21.333 [D] Mac-----------: ==============================[RX len=070]==============================
   81333260 00:01:21.333 [D] Mac-----------: | 41 D8 F9 CE FA FF FF 89 | D1 91 A3 12 DE 28 7E 7F | A............(~. |
   81333260 00:01:21.333 [D] Mac-----------: | 3B 01 F0 4D 4C 4D 4C 3E | 5D 00 15 0A 00 00 00 00 | ;..MLML>]....... |
   81333260 00:01:21.333 [D] Mac-----------: | 00 00 00 01 8B 41 C5 58 | CE AF 52 7A 26 9E 5B 6B | .....A.X..Rz&.[k |
   81333260 00:01:21.333 [D] Mac-----------: | 1F 2D 38 22 56 B5 EA EE | 6D 8D 66 55 E2 FF 2F ED | .-8"V...m.fU../. |
   81333260 00:01:21.333 [D] Mac-----------: | 1E 9E 10 1F 86 3A       |                         | .....:           |
   81333260 00:01:21.333 [D] Mac-----------: ------------------------------------------------------------------------
   81333260 00:01:21.333 [I] MeshForwarder-: Received IPv6 UDP msg, len:91, chksum:3e5d, ecn:no, from:7e28de12a391d189, sec:no, prio:net, rss:-31.0
   81333260 00:01:21.333 [I] MeshForwarder-:     src:[fe80:0:0:0:7c28:de12:a391:d189]:19788
   81333260 00:01:21.333 [I] MeshForwarder-:     dst:[ff02:0:0:0:0:0:0:1]:19788
   81333260 00:01:21.333 [D] Mle-----------: Receive MLE message
   81333260 00:01:21.333 [I] Mle-----------: Receive Advertisement (fe80:0:0:0:7c28:de12:a391:d189,0x4800)
   81333260 00:01:21.333 [I] Settings------: Read ChildInfo {rloc:0xf801, extaddr:7e28de12a391d189, timeout:240, mode:0x0f, version:5}
   81333260 00:01:21.333 [I] Settings------: Removed ChildInfo {rloc:0xf801, extaddr:7e28de12a391d189, timeout:240, mode:0x0f, version:5}
   81333260 00:01:21.333 [D] Mac-----------: Idle mode: Radio receiving on channel 11
   81333260 00:01:21.333 [I] RouterTable---: Route table
   81333260 00:01:21.333 [I] RouterTable---:     62 0xf800 - me - leader
   81333260 00:01:21.333 [I] RouterTable---:     18 0x4800 - nbr{lq[i/o]:3/3 cost:1}
   81333260 00:01:21.333 [I] Notifier------: StateChanged (0x00000800) [Child-]
   81333260 00:01:21.333 [I] ChildSupervsn-: Stopping Child Supervision
   82210460 00:01:22.210 [D] Mac-----------: ==============================[RX len=070]==============================
   82210460 00:01:22.210 [D] Mac-----------: | 41 D8 FA CE FA FF FF 89 | D1 91 A3 12 DE 28 7E 7F | A............(~. |
   82210460 00:01:22.210 [D] Mac-----------: | 3B 01 F0 4D 4C 4D 4C F7 | B5 00 15 0B 00 00 00 00 | ;..MLML......... |
   82210460 00:01:22.210 [D] Mac-----------: | 00 00 00 01 E1 EF C1 39 | C1 71 FF E8 E6 25 3E 15 | .......9.q...%>. |
   82210460 00:01:22.210 [D] Mac-----------: | 92 60 7A E4 D8 2A D7 3B | E1 3A B8 4D 09 BF E0 0E | .`z..*.;.:.M.... |
   82210460 00:01:22.210 [D] Mac-----------: | 9B F5 E4 DC 25 6C       |                         | ....%l           |
   82210460 00:01:22.210 [D] Mac-----------: ------------------------------------------------------------------------
   82210460 00:01:22.210 [I] MeshForwarder-: Received IPv6 UDP msg, len:91, chksum:f7b5, ecn:no, from:7e28de12a391d189, sec:no, prio:net, rss:-31.0
   82210460 00:01:22.210 [I] MeshForwarder-:     src:[fe80:0:0:0:7c28:de12:a391:d189]:19788
   82210460 00:01:22.210 [I] MeshForwarder-:     dst:[ff02:0:0:0:0:0:0:1]:19788
   82210460 00:01:22.210 [D] Mle-----------: Receive MLE message
   82210460 00:01:22.210 [I] Mle-----------: Receive Advertisement (fe80:0:0:0:7c28:de12:a391:d189,0x4800)
   82210460 00:01:22.210 [D] Mac-----------: Idle mode: Radio receiving on channel 11
   82318500 00:01:22.318 [I] Mle-----------: Send Advertisement (ff02:0:0:0:0:0:0:1)
   82318500 00:01:22.318 [D] Mac-----------: Request to start operation "TransmitDataDirect"
   82318500 00:01:22.318 [D] Mac-----------: Starting operation "TransmitDataDirect"
   82318500 00:01:22.318 [D] SubMac--------: RadioState: Receive -> CsmaBackoff
   82320420 00:01:22.320 [D] SubMac--------: RadioState: CsmaBackoff -> Transmit
   82323020 00:01:22.323 [D] SubMac--------: RadioState: Transmit -> Receive
   82323020 00:01:22.323 [D] Mac-----------: ==============================[TX len=070]==============================
   82323020 00:01:22.323 [D] Mac-----------: | 41 D8 30 CE FA FF FF C6 | D2 3D 37 B8 88 E0 BE 7F | A.0......=7..... |
   82323020 00:01:22.323 [D] Mac-----------: | 3B 01 F0 4D 4C 4D 4C 89 | 8F 00 15 12 00 00 00 00 | ;..MLML......... |
   82323020 00:01:22.323 [D] Mac-----------: | 00 00 00 01 F3 25 A0 1B | 60 6A 1E B6 39 98 55 F0 | .....%..`j..9.U. |
   82323020 00:01:22.323 [D] Mac-----------: | 27 C5 0A 4C B5 42 2F 47 | 8F 7E 40 D8 30 38 3B 26 | '..L.B/G.~@.08;& |
   82323020 00:01:22.323 [D] Mac-----------: | 21 80 13 C0 D3 E0       |                         | !.....           |
   82323020 00:01:22.323 [D] Mac-----------: ------------------------------------------------------------------------
   82323020 00:01:22.323 [D] Mac-----------: Finishing operation "TransmitDataDirect"
   82323020 00:01:22.323 [I] MeshForwarder-: Sent IPv6 UDP msg, len:91, chksum:898f, ecn:no, to:0xffff, sec:no, prio:net
   82323020 00:01:22.323 [I] MeshForwarder-:     src:[fe80:0:0:0:bce0:88b8:373d:d2c6]:19788
   82323020 00:01:22.323 [I] MeshForwarder-:     dst:[ff02:0:0:0:0:0:0:1]:19788
   82323020 00:01:22.323 [D] Mac-----------: Idle mode: Radio receiving on channel 11
   83779580 00:01:23.779 [D] Mac-----------: ==============================[RX len=070]==============================
   83779580 00:01:23.779 [D] Mac-----------: | 41 D8 FB CE FA FF FF 89 | D1 91 A3 12 DE 28 7E 7F | A............(~. |
   83779580 00:01:23.779 [D] Mac-----------: | 3B 01 F0 4D 4C 4D 4C 98 | 48 00 15 0C 00 00 00 00 | ;..MLML.H....... |
   83779580 00:01:23.779 [D] Mac-----------: | 00 00 00 01 A1 E7 9A A8 | 9A 07 A8 40 2D E8 78 94 | ...........@-.x. |
   83779580 00:01:23.779 [D] Mac-----------: | 87 F9 8B 8C 49 2B AE FC | 6A B5 4B B8 48 1D 3B 25 | ....I+..j.K.H.;% |
   83779580 00:01:23.779 [D] Mac-----------: | 0D EC 3E 53 2C ED       |                         | ..>S,.           |
   83779580 00:01:23.779 [D] Mac-----------: ------------------------------------------------------------------------
   83779580 00:01:23.779 [I] MeshForwarder-: Received IPv6 UDP msg, len:91, chksum:9848, ecn:no, from:7e28de12a391d189, sec:no, prio:net, rss:-31.0
   83779580 00:01:23.779 [I] MeshForwarder-:     src:[fe80:0:0:0:7c28:de12:a391:d189]:19788
   83779580 00:01:23.779 [I] MeshForwarder-:     dst:[ff02:0:0:0:0:0:0:1]:19788
   83779580 00:01:23.779 [D] Mle-----------: Receive MLE message
   83779580 00:01:23.779 [I] Mle-----------: Receive Advertisement (fe80:0:0:0:7c28:de12:a391:d189,0x4800)
   83779580 00:01:23.779 [D] Mac-----------: Idle mode: Radio receiving on channel 11
   84199620 00:01:24.199 [I] Mle-----------: Send Advertisement (ff02:0:0:0:0:0:0:1)
   84199620 00:01:24.199 [D] Mac-----------: Request to start operation "TransmitDataDirect"
   84199620 00:01:24.199 [D] Mac-----------: Starting operation "TransmitDataDirect"
   84199620 00:01:24.199 [D] SubMac--------: RadioState: Receive -> CsmaBackoff
   84199620 00:01:24.199 [D] SubMac--------: RadioState: CsmaBackoff -> Transmit
   84202220 00:01:24.202 [D] SubMac--------: RadioState: Transmit -> Receive
   84202220 00:01:24.202 [D] Mac-----------: ==============================[TX len=070]==============================
   84202220 00:01:24.202 [D] Mac-----------: | 41 D8 31 CE FA FF FF C6 | D2 3D 37 B8 88 E0 BE 7F | A.1......=7..... |
   84202220 00:01:24.202 [D] Mac-----------: | 3B 01 F0 4D 4C 4D 4C B4 | A7 00 15 13 00 00 00 00 | ;..MLML......... |
   84202220 00:01:24.202 [D] Mac-----------: | 00 00 00 01 AD 86 43 BF | 4D F9 2E 5F 4B AC 28 77 | ......C.M.._K.(w |
   84202220 00:01:24.202 [D] Mac-----------: | 93 5C AD 29 6C 16 C2 5A | F4 56 7B D2 68 10 F1 5A | .\.)l..Z.V{.h..Z |
   84202220 00:01:24.202 [D] Mac-----------: | 1B 15 DB EB B0 E1       |                         | ......           |
   84202220 00:01:24.202 [D] Mac-----------: ------------------------------------------------------------------------
   84202220 00:01:24.202 [D] Mac-----------: Finishing operation "TransmitDataDirect"
   84202220 00:01:24.202 [I] MeshForwarder-: Sent IPv6 UDP msg, len:91, chksum:b4a7, ecn:no, to:0xffff, sec:no, prio:net
   84202220 00:01:24.202 [I] MeshForwarder-:     src:[fe80:0:0:0:bce0:88b8:373d:d2c6]:19788
   84202220 00:01:24.202 [I] MeshForwarder-:     dst:[ff02:0:0:0:0:0:0:1]:19788
   84202220 00:01:24.202 [D] Mac-----------: Idle mode: Radio receiving on channel 11
   86416820 00:01:26.416 [D] Mac-----------: ==============================[RX len=070]==============================
   86416820 00:01:26.416 [D] Mac-----------: | 41 D8 FC CE FA FF FF 89 | D1 91 A3 12 DE 28 7E 7F | A............(~. |
   86416820 00:01:26.416 [D] Mac-----------: | 3B 01 F0 4D 4C 4D 4C 20 | 5A 00 15 0D 00 00 00 00 | ;..MLML Z....... |
   86416820 00:01:26.416 [D] Mac-----------: | 00 00 00 01 A2 CE CD 03 | 2E 4A 0E 13 3F B7 8D 5A | .........J..?..Z |
   86416820 00:01:26.416 [D] Mac-----------: | 79 43 74 8C 92 77 7B 38 | C6 C5 DB BF 11 55 BD FC | yCt..w{8.....U.. |
   86416820 00:01:26.416 [D] Mac-----------: | 78 73 46 5D FB 77       |                         | xsF].w           |
   86416820 00:01:26.416 [D] Mac-----------: ------------------------------------------------------------------------
   86416820 00:01:26.416 [I] MeshForwarder-: Received IPv6 UDP msg, len:91, chksum:205a, ecn:no, from:7e28de12a391d189, sec:no, prio:net, rss:-20.0
   86416820 00:01:26.416 [I] MeshForwarder-:     src:[fe80:0:0:0:7c28:de12:a391:d189]:19788
   86416820 00:01:26.416 [I] MeshForwarder-:     dst:[ff02:0:0:0:0:0:0:1]:19788
   86416820 00:01:26.416 [D] Mle-----------: Receive MLE message
   86416820 00:01:26.416 [I] Mle-----------: Receive Advertisement (fe80:0:0:0:7c28:de12:a391:d189,0x4800)
   86416820 00:01:26.416 [D] Mac-----------: Idle mode: Radio receiving on channel 11
   86606860 00:01:26.606 [I] Mle-----------: Send Advertisement (ff02:0:0:0:0:0:0:1)
   86606860 00:01:26.606 [D] Mac-----------: Request to start operation "TransmitDataDirect"
   86606860 00:01:26.606 [D] Mac-----------: Starting operation "TransmitDataDirect"
   86606860 00:01:26.606 [D] SubMac--------: RadioState: Receive -> CsmaBackoff
   86607500 00:01:26.607 [D] SubMac--------: RadioState: CsmaBackoff -> Transmit
   86610100 00:01:26.610 [D] SubMac--------: RadioState: Transmit -> Receive
   86610100 00:01:26.610 [D] Mac-----------: ==============================[TX len=070]==============================
   86610100 00:01:26.610 [D] Mac-----------: | 41 D8 32 CE FA FF FF C6 | D2 3D 37 B8 88 E0 BE 7F | A.2......=7..... |
   86610100 00:01:26.610 [D] Mac-----------: | 3B 01 F0 4D 4C 4D 4C CF | 69 00 15 14 00 00 00 00 | ;..MLML.i....... |
   86610100 00:01:26.610 [D] Mac-----------: | 00 00 00 01 B2 50 E9 AA | 38 39 95 88 D0 7D AA 44 | .....P..89...}.D |
   86610100 00:01:26.610 [D] Mac-----------: | 50 C8 F4 48 13 2D B5 7E | 95 6D AE 2E 49 7C BD DA | P..H.-.~.m..I|.. |
   86610100 00:01:26.610 [D] Mac-----------: | 55 16 BC EC B1 A1       |                         | U.....           |
   86610100 00:01:26.610 [D] Mac-----------: ------------------------------------------------------------------------
   86610100 00:01:26.610 [D] Mac-----------: Finishing operation "TransmitDataDirect"
   86610100 00:01:26.610 [I] MeshForwarder-: Sent IPv6 UDP msg, len:91, chksum:cf69, ecn:no, to:0xffff, sec:no, prio:net
   86610100 00:01:26.610 [I] MeshForwarder-:     src:[fe80:0:0:0:bce0:88b8:373d:d2c6]:19788
   86610100 00:01:26.610 [I] MeshForwarder-:     dst:[ff02:0:0:0:0:0:0:1]:19788
   86610100 00:01:26.610 [D] Mac-----------: Idle mode: Radio receiving on channel 11
   92478700 00:01:32.478 [D] Mac-----------: ==============================[RX len=070]==============================
   92478700 00:01:32.478 [D] Mac-----------: | 41 D8 FD CE FA FF FF 89 | D1 91 A3 12 DE 28 7E 7F | A............(~. |
   92478700 00:01:32.478 [D] Mac-----------: | 3B 01 F0 4D 4C 4D 4C F1 | 2C 00 15 0E 00 00 00 00 | ;..MLML.,....... |
   92478700 00:01:32.478 [D] Mac-----------: | 00 00 00 01 78 B7 5E FE | D2 BC 9D 7A F2 FA E3 36 | ....x.^....z...6 |
   92478700 00:01:32.478 [D] Mac-----------: | 14 E6 DC B9 8E 34 68 61 | FE 58 6E B4 DC 76 C1 ED | .....4ha.Xn..v.. |
   92478700 00:01:32.478 [D] Mac-----------: | 61 AA 5F 26 2A C6       |                         | a._&*.           |
   92478700 00:01:32.478 [D] Mac-----------: ------------------------------------------------------------------------
   92478700 00:01:32.478 [I] MeshForwarder-: Received IPv6 UDP msg, len:91, chksum:f12c, ecn:no, from:7e28de12a391d189, sec:no, prio:net, rss:-20.0
   92478700 00:01:32.478 [I] MeshForwarder-:     src:[fe80:0:0:0:7c28:de12:a391:d189]:19788
   92478700 00:01:32.478 [I] MeshForwarder-:     dst:[ff02:0:0:0:0:0:0:1]:19788
   92478700 00:01:32.478 [D] Mle-----------: Receive MLE message
   92478700 00:01:32.478 [I] Mle-----------: Receive Advertisement (fe80:0:0:0:7c28:de12:a391:d189,0x4800)
   92478700 00:01:32.478 [D] Mac-----------: Idle mode: Radio receiving on channel 11
   93276740 00:01:33.276 [I] Mle-----------: Send Advertisement (ff02:0:0:0:0:0:0:1)
   93276740 00:01:33.276 [D] Mac-----------: Request to start operation "TransmitDataDirect"
   93276740 00:01:33.276 [D] Mac-----------: Starting operation "TransmitDataDirect"
   93276740 00:01:33.276 [D] SubMac--------: RadioState: Receive -> CsmaBackoff
   93277700 00:01:33.277 [D] SubMac--------: RadioState: CsmaBackoff -> Transmit
   93280300 00:01:33.280 [D] SubMac--------: RadioState: Transmit -> Receive
   93280300 00:01:33.280 [D] Mac-----------: ==============================[TX len=070]==============================
   93280300 00:01:33.280 [D] Mac-----------: | 41 D8 33 CE FA FF FF C6 | D2 3D 37 B8 88 E0 BE 7F | A.3......=7..... |
   93280300 00:01:33.280 [D] Mac-----------: | 3B 01 F0 4D 4C 4D 4C 62 | F6 00 15 15 00 00 00 00 | ;..MLMLb........ |
   93280300 00:01:33.280 [D] Mac-----------: | 00 00 00 01 40 8B 0C 70 | F9 83 3C 7E 1E 69 19 54 | ....@..p..<~.i.T |
   93280300 00:01:33.280 [D] Mac-----------: | 70 4F F7 E1 08 F4 57 53 | 1A D6 A0 BF 68 E4 76 F1 | pO....WS....h.v. |
   93280300 00:01:33.280 [D] Mac-----------: | C5 39 DE C5 A5 ED       |                         | .9....           |
   93280300 00:01:33.280 [D] Mac-----------: ------------------------------------------------------------------------
   93280300 00:01:33.280 [D] Mac-----------: Finishing operation "TransmitDataDirect"
   93280300 00:01:33.280 [I] MeshForwarder-: Sent IPv6 UDP msg, len:91, chksum:62f6, ecn:no, to:0xffff, sec:no, prio:net
   93280300 00:01:33.280 [I] MeshForwarder-:     src:[fe80:0:0:0:bce0:88b8:373d:d2c6]:19788
   93280300 00:01:33.280 [I] MeshForwarder-:     dst:[ff02:0:0:0:0:0:0:1]:19788
   93280300 00:01:33.280 [D] Mac-----------: Idle mode: Radio receiving on channel 11
  103245940 00:01:43.245 [I] Mle-----------: Send Advertisement (ff02:0:0:0:0:0:0:1)
  103245940 00:01:43.245 [D] Mac-----------: Request to start operation "TransmitDataDirect"
  103245940 00:01:43.245 [D] Mac-----------: Starting operation "TransmitDataDirect"
  103245940 00:01:43.245 [D] SubMac--------: RadioState: Receive -> CsmaBackoff
  103246260 00:01:43.246 [D] SubMac--------: RadioState: CsmaBackoff -> Transmit
  103248860 00:01:43.248 [D] SubMac--------: RadioState: Transmit -> Receive
  103248860 00:01:43.248 [D] Mac-----------: ==============================[TX len=070]==============================
  103248860 00:01:43.248 [D] Mac-----------: | 41 D8 34 CE FA FF FF C6 | D2 3D 37 B8 88 E0 BE 7F | A.4......=7..... |
  103248860 00:01:43.248 [D] Mac-----------: | 3B 01 F0 4D 4C 4D 4C DF | B1 00 15 16 00 00 00 00 | ;..MLML......... |
  103248860 00:01:43.248 [D] Mac-----------: | 00 00 00 01 BC 9F 10 79 | B6 8E 96 44 EE A6 87 AB | .......y...D.... |
  103248860 00:01:43.248 [D] Mac-----------: | 8C B7 D3 67 1D 5E 97 E0 | BE 41 5B 9B 41 4A D3 9D | ...g.^...A[.AJ.. |
  103248860 00:01:43.248 [D] Mac-----------: | 1F C6 12 F9 F5 52       |                         | .....R           |
  103248860 00:01:43.248 [D] Mac-----------: ------------------------------------------------------------------------
  103248860 00:01:43.248 [D] Mac-----------: Finishing operation "TransmitDataDirect"
  103248860 00:01:43.248 [I] MeshForwarder-: Sent IPv6 UDP msg, len:91, chksum:dfb1, ecn:no, to:0xffff, sec:no, prio:net
  103248860 00:01:43.248 [I] MeshForwarder-:     src:[fe80:0:0:0:bce0:88b8:373d:d2c6]:19788
  103248860 00:01:43.248 [I] MeshForwarder-:     dst:[ff02:0:0:0:0:0:0:1]:19788
  103248860 00:01:43.248 [D] Mac-----------: Idle mode: Radio receiving on channel 11
  106032820 00:01:46.032 [D] Mac-----------: ==============================[RX len=070]==============================
  106032820 00:01:46.032 [D] Mac-----------: | 41 D8 FE CE FA FF FF 89 | D1 91 A3 12 DE 28 7E 7F | A............(~. |
  106032820 00:01:46.032 [D] Mac-----------: | 3B 01 F0 4D 4C 4D 4C 96 | 2A 00 15 0F 00 00 00 00 | ;..MLML.*....... |
  106032820 00:01:46.032 [D] Mac-----------: | 00 00 00 01 80 18 53 26 | A4 00 62 DF DF 80 EB 29 | ......S&..b....) |
  106032820 00:01:46.032 [D] Mac-----------: | EC B9 58 5E B6 C9 FF 1A | E9 A4 6A 40 75 9A 99 80 | ..X^......j@u... |
  106032820 00:01:46.032 [D] Mac-----------: | 00 A4 D1 86 1A AF       |                         | ......           |
  106032820 00:01:46.032 [D] Mac-----------: ------------------------------------------------------------------------
  106032820 00:01:46.032 [I] MeshForwarder-: Received IPv6 UDP msg, len:91, chksum:962a, ecn:no, from:7e28de12a391d189, sec:no, prio:net, rss:-20.0
  106032820 00:01:46.032 [I] MeshForwarder-:     src:[fe80:0:0:0:7c28:de12:a391:d189]:19788
  106032820 00:01:46.032 [I] MeshForwarder-:     dst:[ff02:0:0:0:0:0:0:1]:19788
  106032820 00:01:46.032 [D] Mle-----------: Receive MLE message
  106032820 00:01:46.032 [I] Mle-----------: Receive Advertisement (fe80:0:0:0:7c28:de12:a391:d189,0x4800)
  106032820 00:01:46.032 [D] Mac-----------: Idle mode: Radio receiving on channel 11
  119241980 00:01:59.241 [D] Mac-----------: ==============================[RX len=070]==============================
  119241980 00:01:59.241 [D] Mac-----------: | 41 D8 FF CE FA FF FF 89 | D1 91 A3 12 DE 28 7E 7F | A............(~. |
  119241980 00:01:59.241 [D] Mac-----------: | 3B 01 F0 4D 4C 4D 4C 62 | 47 00 15 10 00 00 00 00 | ;..MLMLbG....... |
  119241980 00:01:59.241 [D] Mac-----------: | 00 00 00 01 E5 FC 22 33 | FE EC B8 61 70 92 0D 8C | ......"3...ap... |
  119241980 00:01:59.241 [D] Mac-----------: | F8 89 D6 7B 96 84 89 6E | 92 30 86 A9 4F 5D E5 AD | ...{...n.0..O].. |
  119241980 00:01:59.241 [D] Mac-----------: | A8 CC 94 DC 4B 6C       |                         | ....Kl           |
  119241980 00:01:59.241 [D] Mac-----------: ------------------------------------------------------------------------
  119241980 00:01:59.241 [I] MeshForwarder-: Received IPv6 UDP msg, len:91, chksum:6247, ecn:no, from:7e28de12a391d189, sec:no, prio:net, rss:-20.0
  119241980 00:01:59.241 [I] MeshForwarder-:     src:[fe80:0:0:0:7c28:de12:a391:d189]:19788
  119241980 00:01:59.241 [I] MeshForwarder-:     dst:[ff02:0:0:0:0:0:0:1]:19788
  119241980 00:01:59.241 [D] Mle-----------: Receive MLE message
  119241980 00:01:59.241 [I] Mle-----------: Receive Advertisement (fe80:0:0:0:7c28:de12:a391:d189,0x4800)
  119241980 00:01:59.241 [D] Mac-----------: Idle mode: Radio receiving on channel 11
  120102020 00:02:00.102 [I] Mle-----------: Send Advertisement (ff02:0:0:0:0:0:0:1)
  120102020 00:02:00.102 [D] Mac-----------: Request to start operation "TransmitDataDirect"
  120102020 00:02:00.102 [D] Mac-----------: Starting operation "TransmitDataDirect"
  120102020 00:02:00.102 [D] SubMac--------: RadioState: Receive -> CsmaBackoff
  120103940 00:02:00.103 [D] SubMac--------: RadioState: CsmaBackoff -> Transmit
  120106540 00:02:00.106 [D] SubMac--------: RadioState: Transmit -> Receive
  120106540 00:02:00.106 [D] Mac-----------: ==============================[TX len=070]==============================
  120106540 00:02:00.106 [D] Mac-----------: | 41 D8 35 CE FA FF FF C6 | D2 3D 37 B8 88 E0 BE 7F | A.5......=7..... |
  120106540 00:02:00.106 [D] Mac-----------: | 3B 01 F0 4D 4C 4D 4C 36 | F8 00 15 17 00 00 00 00 | ;..MLML6........ |
  120106540 00:02:00.106 [D] Mac-----------: | 00 00 00 01 9E 2D 31 DB | 1D 08 AE 3A 19 1F 32 AB | .....-1....:..2. |
  120106540 00:02:00.106 [D] Mac-----------: | 3E FE 73 E3 20 4C 24 6A | DF C6 39 5A 6C 47 BF EC | >.s. L$j..9ZlG.. |
  120106540 00:02:00.106 [D] Mac-----------: | D6 8C C6 38 95 2B       |                         | ...8.+           |
  120106540 00:02:00.106 [D] Mac-----------: ------------------------------------------------------------------------
  120106540 00:02:00.106 [D] Mac-----------: Finishing operation "TransmitDataDirect"
  120106540 00:02:00.106 [I] MeshForwarder-: Sent IPv6 UDP msg, len:91, chksum:36f8, ecn:no, to:0xffff, sec:no, prio:net
  120106540 00:02:00.106 [I] MeshForwarder-:     src:[fe80:0:0:0:bce0:88b8:373d:d2c6]:19788
  120106540 00:02:00.106 [I] MeshForwarder-:     dst:[ff02:0:0:0:0:0:0:1]:19788
  120106540 00:02:00.106 [D] Mac-----------: Idle mode: Radio receiving on channel 11
  130010140 00:02:10.010 [D] Mac-----------: ==============================[RX len=070]==============================
  130010140 00:02:10.010 [D] Mac-----------: | 41 D8 00 CE FA FF FF 89 | D1 91 A3 12 DE 28 7E 7F | A............(~. |
  130010140 00:02:10.010 [D] Mac-----------: | 3B 01 F0 4D 4C 4D 4C 74 | 7B 00 15 11 00 00 00 00 | ;..MLMLt{....... |
  130010140 00:02:10.010 [D] Mac-----------: | 00 00 00 01 8D D7 3D 6F | 76 1A C3 1A 7B 11 7C F6 | ......=ov...{.|. |
  130010140 00:02:10.010 [D] Mac-----------: | 1F 02 62 F0 6E 4E 97 4D | DD 98 78 45 5F 74 D0 C3 | ..b.nN.M..xE_t.. |
  130010140 00:02:10.010 [D] Mac-----------: | 45 B9 34 2F 45 82       |                         | E.4/E.           |
  130010140 00:02:10.010 [D] Mac-----------: ------------------------------------------------------------------------
  130010140 00:02:10.010 [I] MeshForwarder-: Received IPv6 UDP msg, len:91, chksum:747b, ecn:no, from:7e28de12a391d189, sec:no, prio:net, rss:-20.0
  130010140 00:02:10.010 [I] MeshForwarder-:     src:[fe80:0:0:0:7c28:de12:a391:d189]:19788
  130010140 00:02:10.010 [I] MeshForwarder-:     dst:[ff02:0:0:0:0:0:0:1]:19788
  130010140 00:02:10.010 [D] Mle-----------: Receive MLE message
  130010140 00:02:10.010 [I] Mle-----------: Receive Advertisement (fe80:0:0:0:7c28:de12:a391:d189,0x4800)
  130010140 00:02:10.010 [D] Mac-----------: Idle mode: Radio receiving on channel 11
  132083180 00:02:12.083 [I] Mle-----------: Send Advertisement (ff02:0:0:0:0:0:0:1)
  132083180 00:02:12.083 [D] Mac-----------: Request to start operation "TransmitDataDirect"
  132083180 00:02:12.083 [D] Mac-----------: Starting operation "TransmitDataDirect"
  132083180 00:02:12.083 [D] SubMac--------: RadioState: Receive -> CsmaBackoff
  132083180 00:02:12.083 [D] SubMac--------: RadioState: CsmaBackoff -> Transmit
  132085780 00:02:12.085 [D] SubMac--------: RadioState: Transmit -> Receive
  132085780 00:02:12.085 [D] Mac-----------: ==============================[TX len=070]==============================
  132085780 00:02:12.085 [D] Mac-----------: | 41 D8 36 CE FA FF FF C6 | D2 3D 37 B8 88 E0 BE 7F | A.6......=7..... |
  132085780 00:02:12.085 [D] Mac-----------: | 3B 01 F0 4D 4C 4D 4C 28 | 6C 00 15 18 00 00 00 00 | ;..MLML(l....... |
  132085780 00:02:12.085 [D] Mac-----------: | 00 00 00 01 34 02 76 64 | CE A0 3D 31 65 BF 37 F4 | ....4.vd..=1e.7. |
  132085780 00:02:12.085 [D] Mac-----------: | B5 4E 9F C5 73 F1 C2 84 | C0 40 AE F7 2A 23 91 34 | .N..s....@..*#.4 |
  132085780 00:02:12.085 [D] Mac-----------: | CA 51 78 7D 17 29       |                         | .Qx}.)           |
  132085780 00:02:12.085 [D] Mac-----------: ------------------------------------------------------------------------
  132085780 00:02:12.085 [D] Mac-----------: Finishing operation "TransmitDataDirect"
  132085780 00:02:12.085 [I] MeshForwarder-: Sent IPv6 UDP msg, len:91, chksum:286c, ecn:no, to:0xffff, sec:no, prio:net
  132085780 00:02:12.085 [I] MeshForwarder-:     src:[fe80:0:0:0:bce0:88b8:373d:d2c6]:19788
  132085780 00:02:12.085 [I] MeshForwarder-:     dst:[ff02:0:0:0:0:0:0:1]:19788
  132085780 00:02:12.085 [D] Mac-----------: Idle mode: Radio receiving on channel 11
  139244420 00:02:19.244 [I] Mle-----------: Send Advertisement (ff02:0:0:0:0:0:0:1)
  139244420 00:02:19.244 [D] Mac-----------: Request to start operation "TransmitDataDirect"
  139244420 00:02:19.244 [D] Mac-----------: Starting operation "TransmitDataDirect"
  139244420 00:02:19.244 [D] SubMac--------: RadioState: Receive -> CsmaBackoff
  139245700 00:02:19.245 [D] SubMac--------: RadioState: CsmaBackoff -> Transmit
  139248300 00:02:19.248 [D] SubMac--------: RadioState: Transmit -> Receive
  139248300 00:02:19.248 [D] Mac-----------: ==============================[TX len=070]==============================
  139248300 00:02:19.248 [D] Mac-----------: | 41 D8 37 CE FA FF FF C6 | D2 3D 37 B8 88 E0 BE 7F | A.7......=7..... |
  139248300 00:02:19.248 [D] Mac-----------: | 3B 01 F0 4D 4C 4D 4C 24 | 55 00 15 19 00 00 00 00 | ;..MLML$U....... |
  139248300 00:02:19.248 [D] Mac-----------: | 00 00 00 01 CC 71 91 98 | 55 8C 1B 45 B4 39 44 75 | .....q..U..E.9Du |
  139248300 00:02:19.248 [D] Mac-----------: | 23 00 C6 40 29 EE 1C 07 | 5D 9F 0A 40 4C 1D AA 11 | #..@)...]..@L... |
  139248300 00:02:19.248 [D] Mac-----------: | 0C 66 02 A4 07 98       |                         | .f....           |
  139248300 00:02:19.248 [D] Mac-----------: ------------------------------------------------------------------------
  139248300 00:02:19.248 [D] Mac-----------: Finishing operation "TransmitDataDirect"
  139248300 00:02:19.248 [I] MeshForwarder-: Sent IPv6 UDP msg, len:91, chksum:2455, ecn:no, to:0xffff, sec:no, prio:net
  139248300 00:02:19.248 [I] MeshForwarder-:     src:[fe80:0:0:0:bce0:88b8:373d:d2c6]:19788
  139248300 00:02:19.248 [I] MeshForwarder-:     dst:[ff02:0:0:0:0:0:0:1]:19788
  139248300 00:02:19.248 [D] Mac-----------: Idle mode: Radio receiving on channel 11
  141260900 00:02:21.260 [D] Mac-----------: ==============================[RX len=070]==============================
  141260900 00:02:21.260 [D] Mac-----------: | 41 D8 01 CE FA FF FF 89 | D1 91 A3 12 DE 28 7E 7F | A............(~. |
  141260900 00:02:21.260 [D] Mac-----------: | 3B 01 F0 4D 4C 4D 4C 42 | 0E 00 15 12 00 00 00 00 | ;..MLMLB........ |
  141260900 00:02:21.260 [D] Mac-----------: | 00 00 00 01 36 09 FE 30 | 89 5D FF 2C 2C 29 02 FC | ....6..0.].,,).. |
  141260900 00:02:21.260 [D] Mac-----------: | BD 12 94 5E 49 AF C0 49 | 22 48 84 B0 D8 13 B4 DC | ...^I..I"H...... |
  141260900 00:02:21.260 [D] Mac-----------: | 81 5C F4 A8 6D 80       |                         | .\..m.           |
  141260900 00:02:21.260 [D] Mac-----------: ------------------------------------------------------------------------
  141260900 00:02:21.260 [I] MeshForwarder-: Received IPv6 UDP msg, len:91, chksum:420e, ecn:no, from:7e28de12a391d189, sec:no, prio:net, rss:-20.0
  141260900 00:02:21.260 [I] MeshForwarder-:     src:[fe80:0:0:0:7c28:de12:a391:d189]:19788
  141260900 00:02:21.260 [I] MeshForwarder-:     dst:[ff02:0:0:0:0:0:0:1]:19788
  141260900 00:02:21.260 [D] Mle-----------: Receive MLE message
  141260900 00:02:21.260 [I] Mle-----------: Receive Advertisement (fe80:0:0:0:7c28:de12:a391:d189,0x4800)
  141260900 00:02:21.260 [D] Mac-----------: Idle mode: Radio receiving on channel 11
  150855060 00:02:30.855 [D] Mac-----------: ==============================[RX len=070]==============================
  150855060 00:02:30.855 [D] Mac-----------: | 41 D8 02 CE FA FF FF 89 | D1 91 A3 12 DE 28 7E 7F | A............(~. |
  150855060 00:02:30.855 [D] Mac-----------: | 3B 01 F0 4D 4C 4D 4C 13 | 6E 00 15 13 00 00 00 00 | ;..MLML.n....... |
  150855060 00:02:30.855 [D] Mac-----------: | 00 00 00 01 58 8F CE 99 | 00 61 FA 1C 92 50 32 D7 | ....X....a...P2. |
  150855060 00:02:30.855 [D] Mac-----------: | 38 46 96 07 6A 6D 1E 19 | E4 B4 11 52 7A E7 A8 C2 | 8F..jm.....Rz... |
  150855060 00:02:30.855 [D] Mac-----------: | 84 AF B5 6C 69 01       |                         | ...li.           |
  150855060 00:02:30.855 [D] Mac-----------: ------------------------------------------------------------------------
  150855060 00:02:30.855 [I] MeshForwarder-: Received IPv6 UDP msg, len:91, chksum:136e, ecn:no, from:7e28de12a391d189, sec:no, prio:net, rss:-20.0
  150855060 00:02:30.855 [I] MeshForwarder-:     src:[fe80:0:0:0:7c28:de12:a391:d189]:19788
  150855060 00:02:30.855 [I] MeshForwarder-:     dst:[ff02:0:0:0:0:0:0:1]:19788
  150855060 00:02:30.855 [D] Mle-----------: Receive MLE message
  150855060 00:02:30.855 [I] Mle-----------: Receive Advertisement (fe80:0:0:0:7c28:de12:a391:d189,0x4800)
  150855060 00:02:30.855 [D] Mac-----------: Idle mode: Radio receiving on channel 11
  153040100 00:02:33.040 [I] Mle-----------: Send Advertisement (ff02:0:0:0:0:0:0:1)
  153040100 00:02:33.040 [D] Mac-----------: Request to start operation "TransmitDataDirect"
  153040100 00:02:33.040 [D] Mac-----------: Starting operation "TransmitDataDirect"
  153040100 00:02:33.040 [D] SubMac--------: RadioState: Receive -> CsmaBackoff
  153042340 00:02:33.042 [D] SubMac--------: RadioState: CsmaBackoff -> Transmit
  153044940 00:02:33.044 [D] SubMac--------: RadioState: Transmit -> Receive
  153044940 00:02:33.044 [D] Mac-----------: ==============================[TX len=070]==============================
  153044940 00:02:33.044 [D] Mac-----------: | 41 D8 38 CE FA FF FF C6 | D2 3D 37 B8 88 E0 BE 7F | A.8......=7..... |
  153044940 00:02:33.044 [D] Mac-----------: | 3B 01 F0 4D 4C 4D 4C 7E | 7B 00 15 1A 00 00 00 00 | ;..MLML~{....... |
  153044940 00:02:33.044 [D] Mac-----------: | 00 00 00 01 7E 42 E4 64 | BD BA 18 0C 86 F8 D6 86 | ....~B.d........ |
  153044940 00:02:33.044 [D] Mac-----------: | 2E C8 C7 B5 E2 38 EA C3 | CD 68 EE FF 27 4F 4B 66 | .....8...h..'OKf |
  153044940 00:02:33.044 [D] Mac-----------: | BB FA F8 FC 43 54       |                         | ....CT           |
  153044940 00:02:33.044 [D] Mac-----------: ------------------------------------------------------------------------
  153044940 00:02:33.044 [D] Mac-----------: Finishing operation "TransmitDataDirect"
  153044940 00:02:33.044 [I] MeshForwarder-: Sent IPv6 UDP msg, len:91, chksum:7e7b, ecn:no, to:0xffff, sec:no, prio:net
  153044940 00:02:33.044 [I] MeshForwarder-:     src:[fe80:0:0:0:bce0:88b8:373d:d2c6]:19788
  153044940 00:02:33.044 [I] MeshForwarder-:     dst:[ff02:0:0:0:0:0:0:1]:19788
  153044940 00:02:33.044 [D] Mac-----------: Idle mode: Radio receiving on channel 11
  165765900 00:02:45.765 [D] Mac-----------: ==============================[RX len=070]==============================
  165765900 00:02:45.765 [D] Mac-----------: | 41 D8 03 CE FA FF FF 89 | D1 91 A3 12 DE 28 7E 7F | A............(~. |
  165765900 00:02:45.765 [D] Mac-----------: | 3B 01 F0 4D 4C 4D 4C E9 | F2 00 15 14 00 00 00 00 | ;..MLML......... |
  165765900 00:02:45.765 [D] Mac-----------: | 00 00 00 01 BE 3D 4F 97 | 68 14 BA 52 6C AE 1D 85 | .....=O.h..Rl... |
  165765900 00:02:45.765 [D] Mac-----------: | 82 EC 1A EE FD 21 03 07 | 64 F9 1C 69 41 B6 DF D0 | .....!..d..iA... |
  165765900 00:02:45.765 [D] Mac-----------: | AC 28 65 13 90 DE       |                         | .(e...           |
  165765900 00:02:45.765 [D] Mac-----------: ------------------------------------------------------------------------
  165765900 00:02:45.765 [I] MeshForwarder-: Received IPv6 UDP msg, len:91, chksum:e9f2, ecn:no, from:7e28de12a391d189, sec:no, prio:net, rss:-20.0
  165765900 00:02:45.765 [I] MeshForwarder-:     src:[fe80:0:0:0:7c28:de12:a391:d189]:19788
  165765900 00:02:45.765 [I] MeshForwarder-:     dst:[ff02:0:0:0:0:0:0:1]:19788
  165765900 00:02:45.765 [D] Mle-----------: Receive MLE message
  165765900 00:02:45.765 [I] Mle-----------: Receive Advertisement (fe80:0:0:0:7c28:de12:a391:d189,0x4800)
  165765900 00:02:45.765 [D] Mac-----------: Idle mode: Radio receiving on channel 11
  166032940 00:02:46.032 [I] Mle-----------: Send Advertisement (ff02:0:0:0:0:0:0:1)
  166032940 00:02:46.032 [D] Mac-----------: Request to start operation "TransmitDataDirect"
  166032940 00:02:46.032 [D] Mac-----------: Starting operation "TransmitDataDirect"
  166032940 00:02:46.032 [D] SubMac--------: RadioState: Receive -> CsmaBackoff
  166034860 00:02:46.034 [D] SubMac--------: RadioState: CsmaBackoff -> Transmit
  166037460 00:02:46.037 [D] SubMac--------: RadioState: Transmit -> Receive
  166037460 00:02:46.037 [D] Mac-----------: ==============================[TX len=070]==============================
  166037460 00:02:46.037 [D] Mac-----------: | 41 D8 39 CE FA FF FF C6 | D2 3D 37 B8 88 E0 BE 7F | A.9......=7..... |
  166037460 00:02:46.037 [D] Mac-----------: | 3B 01 F0 4D 4C 4D 4C 2E | 9C 00 15 1B 00 00 00 00 | ;..MLML......... |
  166037460 00:02:46.037 [D] Mac-----------: | 00 00 00 01 A7 82 A9 F8 | 99 1C FA 62 39 C2 A9 B0 | ...........b9... |
  166037460 00:02:46.037 [D] Mac-----------: | B2 24 6A 55 1A 62 81 1A | 14 9B 05 C4 3B 62 EC 8F | .$jU.b......;b.. |
  166037460 00:02:46.037 [D] Mac-----------: | 36 13 24 04 17 1D       |                         | 6.$...           |
  166037460 00:02:46.037 [D] Mac-----------: ------------------------------------------------------------------------
  166037460 00:02:46.037 [D] Mac-----------: Finishing operation "TransmitDataDirect"
  166037460 00:02:46.037 [I] MeshForwarder-: Sent IPv6 UDP msg, len:91, chksum:2e9c, ecn:no, to:0xffff, sec:no, prio:net
  166037460 00:02:46.037 [I] MeshForwarder-:     src:[fe80:0:0:0:bce0:88b8:373d:d2c6]:19788
  166037460 00:02:46.037 [I] MeshForwarder-:     dst:[ff02:0:0:0:0:0:0:1]:19788
  166037460 00:02:46.037 [D] Mac-----------: Idle mode: Radio receiving on channel 11
  175549100 00:02:55.549 [I] Mle-----------: Send Advertisement (ff02:0:0:0:0:0:0:1)
  175549100 00:02:55.549 [D] Mac-----------: Request to start operation "TransmitDataDirect"
  175549100 00:02:55.549 [D] Mac-----------: Starting operation "TransmitDataDirect"
  175549100 00:02:55.549 [D] SubMac--------: RadioState: Receive -> CsmaBackoff
  175549740 00:02:55.549 [D] SubMac--------: RadioState: CsmaBackoff -> Transmit
  175552340 00:02:55.552 [D] SubMac--------: RadioState: Transmit -> Receive
  175552340 00:02:55.552 [D] Mac-----------: ==============================[TX len=070]==============================
  175552340 00:02:55.552 [D] Mac-----------: | 41 D8 3A CE FA FF FF C6 | D2 3D 37 B8 88 E0 BE 7F | A.:......=7..... |
  175552340 00:02:55.552 [D] Mac-----------: | 3B 01 F0 4D 4C 4D 4C 9B | 96 00 15 1C 00 00 00 00 | ;..MLML......... |
  175552340 00:02:55.552 [D] Mac-----------: | 00 00 00 01 15 94 EB 9A | 10 15 53 53 05 C3 97 CE | ..........SS.... |
  175552340 00:02:55.552 [D] Mac-----------: | 5E 1D 40 61 B9 85 D7 8B | F6 63 96 17 3E 17 76 B7 | ^.@a.....c..>.v. |
  175552340 00:02:55.552 [D] Mac-----------: | 97 3E 18 1D 47 DE       |                         | .>..G.           |
  175552340 00:02:55.552 [D] Mac-----------: ------------------------------------------------------------------------
  175552340 00:02:55.552 [D] Mac-----------: Finishing operation "TransmitDataDirect"
  175552340 00:02:55.552 [I] MeshForwarder-: Sent IPv6 UDP msg, len:91, chksum:9b96, ecn:no, to:0xffff, sec:no, prio:net
  175552340 00:02:55.552 [I] MeshForwarder-:     src:[fe80:0:0:0:bce0:88b8:373d:d2c6]:19788
  175552340 00:02:55.552 [I] MeshForwarder-:     dst:[ff02:0:0:0:0:0:0:1]:19788
  175552340 00:02:55.552 [D] Mac-----------: Idle mode: Radio receiving on channel 11
  177176940 00:02:57.176 [D] Mac-----------: ==============================[RX len=070]==============================
  177176940 00:02:57.176 [D] Mac-----------: | 41 D8 04 CE FA FF FF 89 | D1 91 A3 12 DE 28 7E 7F | A............(~. |
  177176940 00:02:57.176 [D] Mac-----------: | 3B 01 F0 4D 4C 4D 4C 7B | 31 00 15 15 00 00 00 00 | ;..MLML{1....... |
  177176940 00:02:57.176 [D] Mac-----------: | 00 00 00 01 17 36 E6 30 | EC 47 03 45 54 7B 18 53 | .....6.0.G.ET{.S |
  177176940 00:02:57.176 [D] Mac-----------: | EC EF 44 81 0E 05 1D 9B | CD 6D 1F 98 AB CB 4B E4 | ..D......m....K. |
  177176940 00:02:57.176 [D] Mac-----------: | D3 3C 5F 40 1A 0C       |                         | .<_@..           |
  177176940 00:02:57.176 [D] Mac-----------: ------------------------------------------------------------------------
  177176940 00:02:57.176 [I] MeshForwarder-: Received IPv6 UDP msg, len:91, chksum:7b31, ecn:no, from:7e28de12a391d189, sec:no, prio:net, rss:-20.0
  177176940 00:02:57.176 [I] MeshForwarder-:     src:[fe80:0:0:0:7c28:de12:a391:d189]:19788
  177176940 00:02:57.176 [I] MeshForwarder-:     dst:[ff02:0:0:0:0:0:0:1]:19788
  177176940 00:02:57.176 [D] Mle-----------: Receive MLE message
  177176940 00:02:57.176 [I] Mle-----------: Receive Advertisement (fe80:0:0:0:7c28:de12:a391:d189,0x4800)
  177176940 00:02:57.176 [D] Mac-----------: Idle mode: Radio receiving on channel 11
  180080836 00:03:00.080 [D] Mac-----------: ==============================[RX len=063]==============================
  180080836 00:03:00.080 [D] Mac-----------: | 41 D8 A1 CE FA FF FF E8 | 4C 52 1F 0D BA D9 1E 7F | A.......LR...... |
  180080836 00:03:00.080 [D] Mac-----------: | 3B 02 F0 4D 4C 4D 4C 5A | A4 00 15 00 00 00 00 00 | ;..MLMLZ........ |
  180080836 00:03:00.080 [D] Mac-----------: | 00 00 00 01 8C 1B C6 4B | E9 56 9C 1D 6F D1 A6 72 | .......K.V..o..r |
  180080836 00:03:00.080 [D] Mac-----------: | 50 1F 6A 7B 1A DF 1C FF | 29 75 B0 B9 E3 A0 F4    | P.j{....)u.....  |
  180080836 00:03:00.080 [D] Mac-----------: ------------------------------------------------------------------------
  180080836 00:03:00.080 [I] MeshForwarder-: Received IPv6 UDP msg, len:84, chksum:5aa4, ecn:no, from:1ed9ba0d1f524ce8, sec:no, prio:net, rss:-15.0
  180080836 00:03:00.080 [I] MeshForwarder-:     src:[fe80:0:0:0:1cd9:ba0d:1f52:4ce8]:19788
  180080836 00:03:00.080 [I] MeshForwarder-:     dst:[ff02:0:0:0:0:0:0:2]:19788
  180080836 00:03:00.080 [D] Mle-----------: Receive MLE message
  180080836 00:03:00.080 [I] Mle-----------: Receive Parent Request (fe80:0:0:0:1cd9:ba0d:1f52:4ce8)
  180080836 00:03:00.080 [N] Mle-----------: ParentResponseDelay delay_ms=193 scan_mask=0x80 child=1ed9ba0d1f524ce8
  180080836 00:03:00.080 [I] Mle-----------: Delay Parent Response (fe80:0:0:0:1cd9:ba0d:1f52:4ce8)
  180080836 00:03:00.080 [D] Mac-----------: Idle mode: Radio receiving on channel 11
  180273076 00:03:00.273 [I] Mle-----------: Send Parent Response (fe80:0:0:0:1cd9:ba0d:1f52:4ce8)
  180273076 00:03:00.273 [D] Mac-----------: Request to start operation "TransmitDataDirect"
  180273076 00:03:00.273 [D] Mac-----------: Starting operation "TransmitDataDirect"
  180273076 00:03:00.273 [D] SubMac--------: RadioState: Receive -> CsmaBackoff
  180274036 00:03:00.274 [D] SubMac--------: RadioState: CsmaBackoff -> Transmit
  180278556 00:03:00.278 [D] SubMac--------: RadioState: Transmit -> Receive
  180278556 00:03:00.278 [D] Mac-----------: ==============================[TX len=113]==============================
  180278556 00:03:00.278 [D] Mac-----------: | 61 DC 3B CE FA E8 4C 52 | 1F 0D BA D9 1E C6 D2 3D | a.;...LR.......= |
  180278556 00:03:00.278 [D] Mac-----------: | 37 B8 88 E0 BE 7F 33 F0 | 4D 4C 4D 4C DB 35 00 15 | 7.....3.MLML.5.. |
  180278556 00:03:00.278 [D] Mac-----------: | 1D 00 00 00 00 00 00 00 | 01 B0 B7 BC C3 6E 67 5D | .............ng] |
  180278556 00:03:00.278 [D] Mac-----------: | 6F ED 2B FC 65 62 8C 32 | 76 24 B3 AA 80 0D 79 3A | o.+.eb.2v$....y: |
  180278556 00:03:00.278 [D] Mac-----------: | 81 83 72 51 02 CD 02 32 | 3E 06 43 76 07 DA 8C 5C | ..rQ...2>.Cv...\ |
  180278556 00:03:00.278 [D] Mac-----------: | 61 CB 97 9A CA 0C A5 8B | D5 AF 92 67 33 57 56 BF | a..........g3WV. |
  180278556 00:03:00.278 [D] Mac-----------: | 22 ED 85 28 C7 76 C0 7C | E8 4E 05 A9 67 15 59 36 | "..(.v.|.N..g.Y6 |
  180278556 00:03:00.278 [D] Mac-----------: | 40                      |                         | @                |
  180278556 00:03:00.278 [D] Mac-----------: ------------------------------------------------------------------------
  180278556 00:03:00.278 [D] Mac-----------: Finishing operation "TransmitDataDirect"
  180278556 00:03:00.278 [I] MeshForwarder-: Sent IPv6 UDP msg, len:129, chksum:db35, ecn:no, to:1ed9ba0d1f524ce8, sec:no, prio:net
  180278556 00:03:00.278 [I] MeshForwarder-:     src:[fe80:0:0:0:bce0:88b8:373d:d2c6]:19788
  180278556 00:03:00.278 [I] MeshForwarder-:     dst:[fe80:0:0:0:1cd9:ba0d:1f52:4ce8]:19788
  180278556 00:03:00.278 [D] Mac-----------: Idle mode: Radio receiving on channel 11
  185324000 00:03:05.324 [I] Mle-----------: Child 0x0000 timeout expired
  186648000 00:03:06.648 [I] Mle-----------: Send Advertisement (ff02:0:0:0:0:0:0:1)
  186648000 00:03:06.648 [D] Mac-----------: Request to start operation "TransmitDataDirect"
  186648000 00:03:06.648 [D] Mac-----------: Starting operation "TransmitDataDirect"
  186648000 00:03:06.648 [D] SubMac--------: RadioState: Receive -> CsmaBackoff
  186649920 00:03:06.649 [D] SubMac--------: RadioState: CsmaBackoff -> Transmit
  186652520 00:03:06.652 [D] SubMac--------: RadioState: Transmit -> Receive
  186652520 00:03:06.652 [D] Mac-----------: ==============================[TX len=070]==============================
  186652520 00:03:06.652 [D] Mac-----------: | 41 D8 3C CE FA FF FF C6 | D2 3D 37 B8 88 E0 BE 7F | A.<......=7..... |
  186652520 00:03:06.652 [D] Mac-----------: | 3B 01 F0 4D 4C 4D 4C 96 | 78 00 15 1E 00 00 00 00 | ;..MLML.x....... |
  186652520 00:03:06.652 [D] Mac-----------: | 00 00 00 01 EF 9F 79 98 | 08 75 1D E1 0C B8 A4 CD | ......y..u...... |
  186652520 00:03:06.652 [D] Mac-----------: | F1 D7 64 02 D0 C0 2F 42 | F3 B4 EC B7 BD BD 5A C5 | ..d.../B......Z. |
  186652520 00:03:06.652 [D] Mac-----------: | EC 70 C4 0F 5B 9A       |                         | .p..[.           |
  186652520 00:03:06.652 [D] Mac-----------: ------------------------------------------------------------------------
  186652520 00:03:06.652 [D] Mac-----------: Finishing operation "TransmitDataDirect"
  186652520 00:03:06.652 [I] MeshForwarder-: Sent IPv6 UDP msg, len:91, chksum:9678, ecn:no, to:0xffff, sec:no, prio:net
  186652520 00:03:06.652 [I] MeshForwarder-:     src:[fe80:0:0:0:bce0:88b8:373d:d2c6]:19788
  186652520 00:03:06.652 [I] MeshForwarder-:     dst:[ff02:0:0:0:0:0:0:1]:19788
  186652520 00:03:06.652 [D] Mac-----------: Idle mode: Radio receiving on channel 11
  202163000 00:03:22.163 [I] Mle-----------: Send Advertisement (ff02:0:0:0:0:0:0:1)
  202163000 00:03:22.163 [D] Mac-----------: Request to start operation "TransmitDataDirect"
  202163000 00:03:22.163 [D] Mac-----------: Starting operation "TransmitDataDirect"
  202163000 00:03:22.163 [D] SubMac--------: RadioState: Receive -> CsmaBackoff
  202164600 00:03:22.164 [D] SubMac--------: RadioState: CsmaBackoff -> Transmit
  202167200 00:03:22.167 [D] SubMac--------: RadioState: Transmit -> Receive
  202167200 00:03:22.167 [D] Mac-----------: ==============================[TX len=070]==============================
  202167200 00:03:22.167 [D] Mac-----------: | 41 D8 3D CE FA FF FF C6 | D2 3D 37 B8 88 E0 BE 7F | A.=......=7..... |
  202167200 00:03:22.167 [D] Mac-----------: | 3B 01 F0 4D 4C 4D 4C 0C | AD 00 15 1F 00 00 00 00 | ;..MLML......... |
  202167200 00:03:22.167 [D] Mac-----------: | 00 00 00 01 37 B5 71 C3 | 1B 57 7E B9 C1 E8 2F 56 | ....7.q..W~.../V |
  202167200 00:03:22.167 [D] Mac-----------: | FE 67 1D A4 E2 58 F5 6D | AE C7 89 26 3A 08 FC 75 | .g...X.m...&:..u |
  202167200 00:03:22.167 [D] Mac-----------: | 27 A6 4D 3D 5F 72       |                         | '.M=_r           |
  202167200 00:03:22.167 [D] Mac-----------: ------------------------------------------------------------------------
  202167200 00:03:22.167 [D] Mac-----------: Finishing operation "TransmitDataDirect"
  202167200 00:03:22.167 [I] MeshForwarder-: Sent IPv6 UDP msg, len:91, chksum:0cad, ecn:no, to:0xffff, sec:no, prio:net
  202167200 00:03:22.167 [I] MeshForwarder-:     src:[fe80:0:0:0:bce0:88b8:373d:d2c6]:19788
  202167200 00:03:22.167 [I] MeshForwarder-:     dst:[ff02:0:0:0:0:0:0:1]:19788
  202167200 00:03:22.167 [D] Mac-----------: Idle mode: Radio receiving on channel 11
  210953000 00:03:30.953 [I] Mle-----------: Send Advertisement (ff02:0:0:0:0:0:0:1)
  210953000 00:03:30.953 [D] Mac-----------: Request to start operation "TransmitDataDirect"
  210953000 00:03:30.953 [D] Mac-----------: Starting operation "TransmitDataDirect"
  210953000 00:03:30.953 [D] SubMac--------: RadioState: Receive -> CsmaBackoff
  210953000 00:03:30.953 [D] SubMac--------: RadioState: CsmaBackoff -> Transmit
  210955600 00:03:30.955 [D] SubMac--------: RadioState: Transmit -> Receive
  210955600 00:03:30.955 [D] Mac-----------: ==============================[TX len=070]==============================
  210955600 00:03:30.955 [D] Mac-----------: | 41 D8 3E CE FA FF FF C6 | D2 3D 37 B8 88 E0 BE 7F | A.>......=7..... |
  210955600 00:03:30.955 [D] Mac-----------: | 3B 01 F0 4D 4C 4D 4C F3 | 4E 00 15 20 00 00 00 00 | ;..MLML.N.. .... |
  210955600 00:03:30.955 [D] Mac-----------: | 00 00 00 01 E7 36 6D F9 | 07 8D 29 0B 90 8A D5 22 | .....6m...)...." |
  210955600 00:03:30.955 [D] Mac-----------: | AD 61 91 FA B4 A4 08 95 | F0 70 36 A3 67 2C E8 76 | .a.......p6.g,.v |
  210955600 00:03:30.955 [D] Mac-----------: | 12 B2 F8 8D 0B 65       |                         | .....e           |
  210955600 00:03:30.955 [D] Mac-----------: ------------------------------------------------------------------------
  210955600 00:03:30.955 [D] Mac-----------: Finishing operation "TransmitDataDirect"
  210955600 00:03:30.955 [I] MeshForwarder-: Sent IPv6 UDP msg, len:91, chksum:f34e, ecn:no, to:0xffff, sec:no, prio:net
  210955600 00:03:30.955 [I] MeshForwarder-:     src:[fe80:0:0:0:bce0:88b8:373d:d2c6]:19788
  210955600 00:03:30.955 [I] MeshForwarder-:     dst:[ff02:0:0:0:0:0:0:1]:19788
  210955600 00:03:30.955 [D] Mac-----------: Idle mode: Radio receiving on channel 11
  227335000 00:03:47.335 [I] Mle-----------: Send Advertisement (ff02:0:0:0:0:0:0:1)
  227335000 00:03:47.335 [D] Mac-----------: Request to start operation "TransmitDataDirect"
  227335000 00:03:47.335 [D] Mac-----------: Starting operation "TransmitDataDirect"
  227335000 00:03:47.335 [D] SubMac--------: RadioState: Receive -> CsmaBackoff
  227335320 00:03:47.335 [D] SubMac--------: RadioState: CsmaBackoff -> Transmit
  227337920 00:03:47.337 [D] SubMac--------: RadioState: Transmit -> Receive
  227337920 00:03:47.337 [D] Mac-----------: ==============================[TX len=070]==============================
  227337920 00:03:47.337 [D] Mac-----------: | 41 D8 3F CE FA FF FF C6 | D2 3D 37 B8 88 E0 BE 7F | A.?......=7..... |
  227337920 00:03:47.337 [D] Mac-----------: | 3B 01 F0 4D 4C 4D 4C 84 | 68 00 15 21 00 00 00 00 | ;..MLML.h..!.... |
  227337920 00:03:47.337 [D] Mac-----------: | 00 00 00 01 85 F1 33 F3 | 2A CD F0 7F AB C4 C8 5A | ......3.*......Z |
  227337920 00:03:47.337 [D] Mac-----------: | 95 77 AE A4 F6 34 41 97 | 6F BA 8B 5B 78 BD 5C 23 | .w...4A.o..[x.\# |
  227337920 00:03:47.337 [D] Mac-----------: | 39 B6 81 8A C0 0D       |                         | 9.....           |
  227337920 00:03:47.337 [D] Mac-----------: ------------------------------------------------------------------------
  227337920 00:03:47.337 [D] Mac-----------: Finishing operation "TransmitDataDirect"
  227337920 00:03:47.337 [I] MeshForwarder-: Sent IPv6 UDP msg, len:91, chksum:8468, ecn:no, to:0xffff, sec:no, prio:net
  227337920 00:03:47.337 [I] MeshForwarder-:     src:[fe80:0:0:0:bce0:88b8:373d:d2c6]:19788
  227337920 00:03:47.337 [I] MeshForwarder-:     dst:[ff02:0:0:0:0:0:0:1]:19788
  227337920 00:03:47.337 [D] Mac-----------: Idle mode: Radio receiving on channel 11
  238391000 00:03:58.391 [I] Mle-----------: Send Advertisement (ff02:0:0:0:0:0:0:1)
  238391000 00:03:58.391 [D] Mac-----------: Request to start operation "TransmitDataDirect"
  238391000 00:03:58.391 [D] Mac-----------: Starting operation "TransmitDataDirect"
  238391000 00:03:58.391 [D] SubMac--------: RadioState: Receive -> CsmaBackoff
  238391960 00:03:58.391 [D] SubMac--------: RadioState: CsmaBackoff -> Transmit
  238394560 00:03:58.394 [D] SubMac--------: RadioState: Transmit -> Receive
  238394560 00:03:58.394 [D] Mac-----------: ==============================[TX len=070]==============================
  238394560 00:03:58.394 [D] Mac-----------: | 41 D8 40 CE FA FF FF C6 | D2 3D 37 B8 88 E0 BE 7F | A.@......=7..... |
  238394560 00:03:58.394 [D] Mac-----------: | 3B 01 F0 4D 4C 4D 4C 64 | 9F 00 15 22 00 00 00 00 | ;..MLMLd...".... |
  238394560 00:03:58.394 [D] Mac-----------: | 00 00 00 01 51 A8 45 A1 | 56 9A D5 64 CF 04 BE 49 | ....Q.E.V..d...I |
  238394560 00:03:58.394 [D] Mac-----------: | 0C 97 05 B2 C3 57 89 36 | 5A 2A 10 4E 8F 2B 42 44 | .....W.6Z*.N.+BD |
  238394560 00:03:58.394 [D] Mac-----------: | EF 12 3F 26 4B BC       |                         | ..?&K.           |
  238394560 00:03:58.394 [D] Mac-----------: ------------------------------------------------------------------------
  238394560 00:03:58.394 [D] Mac-----------: Finishing operation "TransmitDataDirect"
  238394560 00:03:58.394 [I] MeshForwarder-: Sent IPv6 UDP msg, len:91, chksum:649f, ecn:no, to:0xffff, sec:no, prio:net
  238394560 00:03:58.394 [I] MeshForwarder-:     src:[fe80:0:0:0:bce0:88b8:373d:d2c6]:19788
  238394560 00:03:58.394 [I] MeshForwarder-:     dst:[ff02:0:0:0:0:0:0:1]:19788
  238394560 00:03:58.394 [D] Mac-----------: Idle mode: Radio receiving on channel 11
  251576000 00:04:11.576 [I] Mle-----------: Send Advertisement (ff02:0:0:0:0:0:0:1)
  251576000 00:04:11.576 [D] Mac-----------: Request to start operation "TransmitDataDirect"
  251576000 00:04:11.576 [D] Mac-----------: Starting operation "TransmitDataDirect"
  251576000 00:04:11.576 [D] SubMac--------: RadioState: Receive -> CsmaBackoff
  251578240 00:04:11.578 [D] SubMac--------: RadioState: CsmaBackoff -> Transmit
  251580840 00:04:11.580 [D] SubMac--------: RadioState: Transmit -> Receive
  251580840 00:04:11.580 [D] Mac-----------: ==============================[TX len=070]==============================
  251580840 00:04:11.580 [D] Mac-----------: | 41 D8 41 CE FA FF FF C6 | D2 3D 37 B8 88 E0 BE 7F | A.A......=7..... |
  251580840 00:04:11.580 [D] Mac-----------: | 3B 01 F0 4D 4C 4D 4C 2E | 1D 00 15 23 00 00 00 00 | ;..MLML....#.... |
  251580840 00:04:11.580 [D] Mac-----------: | 00 00 00 01 A2 28 F8 3F | FC 85 4D 95 6C 32 B7 62 | .....(.?..M.l2.b |
  251580840 00:04:11.580 [D] Mac-----------: | BD B4 E9 D9 5A 6F 79 09 | 30 E3 70 F2 B7 3C 6C 25 | ....Zoy.0.p..<l% |
  251580840 00:04:11.580 [D] Mac-----------: | 15 59 3E 14 8F BC       |                         | .Y>...           |
  251580840 00:04:11.580 [D] Mac-----------: ------------------------------------------------------------------------
  251580840 00:04:11.580 [D] Mac-----------: Finishing operation "TransmitDataDirect"
  251580840 00:04:11.580 [I] MeshForwarder-: Sent IPv6 UDP msg, len:91, chksum:2e1d, ecn:no, to:0xffff, sec:no, prio:net
  251580840 00:04:11.580 [I] MeshForwarder-:     src:[fe80:0:0:0:bce0:88b8:373d:d2c6]:19788
  251580840 00:04:11.580 [I] MeshForwarder-:     dst:[ff02:0:0:0:0:0:0:1]:19788
  251580840 00:04:11.580 [D] Mac-----------: Idle mode: Radio receiving on channel 11
  260091000 00:04:20.091 [I] Mle-----------: Send Advertisement (ff02:0:0:0:0:0:0:1)
  260091000 00:04:20.091 [D] Mac-----------: Request to start operation "TransmitDataDirect"
  260091000 00:04:20.091 [D] Mac-----------: Starting operation "TransmitDataDirect"
  260091000 00:04:20.091 [D] SubMac--------: RadioState: Receive -> CsmaBackoff
  260092920 00:04:20.092 [D] SubMac--------: RadioState: CsmaBackoff -> Transmit
  260095520 00:04:20.095 [D] SubMac--------: RadioState: Transmit -> Receive
  260095520 00:04:20.095 [D] Mac-----------: ==============================[TX len=070]==============================
  260095520 00:04:20.095 [D] Mac-----------: | 41 D8 42 CE FA FF FF C6 | D2 3D 37 B8 88 E0 BE 7F | A.B......=7..... |
  260095520 00:04:20.095 [D] Mac-----------: | 3B 01 F0 4D 4C 4D 4C A7 | CF 00 15 24 00 00 00 00 | ;..MLML....$.... |
  260095520 00:04:20.095 [D] Mac-----------: | 00 00 00 01 99 80 91 8E | A5 59 0E A0 21 0E 47 C7 | .........Y..!.G. |
  260095520 00:04:20.095 [D] Mac-----------: | 4B AF 57 DF CA C8 09 EE | DA FE 0F A6 7E C8 16 88 | K.W.........~... |
  260095520 00:04:20.095 [D] Mac-----------: | C6 0A E3 26 96 77       |                         | ...&.w           |
  260095520 00:04:20.095 [D] Mac-----------: ------------------------------------------------------------------------
  260095520 00:04:20.095 [D] Mac-----------: Finishing operation "TransmitDataDirect"
  260095520 00:04:20.095 [I] MeshForwarder-: Sent IPv6 UDP msg, len:91, chksum:a7cf, ecn:no, to:0xffff, sec:no, prio:net
  260095520 00:04:20.095 [I] MeshForwarder-:     src:[fe80:0:0:0:bce0:88b8:373d:d2c6]:19788
  260095520 00:04:20.095 [I] MeshForwarder-:     dst:[ff02:0:0:0:0:0:0:1]:19788
  260095520 00:04:20.095 [D] Mac-----------: Idle mode: Radio receiving on channel 11
  270952000 00:04:30.952 [I] Mle-----------: Send Advertisement (ff02:0:0:0:0:0:0:1)
  270952000 00:04:30.952 [D] Mac-----------: Request to start operation "TransmitDataDirect"
  270952000 00:04:30.952 [D] Mac-----------: Starting operation "TransmitDataDirect"
  270952000 00:04:30.952 [D] SubMac--------: RadioState: Receive -> CsmaBackoff
  270952320 00:04:30.952 [D] SubMac--------: RadioState: CsmaBackoff -> Transmit
  270954920 00:04:30.954 [D] SubMac--------: RadioState: Transmit -> Receive
  270954920 00:04:30.954 [D] Mac-----------: ==============================[TX len=070]==============================
  270954920 00:04:30.954 [D] Mac-----------: | 41 D8 43 CE FA FF FF C6 | D2 3D 37 B8 88 E0 BE 7F | A.C......=7..... |
  270954920 00:04:30.954 [D] Mac-----------: | 3B 01 F0 4D 4C 4D 4C 23 | 77 00 15 25 00 00 00 00 | ;..MLML#w..%.... |
  270954920 00:04:30.954 [D] Mac-----------: | 00 00 00 01 24 59 F0 CE | E8 68 3A 8E 29 73 FB 36 | ....$Y...h:.)s.6 |
  270954920 00:04:30.954 [D] Mac-----------: | 69 EE 0F 77 81 CB A1 A9 | FF 10 34 86 EF BA 55 38 | i..w......4...U8 |
  270954920 00:04:30.954 [D] Mac-----------: | 71 C8 5D D7 C7 05       |                         | q.]...           |
  270954920 00:04:30.954 [D] Mac-----------: ------------------------------------------------------------------------
  270954920 00:04:30.954 [D] Mac-----------: Finishing operation "TransmitDataDirect"
  270954920 00:04:30.954 [I] MeshForwarder-: Sent IPv6 UDP msg, len:91, chksum:2377, ecn:no, to:0xffff, sec:no, prio:net
  270954920 00:04:30.954 [I] MeshForwarder-:     src:[fe80:0:0:0:bce0:88b8:373d:d2c6]:19788
  270954920 00:04:30.954 [I] MeshForwarder-:     dst:[ff02:0:0:0:0:0:0:1]:19788
  270954920 00:04:30.954 [D] Mac-----------: Idle mode: Radio receiving on channel 11
  277353000 00:04:37.353 [I] Mle-----------: No Adv from router 0x4800 - sending Link Request
  277353000 00:04:37.353 [I] Mle-----------: Delay Link Request (fe80:0:0:0:7c28:de12:a391:d189)
  278286000 00:04:38.286 [I] Mle-----------: Send Link Request (fe80:0:0:0:7c28:de12:a391:d189)
  278286000 00:04:38.286 [D] Mac-----------: Request to start operation "TransmitDataDirect"
  278286000 00:04:38.286 [D] Mac-----------: Starting operation "TransmitDataDirect"
  278286000 00:04:38.286 [D] SubMac--------: RadioState: Receive -> CsmaBackoff
  278288240 00:04:38.288 [D] SubMac--------: RadioState: CsmaBackoff -> Transmit
  278291552 00:04:38.291 [I] Mac-----------: Frame tx attempt 1/16 failed, error:NoAck, len:80, seqnum:68, type:Data, src:bee088b8373dd2c6, dst:7e28de12a391d189,
  278291552 00:04:38.291 [D] Mac-----------: ============================[TX ERR len=016]============================
  278291552 00:04:38.291 [D] Mac-----------: | 61 DC 44 CE FA 89 D1 91 | A3 12 DE 28 7E C6 D2 3D | a.D........(~..= |
  278291552 00:04:38.291 [D] Mac-----------: ------------------------------------------------------------------------
  278291552 00:04:38.291 [D] SubMac--------: RadioState: Transmit -> DelayBeforeRetx
  278291552 00:04:38.291 [D] SubMac--------: Delaying retx for 0 usec (be=0)
  278291552 00:04:38.291 [D] SubMac--------: RadioState: DelayBeforeRetx -> CsmaBackoff
  278291872 00:04:38.291 [D] SubMac--------: RadioState: CsmaBackoff -> Transmit
  278295184 00:04:38.295 [I] Mac-----------: Frame tx attempt 2/16 failed, error:NoAck, len:80, seqnum:68, type:Data, src:bee088b8373dd2c6, dst:7e28de12a391d189,
  278295184 00:04:38.295 [D] Mac-----------: ============================[TX ERR len=016]============================
  278295184 00:04:38.295 [D] Mac-----------: | 61 DC 44 CE FA 89 D1 91 | A3 12 DE 28 7E C6 D2 3D | a.D........(~..= |
  278295184 00:04:38.295 [D] Mac-----------: ------------------------------------------------------------------------
  278295184 00:04:38.295 [D] SubMac--------: RadioState: Transmit -> DelayBeforeRetx
  278295184 00:04:38.295 [D] SubMac--------: Delaying retx for 320 usec (be=1)
  278295504 00:04:38.295 [D] SubMac--------: RadioState: DelayBeforeRetx -> CsmaBackoff
  278297744 00:04:38.297 [D] SubMac--------: RadioState: CsmaBackoff -> Transmit
  278301056 00:04:38.301 [I] Mac-----------: Frame tx attempt 3/16 failed, error:NoAck, len:80, seqnum:68, type:Data, src:bee088b8373dd2c6, dst:7e28de12a391d189,
  278301056 00:04:38.301 [D] Mac-----------: ============================[TX ERR len=016]============================
  278301056 00:04:38.301 [D] Mac-----------: | 61 DC 44 CE FA 89 D1 91 | A3 12 DE 28 7E C6 D2 3D | a.D........(~..= |
  278301056 00:04:38.301 [D] Mac-----------: ------------------------------------------------------------------------
  278301056 00:04:38.301 [D] SubMac--------: RadioState: Transmit -> DelayBeforeRetx
  278301056 00:04:38.301 [D] SubMac--------: Delaying retx for 320 usec (be=2)
  278301376 00:04:38.301 [D] SubMac--------: RadioState: DelayBeforeRetx -> CsmaBackoff
  278302336 00:04:38.302 [D] SubMac--------: RadioState: CsmaBackoff -> Transmit
  278305648 00:04:38.305 [I] Mac-----------: Frame tx attempt 4/16 failed, error:NoAck, len:80, seqnum:68, type:Data, src:bee088b8373dd2c6, dst:7e28de12a391d189,
  278305648 00:04:38.305 [D] Mac-----------: ============================[TX ERR len=016]============================
  278305648 00:04:38.305 [D] Mac-----------: | 61 DC 44 CE FA 89 D1 91 | A3 12 DE 28 7E C6 D2 3D | a.D........(~..= |
  278305648 00:04:38.305 [D] Mac-----------: ------------------------------------------------------------------------
  278305648 00:04:38.305 [D] SubMac--------: RadioState: Transmit -> DelayBeforeRetx
  278305648 00:04:38.305 [D] SubMac--------: Delaying retx for 640 usec (be=3)
  278306288 00:04:38.306 [D] SubMac--------: RadioState: DelayBeforeRetx -> CsmaBackoff
  278307888 00:04:38.307 [D] SubMac--------: RadioState: CsmaBackoff -> Transmit
  278311200 00:04:38.311 [I] Mac-----------: Frame tx attempt 5/16 failed, error:NoAck, len:80, seqnum:68, type:Data, src:bee088b8373dd2c6, dst:7e28de12a391d189,
  278311200 00:04:38.311 [D] Mac-----------: ============================[TX ERR len=016]============================
  278311200 00:04:38.311 [D] Mac-----------: | 61 DC 44 CE FA 89 D1 91 | A3 12 DE 28 7E C6 D2 3D | a.D........(~..= |
  278311200 00:04:38.311 [D] Mac-----------: ------------------------------------------------------------------------
  278311200 00:04:38.311 [D] SubMac--------: RadioState: Transmit -> DelayBeforeRetx
  278311200 00:04:38.311 [D] SubMac--------: Delaying retx for 4160 usec (be=4)
  278315360 00:04:38.315 [D] SubMac--------: RadioState: DelayBeforeRetx -> CsmaBackoff
  278316960 00:04:38.316 [D] SubMac--------: RadioState: CsmaBackoff -> Transmit
  278320272 00:04:38.320 [I] Mac-----------: Frame tx attempt 6/16 failed, error:NoAck, len:80, seqnum:68, type:Data, src:bee088b8373dd2c6, dst:7e28de12a391d189,
  278320272 00:04:38.320 [D] Mac-----------: ============================[TX ERR len=016]============================
  278320272 00:04:38.320 [D] Mac-----------: | 61 DC 44 CE FA 89 D1 91 | A3 12 DE 28 7E C6 D2 3D | a.D........(~..= |
  278320272 00:04:38.320 [D] Mac-----------: ------------------------------------------------------------------------
  278320272 00:04:38.320 [D] SubMac--------: RadioState: Transmit -> DelayBeforeRetx
  278320272 00:04:38.320 [D] SubMac--------: Delaying retx for 8000 usec (be=5)
  278328272 00:04:38.328 [D] SubMac--------: RadioState: DelayBeforeRetx -> CsmaBackoff
  278329872 00:04:38.329 [D] SubMac--------: RadioState: CsmaBackoff -> Transmit
  278333184 00:04:38.333 [I] Mac-----------: Frame tx attempt 7/16 failed, error:NoAck, len:80, seqnum:68, type:Data, src:bee088b8373dd2c6, dst:7e28de12a391d189,
  278333184 00:04:38.333 [D] Mac-----------: ============================[TX ERR len=016]============================
  278333184 00:04:38.333 [D] Mac-----------: | 61 DC 44 CE FA 89 D1 91 | A3 12 DE 28 7E C6 D2 3D | a.D........(~..= |
  278333184 00:04:38.333 [D] Mac-----------: ------------------------------------------------------------------------
  278333184 00:04:38.333 [D] SubMac--------: RadioState: Transmit -> DelayBeforeRetx
  278333184 00:04:38.333 [D] SubMac--------: Delaying retx for 9920 usec (be=5)
  278343104 00:04:38.343 [D] SubMac--------: RadioState: DelayBeforeRetx -> CsmaBackoff
  278344704 00:04:38.344 [D] SubMac--------: RadioState: CsmaBackoff -> Transmit
  278348016 00:04:38.348 [I] Mac-----------: Frame tx attempt 8/16 failed, error:NoAck, len:80, seqnum:68, type:Data, src:bee088b8373dd2c6, dst:7e28de12a391d189,
  278348016 00:04:38.348 [D] Mac-----------: ============================[TX ERR len=016]============================
  278348016 00:04:38.348 [D] Mac-----------: | 61 DC 44 CE FA 89 D1 91 | A3 12 DE 28 7E C6 D2 3D | a.D........(~..= |
  278348016 00:04:38.348 [D] Mac-----------: ------------------------------------------------------------------------
  278348016 00:04:38.348 [D] SubMac--------: RadioState: Transmit -> DelayBeforeRetx
  278348016 00:04:38.348 [D] SubMac--------: Delaying retx for 7360 usec (be=5)
  278355376 00:04:38.355 [D] SubMac--------: RadioState: DelayBeforeRetx -> CsmaBackoff
  278355376 00:04:38.355 [D] SubMac--------: RadioState: CsmaBackoff -> Transmit
  278357544 00:04:38.357 [I] Mle-----------: Delay Link Request (fe80:0:0:0:7c28:de12:a391:d189)
  278358688 00:04:38.358 [I] Mac-----------: Frame tx attempt 9/16 failed, error:NoAck, len:80, seqnum:68, type:Data, src:bee088b8373dd2c6, dst:7e28de12a391d189,
  278358688 00:04:38.358 [D] Mac-----------: ============================[TX ERR len=016]============================
  278358688 00:04:38.358 [D] Mac-----------: | 61 DC 44 CE FA 89 D1 91 | A3 12 DE 28 7E C6 D2 3D | a.D........(~..= |
  278358688 00:04:38.358 [D] Mac-----------: ------------------------------------------------------------------------
  278358688 00:04:38.358 [D] SubMac--------: RadioState: Transmit -> DelayBeforeRetx
  278358688 00:04:38.358 [D] SubMac--------: Delaying retx for 6080 usec (be=5)
  278364768 00:04:38.364 [D] SubMac--------: RadioState: DelayBeforeRetx -> CsmaBackoff
  278366688 00:04:38.366 [D] SubMac--------: RadioState: CsmaBackoff -> Transmit
  278370000 00:04:38.370 [I] Mac-----------: Frame tx attempt 10/16 failed, error:NoAck, len:80, seqnum:68, type:Data, src:bee088b8373dd2c6, dst:7e28de12a391d189
  278370000 00:04:38.370 [D] Mac-----------: ============================[TX ERR len=016]============================
  278370000 00:04:38.370 [D] Mac-----------: | 61 DC 44 CE FA 89 D1 91 | A3 12 DE 28 7E C6 D2 3D | a.D........(~..= |
  278370000 00:04:38.370 [D] Mac-----------: ------------------------------------------------------------------------
  278370000 00:04:38.370 [D] SubMac--------: RadioState: Transmit -> DelayBeforeRetx
  278370000 00:04:38.370 [D] SubMac--------: Delaying retx for 1280 usec (be=5)
  278371280 00:04:38.371 [D] SubMac--------: RadioState: DelayBeforeRetx -> CsmaBackoff
  278373200 00:04:38.373 [D] SubMac--------: RadioState: CsmaBackoff -> Transmit
  278376512 00:04:38.376 [I] Mac-----------: Frame tx attempt 11/16 failed, error:NoAck, len:80, seqnum:68, type:Data, src:bee088b8373dd2c6, dst:7e28de12a391d189
  278376512 00:04:38.376 [D] Mac-----------: ============================[TX ERR len=016]============================
  278376512 00:04:38.376 [D] Mac-----------: | 61 DC 44 CE FA 89 D1 91 | A3 12 DE 28 7E C6 D2 3D | a.D........(~..= |
  278376512 00:04:38.376 [D] Mac-----------: ------------------------------------------------------------------------
  278376512 00:04:38.376 [D] SubMac--------: RadioState: Transmit -> DelayBeforeRetx
  278376512 00:04:38.376 [D] SubMac--------: Delaying retx for 1920 usec (be=5)
  278378432 00:04:38.378 [D] SubMac--------: RadioState: DelayBeforeRetx -> CsmaBackoff
  278380352 00:04:38.380 [D] SubMac--------: RadioState: CsmaBackoff -> Transmit
  278383664 00:04:38.383 [I] Mac-----------: Frame tx attempt 12/16 failed, error:NoAck, len:80, seqnum:68, type:Data, src:bee088b8373dd2c6, dst:7e28de12a391d189
  278383664 00:04:38.383 [D] Mac-----------: ============================[TX ERR len=016]============================
  278383664 00:04:38.383 [D] Mac-----------: | 61 DC 44 CE FA 89 D1 91 | A3 12 DE 28 7E C6 D2 3D | a.D........(~..= |
  278383664 00:04:38.383 [D] Mac-----------: ------------------------------------------------------------------------
  278383664 00:04:38.383 [D] SubMac--------: RadioState: Transmit -> DelayBeforeRetx
  278383664 00:04:38.383 [D] SubMac--------: Delaying retx for 4480 usec (be=5)
  278388144 00:04:38.388 [D] SubMac--------: RadioState: DelayBeforeRetx -> CsmaBackoff
  278389424 00:04:38.389 [D] SubMac--------: RadioState: CsmaBackoff -> Transmit
  278392736 00:04:38.392 [I] Mac-----------: Frame tx attempt 13/16 failed, error:NoAck, len:80, seqnum:68, type:Data, src:bee088b8373dd2c6, dst:7e28de12a391d189
  278392736 00:04:38.392 [D] Mac-----------: ============================[TX ERR len=016]============================
  278392736 00:04:38.392 [D] Mac-----------: | 61 DC 44 CE FA 89 D1 91 | A3 12 DE 28 7E C6 D2 3D | a.D........(~..= |
  278392736 00:04:38.392 [D] Mac-----------: ------------------------------------------------------------------------
  278392736 00:04:38.392 [D] SubMac--------: RadioState: Transmit -> DelayBeforeRetx
  278392736 00:04:38.392 [D] SubMac--------: Delaying retx for 9920 usec (be=5)
  278402656 00:04:38.402 [D] SubMac--------: RadioState: DelayBeforeRetx -> CsmaBackoff
  278402976 00:04:38.402 [D] SubMac--------: RadioState: CsmaBackoff -> Transmit
  278406288 00:04:38.406 [I] Mac-----------: Frame tx attempt 14/16 failed, error:NoAck, len:80, seqnum:68, type:Data, src:bee088b8373dd2c6, dst:7e28de12a391d189
  278406288 00:04:38.406 [D] Mac-----------: ============================[TX ERR len=016]============================
  278406288 00:04:38.406 [D] Mac-----------: | 61 DC 44 CE FA 89 D1 91 | A3 12 DE 28 7E C6 D2 3D | a.D........(~..= |
  278406288 00:04:38.406 [D] Mac-----------: ------------------------------------------------------------------------
  278406288 00:04:38.406 [D] SubMac--------: RadioState: Transmit -> DelayBeforeRetx
  278406288 00:04:38.406 [D] SubMac--------: Delaying retx for 3840 usec (be=5)
  278410128 00:04:38.410 [D] SubMac--------: RadioState: DelayBeforeRetx -> CsmaBackoff
  278411088 00:04:38.411 [D] SubMac--------: RadioState: CsmaBackoff -> Transmit
  278414400 00:04:38.414 [I] Mac-----------: Frame tx attempt 15/16 failed, error:NoAck, len:80, seqnum:68, type:Data, src:bee088b8373dd2c6, dst:7e28de12a391d189
  278414400 00:04:38.414 [D] Mac-----------: ============================[TX ERR len=016]============================
  278414400 00:04:38.414 [D] Mac-----------: | 61 DC 44 CE FA 89 D1 91 | A3 12 DE 28 7E C6 D2 3D | a.D........(~..= |
  278414400 00:04:38.414 [D] Mac-----------: ------------------------------------------------------------------------
  278414400 00:04:38.414 [D] SubMac--------: RadioState: Transmit -> DelayBeforeRetx
  278414400 00:04:38.414 [D] SubMac--------: Delaying retx for 2880 usec (be=5)
  278417280 00:04:38.417 [D] SubMac--------: RadioState: DelayBeforeRetx -> CsmaBackoff
  278418880 00:04:38.418 [D] SubMac--------: RadioState: CsmaBackoff -> Transmit
  278422192 00:04:38.422 [I] Mac-----------: Frame tx attempt 16/16 failed, error:NoAck, len:80, seqnum:68, type:Data, src:bee088b8373dd2c6, dst:7e28de12a391d189
  278422192 00:04:38.422 [D] Mac-----------: ============================[TX ERR len=016]============================
  278422192 00:04:38.422 [D] Mac-----------: | 61 DC 44 CE FA 89 D1 91 | A3 12 DE 28 7E C6 D2 3D | a.D........(~..= |
  278422192 00:04:38.422 [D] Mac-----------: ------------------------------------------------------------------------
  278422192 00:04:38.422 [D] SubMac--------: RadioState: Transmit -> Receive
  278422192 00:04:38.422 [D] Mac-----------: ==============================[TX len=080]==============================
  278422192 00:04:38.422 [D] Mac-----------: | 61 DC 44 CE FA 89 D1 91 | A3 12 DE 28 7E C6 D2 3D | a.D........(~..= |
  278422192 00:04:38.422 [D] Mac-----------: | 37 B8 88 E0 BE 7F 33 F0 | 4D 4C 4D 4C 92 EC 00 15 | 7.....3.MLML.... |
  278422192 00:04:38.422 [D] Mac-----------: | 26 00 00 00 00 00 00 00 | 01 8D 48 3A 1F 01 00 0F | &.........H:.... |
  278422192 00:04:38.422 [D] Mac-----------: | 2A 07 1B 0A 5D A0 0C CF | E0 CE 5C 17 A9 D9 67 33 | *...].....\...g3 |
  278422192 00:04:38.422 [D] Mac-----------: | 9C 90 11 F3 B3 31 BC 5C | 36 42 C3 34 12 1A 21 41 | .....1.\6B.4..!A |
  278422192 00:04:38.422 [D] Mac-----------: ------------------------------------------------------------------------
  278422192 00:04:38.422 [D] Mac-----------: Finishing operation "TransmitDataDirect"
  278422192 00:04:38.422 [N] MeshForwarder-: Failed to send IPv6 UDP msg, len:96, chksum:92ec, ecn:no, to:7e28de12a391d189, sec:no, error:NoAck, prio:net
  278422192 00:04:38.422 [N] MeshForwarder-:     src:[fe80:0:0:0:bce0:88b8:373d:d2c6]:19788
  278422192 00:04:38.422 [N] MeshForwarder-:     dst:[fe80:0:0:0:7c28:de12:a391:d189]:19788
  278422192 00:04:38.422 [D] Mac-----------: Idle mode: Radio receiving on channel 11
  279287000 00:04:39.287 [I] Mle-----------: Send Link Request (fe80:0:0:0:7c28:de12:a391:d189)
  279287000 00:04:39.287 [D] Mac-----------: Request to start operation "TransmitDataDirect"
  279287000 00:04:39.287 [D] Mac-----------: Starting operation "TransmitDataDirect"
  279287000 00:04:39.287 [D] SubMac--------: RadioState: Receive -> CsmaBackoff
  279288280 00:04:39.288 [D] SubMac--------: RadioState: CsmaBackoff -> Transmit
  279291592 00:04:39.291 [I] Mac-----------: Frame tx attempt 1/16 failed, error:NoAck, len:80, seqnum:69, type:Data, src:bee088b8373dd2c6, dst:7e28de12a391d189,
  279291592 00:04:39.291 [D] Mac-----------: ============================[TX ERR len=016]============================
  279291592 00:04:39.291 [D] Mac-----------: | 61 DC 45 CE FA 89 D1 91 | A3 12 DE 28 7E C6 D2 3D | a.E........(~..= |
  279291592 00:04:39.291 [D] Mac-----------: ------------------------------------------------------------------------
  279291592 00:04:39.291 [D] SubMac--------: RadioState: Transmit -> DelayBeforeRetx
  279291592 00:04:39.291 [D] SubMac--------: Delaying retx for 0 usec (be=0)
  279291592 00:04:39.291 [D] SubMac--------: RadioState: DelayBeforeRetx -> CsmaBackoff
  279292552 00:04:39.292 [D] SubMac--------: RadioState: CsmaBackoff -> Transmit
  279295864 00:04:39.295 [I] Mac-----------: Frame tx attempt 2/16 failed, error:NoAck, len:80, seqnum:69, type:Data, src:bee088b8373dd2c6, dst:7e28de12a391d189,
  279295864 00:04:39.295 [D] Mac-----------: ============================[TX ERR len=016]============================
  279295864 00:04:39.295 [D] Mac-----------: | 61 DC 45 CE FA 89 D1 91 | A3 12 DE 28 7E C6 D2 3D | a.E........(~..= |
  279295864 00:04:39.295 [D] Mac-----------: ------------------------------------------------------------------------
  279295864 00:04:39.295 [D] SubMac--------: RadioState: Transmit -> DelayBeforeRetx
  279295864 00:04:39.295 [D] SubMac--------: Delaying retx for 0 usec (be=1)
  279295864 00:04:39.295 [D] SubMac--------: RadioState: DelayBeforeRetx -> CsmaBackoff
  279297144 00:04:39.297 [D] SubMac--------: RadioState: CsmaBackoff -> Transmit
  279300456 00:04:39.300 [I] Mac-----------: Frame tx attempt 3/16 failed, error:NoAck, len:80, seqnum:69, type:Data, src:bee088b8373dd2c6, dst:7e28de12a391d189,
  279300456 00:04:39.300 [D] Mac-----------: ============================[TX ERR len=016]============================
  279300456 00:04:39.300 [D] Mac-----------: | 61 DC 45 CE FA 89 D1 91 | A3 12 DE 28 7E C6 D2 3D | a.E........(~..= |
  279300456 00:04:39.300 [D] Mac-----------: ------------------------------------------------------------------------
  279300456 00:04:39.300 [D] SubMac--------: RadioState: Transmit -> DelayBeforeRetx
  279300456 00:04:39.300 [D] SubMac--------: Delaying retx for 960 usec (be=2)
  279301416 00:04:39.301 [D] SubMac--------: RadioState: DelayBeforeRetx -> CsmaBackoff
  279303016 00:04:39.303 [D] SubMac--------: RadioState: CsmaBackoff -> Transmit
  279306328 00:04:39.306 [I] Mac-----------: Frame tx attempt 4/16 failed, error:NoAck, len:80, seqnum:69, type:Data, src:bee088b8373dd2c6, dst:7e28de12a391d189,
  279306328 00:04:39.306 [D] Mac-----------: ============================[TX ERR len=016]============================
  279306328 00:04:39.306 [D] Mac-----------: | 61 DC 45 CE FA 89 D1 91 | A3 12 DE 28 7E C6 D2 3D | a.E........(~..= |
  279306328 00:04:39.306 [D] Mac-----------: ------------------------------------------------------------------------
  279306328 00:04:39.306 [D] SubMac--------: RadioState: Transmit -> DelayBeforeRetx
  279306328 00:04:39.306 [D] SubMac--------: Delaying retx for 0 usec (be=3)
  279306328 00:04:39.306 [D] SubMac--------: RadioState: DelayBeforeRetx -> CsmaBackoff
  279307928 00:04:39.307 [D] SubMac--------: RadioState: CsmaBackoff -> Transmit
  279311240 00:04:39.311 [I] Mac-----------: Frame tx attempt 5/16 failed, error:NoAck, len:80, seqnum:69, type:Data, src:bee088b8373dd2c6, dst:7e28de12a391d189,
  279311240 00:04:39.311 [D] Mac-----------: ============================[TX ERR len=016]============================
  279311240 00:04:39.311 [D] Mac-----------: | 61 DC 45 CE FA 89 D1 91 | A3 12 DE 28 7E C6 D2 3D | a.E........(~..= |
  279311240 00:04:39.311 [D] Mac-----------: ------------------------------------------------------------------------
  279311240 00:04:39.311 [D] SubMac--------: RadioState: Transmit -> DelayBeforeRetx
  279311240 00:04:39.311 [D] SubMac--------: Delaying retx for 320 usec (be=4)
  279311560 00:04:39.311 [D] SubMac--------: RadioState: DelayBeforeRetx -> CsmaBackoff
  279312200 00:04:39.312 [D] SubMac--------: RadioState: CsmaBackoff -> Transmit
  279315512 00:04:39.315 [I] Mac-----------: Frame tx attempt 6/16 failed, error:NoAck, len:80, seqnum:69, type:Data, src:bee088b8373dd2c6, dst:7e28de12a391d189,
  279315512 00:04:39.315 [D] Mac-----------: ============================[TX ERR len=016]============================
  279315512 00:04:39.315 [D] Mac-----------: | 61 DC 45 CE FA 89 D1 91 | A3 12 DE 28 7E C6 D2 3D | a.E........(~..= |
  279315512 00:04:39.315 [D] Mac-----------: ------------------------------------------------------------------------
  279315512 00:04:39.315 [D] SubMac--------: RadioState: Transmit -> DelayBeforeRetx
  279315512 00:04:39.315 [D] SubMac--------: Delaying retx for 3840 usec (be=5)
  279319352 00:04:39.319 [D] SubMac--------: RadioState: DelayBeforeRetx -> CsmaBackoff
  279319992 00:04:39.319 [D] SubMac--------: RadioState: CsmaBackoff -> Transmit
  279323304 00:04:39.323 [I] Mac-----------: Frame tx attempt 7/16 failed, error:NoAck, len:80, seqnum:69, type:Data, src:bee088b8373dd2c6, dst:7e28de12a391d189,
  279323304 00:04:39.323 [D] Mac-----------: ============================[TX ERR len=016]============================
  279323304 00:04:39.323 [D] Mac-----------: | 61 DC 45 CE FA 89 D1 91 | A3 12 DE 28 7E C6 D2 3D | a.E........(~..= |
  279323304 00:04:39.323 [D] Mac-----------: ------------------------------------------------------------------------
  279323304 00:04:39.323 [D] SubMac--------: RadioState: Transmit -> DelayBeforeRetx
  279323304 00:04:39.323 [D] SubMac--------: Delaying retx for 1920 usec (be=5)
  279325224 00:04:39.325 [D] SubMac--------: RadioState: DelayBeforeRetx -> CsmaBackoff
  279326824 00:04:39.326 [D] SubMac--------: RadioState: CsmaBackoff -> Transmit
  279330136 00:04:39.330 [I] Mac-----------: Frame tx attempt 8/16 failed, error:NoAck, len:80, seqnum:69, type:Data, src:bee088b8373dd2c6, dst:7e28de12a391d189,
  279330136 00:04:39.330 [D] Mac-----------: ============================[TX ERR len=016]============================
  279330136 00:04:39.330 [D] Mac-----------: | 61 DC 45 CE FA 89 D1 91 | A3 12 DE 28 7E C6 D2 3D | a.E........(~..= |
  279330136 00:04:39.330 [D] Mac-----------: ------------------------------------------------------------------------
  279330136 00:04:39.330 [D] SubMac--------: RadioState: Transmit -> DelayBeforeRetx
  279330136 00:04:39.330 [D] SubMac--------: Delaying retx for 2880 usec (be=5)
  279333016 00:04:39.333 [D] SubMac--------: RadioState: DelayBeforeRetx -> CsmaBackoff
  279334296 00:04:39.334 [D] SubMac--------: RadioState: CsmaBackoff -> Transmit
  279337608 00:04:39.337 [I] Mac-----------: Frame tx attempt 9/16 failed, error:NoAck, len:80, seqnum:69, type:Data, src:bee088b8373dd2c6, dst:7e28de12a391d189,
  279337608 00:04:39.337 [D] Mac-----------: ============================[TX ERR len=016]============================
  279337608 00:04:39.337 [D] Mac-----------: | 61 DC 45 CE FA 89 D1 91 | A3 12 DE 28 7E C6 D2 3D | a.E........(~..= |
  279337608 00:04:39.337 [D] Mac-----------: ------------------------------------------------------------------------
  279337608 00:04:39.337 [D] SubMac--------: RadioState: Transmit -> DelayBeforeRetx
  279337608 00:04:39.337 [D] SubMac--------: Delaying retx for 7040 usec (be=5)
  279344648 00:04:39.344 [D] SubMac--------: RadioState: DelayBeforeRetx -> CsmaBackoff
  279344648 00:04:39.344 [D] SubMac--------: RadioState: CsmaBackoff -> Transmit
  279347960 00:04:39.347 [I] Mac-----------: Frame tx attempt 10/16 failed, error:NoAck, len:80, seqnum:69, type:Data, src:bee088b8373dd2c6, dst:7e28de12a391d189
  279347960 00:04:39.347 [D] Mac-----------: ============================[TX ERR len=016]============================
  279347960 00:04:39.347 [D] Mac-----------: | 61 DC 45 CE FA 89 D1 91 | A3 12 DE 28 7E C6 D2 3D | a.E........(~..= |
  279347960 00:04:39.347 [D] Mac-----------: ------------------------------------------------------------------------
  279347960 00:04:39.347 [D] SubMac--------: RadioState: Transmit -> DelayBeforeRetx
  279347960 00:04:39.347 [D] SubMac--------: Delaying retx for 6080 usec (be=5)
  279354040 00:04:39.354 [D] SubMac--------: RadioState: DelayBeforeRetx -> CsmaBackoff
  279355320 00:04:39.355 [D] SubMac--------: RadioState: CsmaBackoff -> Transmit
  279358632 00:04:39.358 [I] Mac-----------: Frame tx attempt 11/16 failed, error:NoAck, len:80, seqnum:69, type:Data, src:bee088b8373dd2c6, dst:7e28de12a391d189
  279358632 00:04:39.358 [D] Mac-----------: ============================[TX ERR len=016]============================
  279358632 00:04:39.358 [D] Mac-----------: | 61 DC 45 CE FA 89 D1 91 | A3 12 DE 28 7E C6 D2 3D | a.E........(~..= |
  279358632 00:04:39.358 [D] Mac-----------: ------------------------------------------------------------------------
  279358632 00:04:39.358 [D] SubMac--------: RadioState: Transmit -> DelayBeforeRetx
  279358632 00:04:39.358 [D] SubMac--------: Delaying retx for 4160 usec (be=5)
  279361632 00:04:39.361 [I] Mle-----------: Delay Link Request (fe80:0:0:0:7c28:de12:a391:d189)
  279362792 00:04:39.362 [D] SubMac--------: RadioState: DelayBeforeRetx -> CsmaBackoff
  279363432 00:04:39.363 [D] SubMac--------: RadioState: CsmaBackoff -> Transmit
  279366744 00:04:39.366 [I] Mac-----------: Frame tx attempt 12/16 failed, error:NoAck, len:80, seqnum:69, type:Data, src:bee088b8373dd2c6, dst:7e28de12a391d189
  279366744 00:04:39.366 [D] Mac-----------: ============================[TX ERR len=016]============================
  279366744 00:04:39.366 [D] Mac-----------: | 61 DC 45 CE FA 89 D1 91 | A3 12 DE 28 7E C6 D2 3D | a.E........(~..= |
  279366744 00:04:39.366 [D] Mac-----------: ------------------------------------------------------------------------
  279366744 00:04:39.366 [D] SubMac--------: RadioState: Transmit -> DelayBeforeRetx
  279366744 00:04:39.366 [D] SubMac--------: Delaying retx for 4480 usec (be=5)
  279371224 00:04:39.371 [D] SubMac--------: RadioState: DelayBeforeRetx -> CsmaBackoff
  279372184 00:04:39.372 [D] SubMac--------: RadioState: CsmaBackoff -> Transmit
  279375496 00:04:39.375 [I] Mac-----------: Frame tx attempt 13/16 failed, error:NoAck, len:80, seqnum:69, type:Data, src:bee088b8373dd2c6, dst:7e28de12a391d189
  279375496 00:04:39.375 [D] Mac-----------: ============================[TX ERR len=016]============================
  279375496 00:04:39.375 [D] Mac-----------: | 61 DC 45 CE FA 89 D1 91 | A3 12 DE 28 7E C6 D2 3D | a.E........(~..= |
  279375496 00:04:39.375 [D] Mac-----------: ------------------------------------------------------------------------
  279375496 00:04:39.375 [D] SubMac--------: RadioState: Transmit -> DelayBeforeRetx
  279375496 00:04:39.375 [D] SubMac--------: Delaying retx for 8960 usec (be=5)
  279384456 00:04:39.384 [D] SubMac--------: RadioState: DelayBeforeRetx -> CsmaBackoff
  279386696 00:04:39.386 [D] SubMac--------: RadioState: CsmaBackoff -> Transmit
  279390008 00:04:39.390 [I] Mac-----------: Frame tx attempt 14/16 failed, error:NoAck, len:80, seqnum:69, type:Data, src:bee088b8373dd2c6, dst:7e28de12a391d189
  279390008 00:04:39.390 [D] Mac-----------: ============================[TX ERR len=016]============================
  279390008 00:04:39.390 [D] Mac-----------: | 61 DC 45 CE FA 89 D1 91 | A3 12 DE 28 7E C6 D2 3D | a.E........(~..= |
  279390008 00:04:39.390 [D] Mac-----------: ------------------------------------------------------------------------
  279390008 00:04:39.390 [D] SubMac--------: RadioState: Transmit -> DelayBeforeRetx
  279390008 00:04:39.390 [D] SubMac--------: Delaying retx for 9600 usec (be=5)
  279399608 00:04:39.399 [D] SubMac--------: RadioState: DelayBeforeRetx -> CsmaBackoff
  279401848 00:04:39.401 [D] SubMac--------: RadioState: CsmaBackoff -> Transmit
  279405160 00:04:39.405 [I] Mac-----------: Frame tx attempt 15/16 failed, error:NoAck, len:80, seqnum:69, type:Data, src:bee088b8373dd2c6, dst:7e28de12a391d189
  279405160 00:04:39.405 [D] Mac-----------: ============================[TX ERR len=016]============================
  279405160 00:04:39.405 [D] Mac-----------: | 61 DC 45 CE FA 89 D1 91 | A3 12 DE 28 7E C6 D2 3D | a.E........(~..= |
  279405160 00:04:39.405 [D] Mac-----------: ------------------------------------------------------------------------
  279405160 00:04:39.405 [D] SubMac--------: RadioState: Transmit -> DelayBeforeRetx
  279405160 00:04:39.405 [D] SubMac--------: Delaying retx for 6720 usec (be=5)
  279411880 00:04:39.411 [D] SubMac--------: RadioState: DelayBeforeRetx -> CsmaBackoff
  279412840 00:04:39.412 [D] SubMac--------: RadioState: CsmaBackoff -> Transmit
  279416152 00:04:39.416 [I] Mac-----------: Frame tx attempt 16/16 failed, error:NoAck, len:80, seqnum:69, type:Data, src:bee088b8373dd2c6, dst:7e28de12a391d189
  279416152 00:04:39.416 [D] Mac-----------: ============================[TX ERR len=016]============================
  279416152 00:04:39.416 [D] Mac-----------: | 61 DC 45 CE FA 89 D1 91 | A3 12 DE 28 7E C6 D2 3D | a.E........(~..= |
  279416152 00:04:39.416 [D] Mac-----------: ------------------------------------------------------------------------
  279416152 00:04:39.416 [D] SubMac--------: RadioState: Transmit -> Receive
  279416152 00:04:39.416 [D] Mac-----------: ==============================[TX len=080]==============================
  279416152 00:04:39.416 [D] Mac-----------: | 61 DC 45 CE FA 89 D1 91 | A3 12 DE 28 7E C6 D2 3D | a.E........(~..= |
  279416152 00:04:39.416 [D] Mac-----------: | 37 B8 88 E0 BE 7F 33 F0 | 4D 4C 4D 4C 3A CC 00 15 | 7.....3.MLML:... |
  279416152 00:04:39.416 [D] Mac-----------: | 27 00 00 00 00 00 00 00 | 01 8A CB DC 80 74 04 26 | '............t.& |
  279416152 00:04:39.416 [D] Mac-----------: | 00 28 E4 43 7F EE A8 B9 | 6C 7D 97 12 81 2B 85 2D | .(.C....l}...+.- |
  279416152 00:04:39.416 [D] Mac-----------: | 58 9E 33 76 7D 2F 13 44 | 3D 0F C2 BA 61 BE 9C E9 | X.3v}/.D=...a... |
  279416152 00:04:39.416 [D] Mac-----------: ------------------------------------------------------------------------
  279416152 00:04:39.416 [D] Mac-----------: Finishing operation "TransmitDataDirect"
  279416152 00:04:39.416 [N] MeshForwarder-: Failed to send IPv6 UDP msg, len:96, chksum:3acc, ecn:no, to:7e28de12a391d189, sec:no, error:NoAck, prio:net
  279416152 00:04:39.416 [N] MeshForwarder-:     src:[fe80:0:0:0:bce0:88b8:373d:d2c6]:19788
  279416152 00:04:39.416 [N] MeshForwarder-:     dst:[fe80:0:0:0:7c28:de12:a391:d189]:19788
  279416152 00:04:39.416 [D] Mac-----------: Idle mode: Radio receiving on channel 11
  280178000 00:04:40.178 [I] Mle-----------: Send Link Request (fe80:0:0:0:7c28:de12:a391:d189)
  280178000 00:04:40.178 [D] Mac-----------: Request to start operation "TransmitDataDirect"
  280178000 00:04:40.178 [D] Mac-----------: Starting operation "TransmitDataDirect"
  280178000 00:04:40.178 [D] SubMac--------: RadioState: Receive -> CsmaBackoff
  280179600 00:04:40.179 [D] SubMac--------: RadioState: CsmaBackoff -> Transmit
  280182912 00:04:40.182 [I] Mac-----------: Frame tx attempt 1/16 failed, error:NoAck, len:80, seqnum:70, type:Data, src:bee088b8373dd2c6, dst:7e28de12a391d189,
  280182912 00:04:40.182 [D] Mac-----------: ============================[TX ERR len=016]============================
  280182912 00:04:40.182 [D] Mac-----------: | 61 DC 46 CE FA 89 D1 91 | A3 12 DE 28 7E C6 D2 3D | a.F........(~..= |
  280182912 00:04:40.182 [D] Mac-----------: ------------------------------------------------------------------------
  280182912 00:04:40.182 [D] SubMac--------: RadioState: Transmit -> DelayBeforeRetx
  280182912 00:04:40.182 [D] SubMac--------: Delaying retx for 0 usec (be=0)
  280182912 00:04:40.182 [D] SubMac--------: RadioState: DelayBeforeRetx -> CsmaBackoff
  280185152 00:04:40.185 [D] SubMac--------: RadioState: CsmaBackoff -> Transmit
  280188464 00:04:40.188 [I] Mac-----------: Frame tx attempt 2/16 failed, error:NoAck, len:80, seqnum:70, type:Data, src:bee088b8373dd2c6, dst:7e28de12a391d189,
  280188464 00:04:40.188 [D] Mac-----------: ============================[TX ERR len=016]============================
  280188464 00:04:40.188 [D] Mac-----------: | 61 DC 46 CE FA 89 D1 91 | A3 12 DE 28 7E C6 D2 3D | a.F........(~..= |
  280188464 00:04:40.188 [D] Mac-----------: ------------------------------------------------------------------------
  280188464 00:04:40.188 [D] SubMac--------: RadioState: Transmit -> DelayBeforeRetx
  280188464 00:04:40.188 [D] SubMac--------: Delaying retx for 0 usec (be=1)
  280188464 00:04:40.188 [D] SubMac--------: RadioState: DelayBeforeRetx -> CsmaBackoff
  280188464 00:04:40.188 [D] SubMac--------: RadioState: CsmaBackoff -> Transmit
  280191776 00:04:40.191 [I] Mac-----------: Frame tx attempt 3/16 failed, error:NoAck, len:80, seqnum:70, type:Data, src:bee088b8373dd2c6, dst:7e28de12a391d189,
  280191776 00:04:40.191 [D] Mac-----------: ============================[TX ERR len=016]============================
  280191776 00:04:40.191 [D] Mac-----------: | 61 DC 46 CE FA 89 D1 91 | A3 12 DE 28 7E C6 D2 3D | a.F........(~..= |
  280191776 00:04:40.191 [D] Mac-----------: ------------------------------------------------------------------------
  280191776 00:04:40.191 [D] SubMac--------: RadioState: Transmit -> DelayBeforeRetx
  280191776 00:04:40.191 [D] SubMac--------: Delaying retx for 0 usec (be=2)
  280191776 00:04:40.191 [D] SubMac--------: RadioState: DelayBeforeRetx -> CsmaBackoff
  280193376 00:04:40.193 [D] SubMac--------: RadioState: CsmaBackoff -> Transmit
  280196688 00:04:40.196 [I] Mac-----------: Frame tx attempt 4/16 failed, error:NoAck, len:80, seqnum:70, type:Data, src:bee088b8373dd2c6, dst:7e28de12a391d189,
  280196688 00:04:40.196 [D] Mac-----------: ============================[TX ERR len=016]============================
  280196688 00:04:40.196 [D] Mac-----------: | 61 DC 46 CE FA 89 D1 91 | A3 12 DE 28 7E C6 D2 3D | a.F........(~..= |
  280196688 00:04:40.196 [D] Mac-----------: ------------------------------------------------------------------------
  280196688 00:04:40.196 [D] SubMac--------: RadioState: Transmit -> DelayBeforeRetx
  280196688 00:04:40.196 [D] SubMac--------: Delaying retx for 1920 usec (be=3)
  280198608 00:04:40.198 [D] SubMac--------: RadioState: DelayBeforeRetx -> CsmaBackoff
  280199568 00:04:40.199 [D] SubMac--------: RadioState: CsmaBackoff -> Transmit
  280202880 00:04:40.202 [I] Mac-----------: Frame tx attempt 5/16 failed, error:NoAck, len:80, seqnum:70, type:Data, src:bee088b8373dd2c6, dst:7e28de12a391d189,
  280202880 00:04:40.202 [D] Mac-----------: ============================[TX ERR len=016]============================
  280202880 00:04:40.202 [D] Mac-----------: | 61 DC 46 CE FA 89 D1 91 | A3 12 DE 28 7E C6 D2 3D | a.F........(~..= |
  280202880 00:04:40.202 [D] Mac-----------: ------------------------------------------------------------------------
  280202880 00:04:40.202 [D] SubMac--------: RadioState: Transmit -> DelayBeforeRetx
  280202880 00:04:40.202 [D] SubMac--------: Delaying retx for 3840 usec (be=4)
  280206720 00:04:40.206 [D] SubMac--------: RadioState: DelayBeforeRetx -> CsmaBackoff
  280208000 00:04:40.208 [D] SubMac--------: RadioState: CsmaBackoff -> Transmit
  280211312 00:04:40.211 [I] Mac-----------: Frame tx attempt 6/16 failed, error:NoAck, len:80, seqnum:70, type:Data, src:bee088b8373dd2c6, dst:7e28de12a391d189,
  280211312 00:04:40.211 [D] Mac-----------: ============================[TX ERR len=016]============================
  280211312 00:04:40.211 [D] Mac-----------: | 61 DC 46 CE FA 89 D1 91 | A3 12 DE 28 7E C6 D2 3D | a.F........(~..= |
  280211312 00:04:40.211 [D] Mac-----------: ------------------------------------------------------------------------
  280211312 00:04:40.211 [D] SubMac--------: RadioState: Transmit -> DelayBeforeRetx
  280211312 00:04:40.211 [D] SubMac--------: Delaying retx for 9280 usec (be=5)
  280220592 00:04:40.220 [D] SubMac--------: RadioState: DelayBeforeRetx -> CsmaBackoff
  280220912 00:04:40.220 [D] SubMac--------: RadioState: CsmaBackoff -> Transmit
  280224224 00:04:40.224 [I] Mac-----------: Frame tx attempt 7/16 failed, error:NoAck, len:80, seqnum:70, type:Data, src:bee088b8373dd2c6, dst:7e28de12a391d189,
  280224224 00:04:40.224 [D] Mac-----------: ============================[TX ERR len=016]============================
  280224224 00:04:40.224 [D] Mac-----------: | 61 DC 46 CE FA 89 D1 91 | A3 12 DE 28 7E C6 D2 3D | a.F........(~..= |
  280224224 00:04:40.224 [D] Mac-----------: ------------------------------------------------------------------------
  280224224 00:04:40.224 [D] SubMac--------: RadioState: Transmit -> DelayBeforeRetx
  280224224 00:04:40.224 [D] SubMac--------: Delaying retx for 8320 usec (be=5)
  280232544 00:04:40.232 [D] SubMac--------: RadioState: DelayBeforeRetx -> CsmaBackoff
  280233824 00:04:40.233 [D] SubMac--------: RadioState: CsmaBackoff -> Transmit
  280237136 00:04:40.237 [I] Mac-----------: Frame tx attempt 8/16 failed, error:NoAck, len:80, seqnum:70, type:Data, src:bee088b8373dd2c6, dst:7e28de12a391d189,
  280237136 00:04:40.237 [D] Mac-----------: ============================[TX ERR len=016]============================
  280237136 00:04:40.237 [D] Mac-----------: | 61 DC 46 CE FA 89 D1 91 | A3 12 DE 28 7E C6 D2 3D | a.F........(~..= |
  280237136 00:04:40.237 [D] Mac-----------: ------------------------------------------------------------------------
  280237136 00:04:40.237 [D] SubMac--------: RadioState: Transmit -> DelayBeforeRetx
  280237136 00:04:40.237 [D] SubMac--------: Delaying retx for 3840 usec (be=5)
  280240976 00:04:40.240 [D] SubMac--------: RadioState: DelayBeforeRetx -> CsmaBackoff
  280242576 00:04:40.242 [D] SubMac--------: RadioState: CsmaBackoff -> Transmit
  280245888 00:04:40.245 [I] Mac-----------: Frame tx attempt 9/16 failed, error:NoAck, len:80, seqnum:70, type:Data, src:bee088b8373dd2c6, dst:7e28de12a391d189,
  280245888 00:04:40.245 [D] Mac-----------: ============================[TX ERR len=016]============================
  280245888 00:04:40.245 [D] Mac-----------: | 61 DC 46 CE FA 89 D1 91 | A3 12 DE 28 7E C6 D2 3D | a.F........(~..= |
  280245888 00:04:40.245 [D] Mac-----------: ------------------------------------------------------------------------
  280245888 00:04:40.245 [D] SubMac--------: RadioState: Transmit -> DelayBeforeRetx
  280245888 00:04:40.245 [D] SubMac--------: Delaying retx for 8000 usec (be=5)
  280253888 00:04:40.253 [D] SubMac--------: RadioState: DelayBeforeRetx -> CsmaBackoff
  280254208 00:04:40.254 [D] SubMac--------: RadioState: CsmaBackoff -> Transmit
  280257520 00:04:40.257 [I] Mac-----------: Frame tx attempt 10/16 failed, error:NoAck, len:80, seqnum:70, type:Data, src:bee088b8373dd2c6, dst:7e28de12a391d189
  280257520 00:04:40.257 [D] Mac-----------: ============================[TX ERR len=016]============================
  280257520 00:04:40.257 [D] Mac-----------: | 61 DC 46 CE FA 89 D1 91 | A3 12 DE 28 7E C6 D2 3D | a.F........(~..= |
  280257520 00:04:40.257 [D] Mac-----------: ------------------------------------------------------------------------
  280257520 00:04:40.257 [D] SubMac--------: RadioState: Transmit -> DelayBeforeRetx
  280257520 00:04:40.257 [D] SubMac--------: Delaying retx for 1920 usec (be=5)
  280259440 00:04:40.259 [D] SubMac--------: RadioState: DelayBeforeRetx -> CsmaBackoff
  280261040 00:04:40.261 [D] SubMac--------: RadioState: CsmaBackoff -> Transmit
  280264352 00:04:40.264 [I] Mac-----------: Frame tx attempt 11/16 failed, error:NoAck, len:80, seqnum:70, type:Data, src:bee088b8373dd2c6, dst:7e28de12a391d189
  280264352 00:04:40.264 [D] Mac-----------: ============================[TX ERR len=016]============================
  280264352 00:04:40.264 [D] Mac-----------: | 61 DC 46 CE FA 89 D1 91 | A3 12 DE 28 7E C6 D2 3D | a.F........(~..= |
  280264352 00:04:40.264 [D] Mac-----------: ------------------------------------------------------------------------
  280264352 00:04:40.264 [D] SubMac--------: RadioState: Transmit -> DelayBeforeRetx
  280264352 00:04:40.264 [D] SubMac--------: Delaying retx for 640 usec (be=5)
  280264992 00:04:40.264 [D] SubMac--------: RadioState: DelayBeforeRetx -> CsmaBackoff
  280267232 00:04:40.267 [D] SubMac--------: RadioState: CsmaBackoff -> Transmit
  280270544 00:04:40.270 [I] Mac-----------: Frame tx attempt 12/16 failed, error:NoAck, len:80, seqnum:70, type:Data, src:bee088b8373dd2c6, dst:7e28de12a391d189
  280270544 00:04:40.270 [D] Mac-----------: ============================[TX ERR len=016]============================
  280270544 00:04:40.270 [D] Mac-----------: | 61 DC 46 CE FA 89 D1 91 | A3 12 DE 28 7E C6 D2 3D | a.F........(~..= |
  280270544 00:04:40.270 [D] Mac-----------: ------------------------------------------------------------------------
  280270544 00:04:40.270 [D] SubMac--------: RadioState: Transmit -> DelayBeforeRetx
  280270544 00:04:40.270 [D] SubMac--------: Delaying retx for 2240 usec (be=5)
  280272784 00:04:40.272 [D] SubMac--------: RadioState: DelayBeforeRetx -> CsmaBackoff
  280273424 00:04:40.273 [D] SubMac--------: RadioState: CsmaBackoff -> Transmit
  280276736 00:04:40.276 [I] Mac-----------: Frame tx attempt 13/16 failed, error:NoAck, len:80, seqnum:70, type:Data, src:bee088b8373dd2c6, dst:7e28de12a391d189
  280276736 00:04:40.276 [D] Mac-----------: ============================[TX ERR len=016]============================
  280276736 00:04:40.276 [D] Mac-----------: | 61 DC 46 CE FA 89 D1 91 | A3 12 DE 28 7E C6 D2 3D | a.F........(~..= |
  280276736 00:04:40.276 [D] Mac-----------: ------------------------------------------------------------------------
  280276736 00:04:40.276 [D] SubMac--------: RadioState: Transmit -> DelayBeforeRetx
  280276736 00:04:40.276 [D] SubMac--------: Delaying retx for 4480 usec (be=5)
  280281216 00:04:40.281 [D] SubMac--------: RadioState: DelayBeforeRetx -> CsmaBackoff
  280283136 00:04:40.283 [D] SubMac--------: RadioState: CsmaBackoff -> Transmit
  280286448 00:04:40.286 [I] Mac-----------: Frame tx attempt 14/16 failed, error:NoAck, len:80, seqnum:70, type:Data, src:bee088b8373dd2c6, dst:7e28de12a391d189
  280286448 00:04:40.286 [D] Mac-----------: ============================[TX ERR len=016]============================
  280286448 00:04:40.286 [D] Mac-----------: | 61 DC 46 CE FA 89 D1 91 | A3 12 DE 28 7E C6 D2 3D | a.F........(~..= |
  280286448 00:04:40.286 [D] Mac-----------: ------------------------------------------------------------------------
  280286448 00:04:40.286 [D] SubMac--------: RadioState: Transmit -> DelayBeforeRetx
  280286448 00:04:40.286 [D] SubMac--------: Delaying retx for 640 usec (be=5)
  280287088 00:04:40.287 [D] SubMac--------: RadioState: DelayBeforeRetx -> CsmaBackoff
  280287088 00:04:40.287 [D] SubMac--------: RadioState: CsmaBackoff -> Transmit
  280290400 00:04:40.290 [I] Mac-----------: Frame tx attempt 15/16 failed, error:NoAck, len:80, seqnum:70, type:Data, src:bee088b8373dd2c6, dst:7e28de12a391d189
  280290400 00:04:40.290 [D] Mac-----------: ============================[TX ERR len=016]============================
  280290400 00:04:40.290 [D] Mac-----------: | 61 DC 46 CE FA 89 D1 91 | A3 12 DE 28 7E C6 D2 3D | a.F........(~..= |
  280290400 00:04:40.290 [D] Mac-----------: ------------------------------------------------------------------------
  280290400 00:04:40.290 [D] SubMac--------: RadioState: Transmit -> DelayBeforeRetx
  280290400 00:04:40.290 [D] SubMac--------: Delaying retx for 3200 usec (be=5)
  280293600 00:04:40.293 [D] SubMac--------: RadioState: DelayBeforeRetx -> CsmaBackoff
  280294240 00:04:40.294 [D] SubMac--------: RadioState: CsmaBackoff -> Transmit
  280297552 00:04:40.297 [I] Mac-----------: Frame tx attempt 16/16 failed, error:NoAck, len:80, seqnum:70, type:Data, src:bee088b8373dd2c6, dst:7e28de12a391d189
  280297552 00:04:40.297 [D] Mac-----------: ============================[TX ERR len=016]============================
  280297552 00:04:40.297 [D] Mac-----------: | 61 DC 46 CE FA 89 D1 91 | A3 12 DE 28 7E C6 D2 3D | a.F........(~..= |
  280297552 00:04:40.297 [D] Mac-----------: ------------------------------------------------------------------------
  280297552 00:04:40.297 [D] SubMac--------: RadioState: Transmit -> Receive
  280297552 00:04:40.297 [D] Mac-----------: ==============================[TX len=080]==============================
  280297552 00:04:40.297 [D] Mac-----------: | 61 DC 46 CE FA 89 D1 91 | A3 12 DE 28 7E C6 D2 3D | a.F........(~..= |
  280297552 00:04:40.297 [D] Mac-----------: | 37 B8 88 E0 BE 7F 33 F0 | 4D 4C 4D 4C 41 B6 00 15 | 7.....3.MLMLA... |
  280297552 00:04:40.297 [D] Mac-----------: | 28 00 00 00 00 00 00 00 | 01 03 7D D7 78 72 41 6E | (.........}.xrAn |
  280297552 00:04:40.297 [D] Mac-----------: | 9F B4 60 CE AA 99 0D 6F | 93 81 02 3A A6 00 8C 2F | ..`....o...:.../ |
  280297552 00:04:40.297 [D] Mac-----------: | 2F 63 43 DF 14 09 DE 32 | 80 E6 A2 9F 9C ED 82 96 | /cC....2........ |
  280297552 00:04:40.297 [D] Mac-----------: ------------------------------------------------------------------------
  280297552 00:04:40.297 [D] Mac-----------: Finishing operation "TransmitDataDirect"
  280297552 00:04:40.297 [N] MeshForwarder-: Failed to send IPv6 UDP msg, len:96, chksum:41b6, ecn:no, to:7e28de12a391d189, sec:no, error:NoAck, prio:net
  280297552 00:04:40.297 [N] MeshForwarder-:     src:[fe80:0:0:0:bce0:88b8:373d:d2c6]:19788
  280297552 00:04:40.297 [N] MeshForwarder-:     dst:[fe80:0:0:0:7c28:de12:a391:d189]:19788
  280297552 00:04:40.297 [D] Mac-----------: Idle mode: Radio receiving on channel 11
  282371000 00:04:42.371 [I] Mle-----------: Router 0x4800 - Link Accept timeout expired
  282371000 00:04:42.371 [I] RouterTable---: Route table
  282371000 00:04:42.371 [I] RouterTable---:     62 0xf800 - me - leader
  282371000 00:04:42.371 [I] RouterTable---:     18 0x4800
  283287000 00:04:43.287 [I] Mle-----------: Send Advertisement (ff02:0:0:0:0:0:0:1)
  283287000 00:04:43.287 [D] Mac-----------: Request to start operation "TransmitDataDirect"
  283287000 00:04:43.287 [D] Mac-----------: Starting operation "TransmitDataDirect"
  283287000 00:04:43.287 [D] SubMac--------: RadioState: Receive -> CsmaBackoff
  283288600 00:04:43.288 [D] SubMac--------: RadioState: CsmaBackoff -> Transmit
  283291200 00:04:43.291 [D] SubMac--------: RadioState: Transmit -> Receive
  283291200 00:04:43.291 [D] Mac-----------: ==============================[TX len=070]==============================
  283291200 00:04:43.291 [D] Mac-----------: | 41 D8 47 CE FA FF FF C6 | D2 3D 37 B8 88 E0 BE 7F | A.G......=7..... |
  283291200 00:04:43.291 [D] Mac-----------: | 3B 01 F0 4D 4C 4D 4C 31 | 8E 00 15 29 00 00 00 00 | ;..MLML1...).... |
  283291200 00:04:43.291 [D] Mac-----------: | 00 00 00 01 42 CC 63 9C | E6 A2 42 C9 C9 89 DA 45 | ....B.c...B....E |
  283291200 00:04:43.291 [D] Mac-----------: | B6 7C 41 F7 60 0D E9 D0 | 30 E7 F7 6A 54 3E FC 7B | .|A.`...0..jT>.{ |
  283291200 00:04:43.291 [D] Mac-----------: | 30 31 CB 87 3C 79       |                         | 01..<y           |
  283291200 00:04:43.291 [D] Mac-----------: ------------------------------------------------------------------------
  283291200 00:04:43.291 [D] Mac-----------: Finishing operation "TransmitDataDirect"
  283291200 00:04:43.291 [I] MeshForwarder-: Sent IPv6 UDP msg, len:91, chksum:318e, ecn:no, to:0xffff, sec:no, prio:net
  283291200 00:04:43.291 [I] MeshForwarder-:     src:[fe80:0:0:0:bce0:88b8:373d:d2c6]:19788
  283291200 00:04:43.291 [I] MeshForwarder-:     dst:[ff02:0:0:0:0:0:0:1]:19788
  283291200 00:04:43.291 [D] Mac-----------: Idle mode: Radio receiving on channel 11
  284412000 00:04:44.412 [I] Mle-----------: Send Advertisement (ff02:0:0:0:0:0:0:1)
  284412000 00:04:44.412 [D] Mac-----------: Request to start operation "TransmitDataDirect"
  284412000 00:04:44.412 [D] Mac-----------: Starting operation "TransmitDataDirect"
  284412000 00:04:44.412 [D] SubMac--------: RadioState: Receive -> CsmaBackoff
  284412640 00:04:44.412 [D] SubMac--------: RadioState: CsmaBackoff -> Transmit
  284415240 00:04:44.415 [D] SubMac--------: RadioState: Transmit -> Receive
  284415240 00:04:44.415 [D] Mac-----------: ==============================[TX len=070]==============================
  284415240 00:04:44.415 [D] Mac-----------: | 41 D8 48 CE FA FF FF C6 | D2 3D 37 B8 88 E0 BE 7F | A.H......=7..... |
  284415240 00:04:44.415 [D] Mac-----------: | 3B 01 F0 4D 4C 4D 4C 19 | BD 00 15 2A 00 00 00 00 | ;..MLML....*.... |
  284415240 00:04:44.415 [D] Mac-----------: | 00 00 00 01 D9 9A 68 C3 | 00 E1 8B 0E EA D7 EC 01 | ......h......... |
  284415240 00:04:44.415 [D] Mac-----------: | BA 48 9B B1 2B D0 8E 9B | 17 A9 B1 A7 29 14 4D B3 | .H..+.......).M. |
  284415240 00:04:44.415 [D] Mac-----------: | 49 4D BC DF 26 0C       |                         | IM..&.           |
  284415240 00:04:44.415 [D] Mac-----------: ------------------------------------------------------------------------
  284415240 00:04:44.415 [D] Mac-----------: Finishing operation "TransmitDataDirect"
  284415240 00:04:44.415 [I] MeshForwarder-: Sent IPv6 UDP msg, len:91, chksum:19bd, ecn:no, to:0xffff, sec:no, prio:net
  284415240 00:04:44.415 [I] MeshForwarder-:     src:[fe80:0:0:0:bce0:88b8:373d:d2c6]:19788
  284415240 00:04:44.415 [I] MeshForwarder-:     dst:[ff02:0:0:0:0:0:0:1]:19788
  284415240 00:04:44.415 [D] Mac-----------: Idle mode: Radio receiving on channel 11
  289331000 00:04:49.331 [I] Mle-----------: Send Advertisement (ff02:0:0:0:0:0:0:1)
  289331000 00:04:49.331 [D] Mac-----------: Request to start operation "TransmitDataDirect"
  289331000 00:04:49.331 [D] Mac-----------: Starting operation "TransmitDataDirect"
  289331000 00:04:49.331 [D] SubMac--------: RadioState: Receive -> CsmaBackoff
  289331320 00:04:49.331 [D] SubMac--------: RadioState: CsmaBackoff -> Transmit
  289333920 00:04:49.333 [D] SubMac--------: RadioState: Transmit -> Receive
  289333920 00:04:49.333 [D] Mac-----------: ==============================[TX len=070]==============================
  289333920 00:04:49.333 [D] Mac-----------: | 41 D8 49 CE FA FF FF C6 | D2 3D 37 B8 88 E0 BE 7F | A.I......=7..... |
  289333920 00:04:49.333 [D] Mac-----------: | 3B 01 F0 4D 4C 4D 4C F8 | F9 00 15 2B 00 00 00 00 | ;..MLML....+.... |
  289333920 00:04:49.333 [D] Mac-----------: | 00 00 00 01 7C E6 8D 45 | 2C CF 1B 93 86 DF 34 C1 | ....|..E,.....4. |
  289333920 00:04:49.333 [D] Mac-----------: | 55 26 F3 D6 C2 B0 01 9D | 78 29 DF CF 19 E0 73 27 | U&......x)....s' |
  289333920 00:04:49.333 [D] Mac-----------: | 28 F5 95 82 C2 B3       |                         | (.....           |
  289333920 00:04:49.333 [D] Mac-----------: ------------------------------------------------------------------------
  289333920 00:04:49.333 [D] Mac-----------: Finishing operation "TransmitDataDirect"
  289333920 00:04:49.333 [I] MeshForwarder-: Sent IPv6 UDP msg, len:91, chksum:f8f9, ecn:no, to:0xffff, sec:no, prio:net
  289333920 00:04:49.333 [I] MeshForwarder-:     src:[fe80:0:0:0:bce0:88b8:373d:d2c6]:19788
  289333920 00:04:49.333 [I] MeshForwarder-:     dst:[ff02:0:0:0:0:0:0:1]:19788
  289333920 00:04:49.333 [D] Mac-----------: Idle mode: Radio receiving on channel 11
  294423000 00:04:54.423 [I] Mle-----------: Send Advertisement (ff02:0:0:0:0:0:0:1)
  294423000 00:04:54.423 [D] Mac-----------: Request to start operation "TransmitDataDirect"
  294423000 00:04:54.423 [D] Mac-----------: Starting operation "TransmitDataDirect"
  294423000 00:04:54.423 [D] SubMac--------: RadioState: Receive -> CsmaBackoff
  294425240 00:04:54.425 [D] SubMac--------: RadioState: CsmaBackoff -> Transmit
  294427840 00:04:54.427 [D] SubMac--------: RadioState: Transmit -> Receive
  294427840 00:04:54.427 [D] Mac-----------: ==============================[TX len=070]==============================
  294427840 00:04:54.427 [D] Mac-----------: | 41 D8 4A CE FA FF FF C6 | D2 3D 37 B8 88 E0 BE 7F | A.J......=7..... |
  294427840 00:04:54.427 [D] Mac-----------: | 3B 01 F0 4D 4C 4D 4C 51 | AF 00 15 2C 00 00 00 00 | ;..MLMLQ...,.... |
  294427840 00:04:54.427 [D] Mac-----------: | 00 00 00 01 5A 05 26 95 | 93 A5 33 8C 64 56 A4 B2 | ....Z.&...3.dV.. |
  294427840 00:04:54.427 [D] Mac-----------: | 25 62 4D A3 3F 6F AB A2 | 5F 80 18 BA 28 67 04 89 | %bM.?o.._...(g.. |
  294427840 00:04:54.427 [D] Mac-----------: | 08 9A AC E7 12 1E       |                         | ......           |
  294427840 00:04:54.427 [D] Mac-----------: ------------------------------------------------------------------------
  294427840 00:04:54.427 [D] Mac-----------: Finishing operation "TransmitDataDirect"
  294427840 00:04:54.427 [I] MeshForwarder-: Sent IPv6 UDP msg, len:91, chksum:51af, ecn:no, to:0xffff, sec:no, prio:net
  294427840 00:04:54.427 [I] MeshForwarder-:     src:[fe80:0:0:0:bce0:88b8:373d:d2c6]:19788
  294427840 00:04:54.427 [I] MeshForwarder-:     dst:[ff02:0:0:0:0:0:0:1]:19788
  294427840 00:04:54.427 [D] Mac-----------: Idle mode: Radio receiving on channel 11
  305748000 00:05:05.748 [I] Mle-----------: Send Advertisement (ff02:0:0:0:0:0:0:1)
  305748000 00:05:05.748 [D] Mac-----------: Request to start operation "TransmitDataDirect"
  305748000 00:05:05.748 [D] Mac-----------: Starting operation "TransmitDataDirect"
  305748000 00:05:05.748 [D] SubMac--------: RadioState: Receive -> CsmaBackoff
  305748640 00:05:05.748 [D] SubMac--------: RadioState: CsmaBackoff -> Transmit
  305751240 00:05:05.751 [D] SubMac--------: RadioState: Transmit -> Receive
  305751240 00:05:05.751 [D] Mac-----------: ==============================[TX len=070]==============================
  305751240 00:05:05.751 [D] Mac-----------: | 41 D8 4B CE FA FF FF C6 | D2 3D 37 B8 88 E0 BE 7F | A.K......=7..... |
  305751240 00:05:05.751 [D] Mac-----------: | 3B 01 F0 4D 4C 4D 4C 60 | CB 00 15 2D 00 00 00 00 | ;..MLML`...-.... |
  305751240 00:05:05.751 [D] Mac-----------: | 00 00 00 01 9C A9 E0 1E | B8 B6 02 23 46 95 57 43 | ...........#F.WC |
  305751240 00:05:05.751 [D] Mac-----------: | D6 F2 14 E4 31 7C 58 E8 | 4A E0 76 FE CA 75 3A F1 | ....1|X.J.v..u:. |
  305751240 00:05:05.751 [D] Mac-----------: | 12 64 C8 28 D1 95       |                         | .d.(..           |
  305751240 00:05:05.751 [D] Mac-----------: ------------------------------------------------------------------------
  305751240 00:05:05.751 [D] Mac-----------: Finishing operation "TransmitDataDirect"
  305751240 00:05:05.751 [I] MeshForwarder-: Sent IPv6 UDP msg, len:91, chksum:60cb, ecn:no, to:0xffff, sec:no, prio:net
  305751240 00:05:05.751 [I] MeshForwarder-:     src:[fe80:0:0:0:bce0:88b8:373d:d2c6]:19788
  305751240 00:05:05.751 [I] MeshForwarder-:     dst:[ff02:0:0:0:0:0:0:1]:19788
  305751240 00:05:05.751 [D] Mac-----------: Idle mode: Radio receiving on channel 11
  316577000 00:05:16.577 [I] Mle-----------: Send Advertisement (ff02:0:0:0:0:0:0:1)
  316577000 00:05:16.577 [D] Mac-----------: Request to start operation "TransmitDataDirect"
  316577000 00:05:16.577 [D] Mac-----------: Starting operation "TransmitDataDirect"
  316577000 00:05:16.577 [D] SubMac--------: RadioState: Receive -> CsmaBackoff
  316577000 00:05:16.577 [D] SubMac--------: RadioState: CsmaBackoff -> Transmit
  316579600 00:05:16.579 [D] SubMac--------: RadioState: Transmit -> Receive
  316579600 00:05:16.579 [D] Mac-----------: ==============================[TX len=070]==============================
  316579600 00:05:16.579 [D] Mac-----------: | 41 D8 4C CE FA FF FF C6 | D2 3D 37 B8 88 E0 BE 7F | A.L......=7..... |
  316579600 00:05:16.579 [D] Mac-----------: | 3B 01 F0 4D 4C 4D 4C BC | F8 00 15 2E 00 00 00 00 | ;..MLML......... |
  316579600 00:05:16.579 [D] Mac-----------: | 00 00 00 01 BF F6 62 D7 | B2 CC 02 33 F7 58 1A 6B | ......b....3.X.k |
  316579600 00:05:16.579 [D] Mac-----------: | 7D 07 1E 73 D8 3E 57 88 | CB 5C 83 F2 0F 02 38 B1 | }..s.>W..\....8. |
  316579600 00:05:16.579 [D] Mac-----------: | 30 82 43 D3 47 1B       |                         | 0.C.G.           |
  316579600 00:05:16.579 [D] Mac-----------: ------------------------------------------------------------------------
  316579600 00:05:16.579 [D] Mac-----------: Finishing operation "TransmitDataDirect"
  316579600 00:05:16.579 [I] MeshForwarder-: Sent IPv6 UDP msg, len:91, chksum:bcf8, ecn:no, to:0xffff, sec:no, prio:net
  316579600 00:05:16.579 [I] MeshForwarder-:     src:[fe80:0:0:0:bce0:88b8:373d:d2c6]:19788
  316579600 00:05:16.579 [I] MeshForwarder-:     dst:[ff02:0:0:0:0:0:0:1]:19788
  316579600 00:05:16.579 [D] Mac-----------: Idle mode: Radio receiving on channel 11
  330143000 00:05:30.143 [I] Mle-----------: Send Advertisement (ff02:0:0:0:0:0:0:1)
  330143000 00:05:30.143 [D] Mac-----------: Request to start operation "TransmitDataDirect"
  330143000 00:05:30.143 [D] Mac-----------: Starting operation "TransmitDataDirect"
  330143000 00:05:30.143 [D] SubMac--------: RadioState: Receive -> CsmaBackoff
  330144920 00:05:30.144 [D] SubMac--------: RadioState: CsmaBackoff -> Transmit
  330147520 00:05:30.147 [D] SubMac--------: RadioState: Transmit -> Receive
  330147520 00:05:30.147 [D] Mac-----------: ==============================[TX len=070]==============================
  330147520 00:05:30.147 [D] Mac-----------: | 41 D8 4D CE FA FF FF C6 | D2 3D 37 B8 88 E0 BE 7F | A.M......=7..... |
  330147520 00:05:30.147 [D] Mac-----------: | 3B 01 F0 4D 4C 4D 4C 09 | 96 00 15 2F 00 00 00 00 | ;..MLML..../.... |
  330147520 00:05:30.147 [D] Mac-----------: | 00 00 00 01 48 65 9E DB | 85 9B B8 76 EC 87 B3 BB | ....He.....v.... |
  330147520 00:05:30.147 [D] Mac-----------: | 82 D8 4F A5 2D E3 E6 30 | 34 60 11 CB 6B 12 9A 63 | ..O.-..04`..k..c |
  330147520 00:05:30.147 [D] Mac-----------: | 9A 5A 90 B9 BE 61       |                         | .Z...a           |
  330147520 00:05:30.147 [D] Mac-----------: ------------------------------------------------------------------------
  330147520 00:05:30.147 [D] Mac-----------: Finishing operation "TransmitDataDirect"
  330147520 00:05:30.147 [I] MeshForwarder-: Sent IPv6 UDP msg, len:91, chksum:0996, ecn:no, to:0xffff, sec:no, prio:net
  330147520 00:05:30.147 [I] MeshForwarder-:     src:[fe80:0:0:0:bce0:88b8:373d:d2c6]:19788
  330147520 00:05:30.147 [I] MeshForwarder-:     dst:[ff02:0:0:0:0:0:0:1]:19788
  330147520 00:05:30.147 [D] Mac-----------: Idle mode: Radio receiving on channel 11
  342868000 00:05:42.868 [I] Mle-----------: Send Advertisement (ff02:0:0:0:0:0:0:1)
  342868000 00:05:42.868 [D] Mac-----------: Request to start operation "TransmitDataDirect"
  342868000 00:05:42.868 [D] Mac-----------: Starting operation "TransmitDataDirect"
  342868000 00:05:42.868 [D] SubMac--------: RadioState: Receive -> CsmaBackoff
  342869920 00:05:42.869 [D] SubMac--------: RadioState: CsmaBackoff -> Transmit
  342872520 00:05:42.872 [D] SubMac--------: RadioState: Transmit -> Receive
  342872520 00:05:42.872 [D] Mac-----------: ==============================[TX len=070]==============================
  342872520 00:05:42.872 [D] Mac-----------: | 41 D8 4E CE FA FF FF C6 | D2 3D 37 B8 88 E0 BE 7F | A.N......=7..... |
  342872520 00:05:42.872 [D] Mac-----------: | 3B 01 F0 4D 4C 4D 4C F3 | 0C 00 15 30 00 00 00 00 | ;..MLML....0.... |
  342872520 00:05:42.872 [D] Mac-----------: | 00 00 00 01 99 B2 B4 44 | E9 F6 24 C9 E9 64 E2 15 | .......D..$..d.. |
  342872520 00:05:42.872 [D] Mac-----------: | 90 4E B1 C3 39 D8 0C 50 | D1 22 EE F9 6A F0 38 A1 | .N..9..P."..j.8. |
  342872520 00:05:42.872 [D] Mac-----------: | A3 FE F3 D9 CE 5C       |                         | .....\           |
  342872520 00:05:42.872 [D] Mac-----------: ------------------------------------------------------------------------
  342872520 00:05:42.872 [D] Mac-----------: Finishing operation "TransmitDataDirect"
  342872520 00:05:42.872 [I] MeshForwarder-: Sent IPv6 UDP msg, len:91, chksum:f30c, ecn:no, to:0xffff, sec:no, prio:net
  342872520 00:05:42.872 [I] MeshForwarder-:     src:[fe80:0:0:0:bce0:88b8:373d:d2c6]:19788
  342872520 00:05:42.872 [I] MeshForwarder-:     dst:[ff02:0:0:0:0:0:0:1]:19788
  342872520 00:05:42.872 [D] Mac-----------: Idle mode: Radio receiving on channel 11
  353991000 00:05:53.991 [I] Mle-----------: Send Advertisement (ff02:0:0:0:0:0:0:1)
  353991000 00:05:53.991 [D] Mac-----------: Request to start operation "TransmitDataDirect"
  353991000 00:05:53.991 [D] Mac-----------: Starting operation "TransmitDataDirect"
  353991000 00:05:53.991 [D] SubMac--------: RadioState: Receive -> CsmaBackoff
  353991960 00:05:53.991 [D] SubMac--------: RadioState: CsmaBackoff -> Transmit
  353994560 00:05:53.994 [D] SubMac--------: RadioState: Transmit -> Receive
  353994560 00:05:53.994 [D] Mac-----------: ==============================[TX len=070]==============================
  353994560 00:05:53.994 [D] Mac-----------: | 41 D8 4F CE FA FF FF C6 | D2 3D 37 B8 88 E0 BE 7F | A.O......=7..... |
  353994560 00:05:53.994 [D] Mac-----------: | 3B 01 F0 4D 4C 4D 4C 80 | 9E 00 15 31 00 00 00 00 | ;..MLML....1.... |
  353994560 00:05:53.994 [D] Mac-----------: | 00 00 00 01 B4 39 E4 29 | 9A CC 54 96 64 E7 00 B3 | .....9.)..T.d... |
  353994560 00:05:53.994 [D] Mac-----------: | 51 5F 12 9E FD 05 B0 F2 | 70 89 00 E5 35 25 37 61 | Q_......p...5%7a |
  353994560 00:05:53.994 [D] Mac-----------: | 24 8E 18 8B 18 28       |                         | $....(           |
  353994560 00:05:53.994 [D] Mac-----------: ------------------------------------------------------------------------
  353994560 00:05:53.994 [D] Mac-----------: Finishing operation "TransmitDataDirect"
  353994560 00:05:53.994 [I] MeshForwarder-: Sent IPv6 UDP msg, len:91, chksum:809e, ecn:no, to:0xffff, sec:no, prio:net
  353994560 00:05:53.994 [I] MeshForwarder-:     src:[fe80:0:0:0:bce0:88b8:373d:d2c6]:19788
  353994560 00:05:53.994 [I] MeshForwarder-:     dst:[ff02:0:0:0:0:0:0:1]:19788
  353994560 00:05:53.994 [D] Mac-----------: Idle mode: Radio receiving on channel 11
  365996000 00:06:05.996 [I] Mle-----------: Send Advertisement (ff02:0:0:0:0:0:0:1)
  365996000 00:06:05.996 [D] Mac-----------: Request to start operation "TransmitDataDirect"
  365996000 00:06:05.996 [D] Mac-----------: Starting operation "TransmitDataDirect"
  365996000 00:06:05.996 [D] SubMac--------: RadioState: Receive -> CsmaBackoff
  365996320 00:06:05.996 [D] SubMac--------: RadioState: CsmaBackoff -> Transmit
  365998920 00:06:05.998 [D] SubMac--------: RadioState: Transmit -> Receive
  365998920 00:06:05.998 [D] Mac-----------: ==============================[TX len=070]==============================
  365998920 00:06:05.998 [D] Mac-----------: | 41 D8 50 CE FA FF FF C6 | D2 3D 37 B8 88 E0 BE 7F | A.P......=7..... |
  365998920 00:06:05.998 [D] Mac-----------: | 3B 01 F0 4D 4C 4D 4C 18 | DB 00 15 32 00 00 00 00 | ;..MLML....2.... |
  365998920 00:06:05.998 [D] Mac-----------: | 00 00 00 01 53 5A BD A3 | 67 E0 D0 10 6E 37 3D 78 | ....SZ..g...n7=x |
  365998920 00:06:05.998 [D] Mac-----------: | 7C 9F 92 65 97 9E BB 20 | 2E 3A D5 A0 06 78 FD 99 | |..e... .:...x.. |
  365998920 00:06:05.998 [D] Mac-----------: | 3A 7A 45 01 91 11       |                         | :zE...           |
  365998920 00:06:05.998 [D] Mac-----------: ------------------------------------------------------------------------
  365998920 00:06:05.998 [D] Mac-----------: Finishing operation "TransmitDataDirect"
  365998920 00:06:05.998 [I] MeshForwarder-: Sent IPv6 UDP msg, len:91, chksum:18db, ecn:no, to:0xffff, sec:no, prio:net
  365998920 00:06:05.998 [I] MeshForwarder-:     src:[fe80:0:0:0:bce0:88b8:373d:d2c6]:19788
  365998920 00:06:05.998 [I] MeshForwarder-:     dst:[ff02:0:0:0:0:0:0:1]:19788
  365998920 00:06:05.998 [D] Mac-----------: Idle mode: Radio receiving on channel 11
  372384000 00:06:12.384 [I] Mle-----------: Router 0x4800 ID timeout expired (no route)
  372384000 00:06:12.384 [N] RouterTable---: Release router id 18
  372384000 00:06:12.384 [I] RouterTable---: Route table
  372384000 00:06:12.384 [I] RouterTable---:     62 0xf800 - me - leader
  373093000 00:06:13.093 [I] Mle-----------: Send Advertisement (ff02:0:0:0:0:0:0:1)
  373093000 00:06:13.093 [D] Mac-----------: Request to start operation "TransmitDataDirect"
  373093000 00:06:13.093 [D] Mac-----------: Starting operation "TransmitDataDirect"
  373093000 00:06:13.093 [D] SubMac--------: RadioState: Receive -> CsmaBackoff
  373094600 00:06:13.094 [D] SubMac--------: RadioState: CsmaBackoff -> Transmit
  373097168 00:06:13.097 [D] SubMac--------: RadioState: Transmit -> Receive
  373097168 00:06:13.097 [D] Mac-----------: ==============================[TX len=069]==============================
  373097168 00:06:13.097 [D] Mac-----------: | 41 D8 51 CE FA FF FF C6 | D2 3D 37 B8 88 E0 BE 7F | A.Q......=7..... |
  373097168 00:06:13.097 [D] Mac-----------: | 3B 01 F0 4D 4C 4D 4C 85 | E7 00 15 33 00 00 00 00 | ;..MLML....3.... |
  373097168 00:06:13.097 [D] Mac-----------: | 00 00 00 01 E4 35 6A CA | F7 F4 92 83 28 5C A8 35 | .....5j.....(\.5 |
  373097168 00:06:13.097 [D] Mac-----------: | B5 F0 3A 30 21 D4 12 0E | 23 81 86 A2 72 BD 3F 1A | ..:0!...#...r.?. |
  373097168 00:06:13.097 [D] Mac-----------: | 58 54 51 FE F6          |                         | XTQ..            |
  373097168 00:06:13.097 [D] Mac-----------: ------------------------------------------------------------------------
  373097168 00:06:13.097 [D] Mac-----------: Finishing operation "TransmitDataDirect"
  373097168 00:06:13.097 [I] MeshForwarder-: Sent IPv6 UDP msg, len:90, chksum:85e7, ecn:no, to:0xffff, sec:no, prio:net
  373097168 00:06:13.097 [I] MeshForwarder-:     src:[fe80:0:0:0:bce0:88b8:373d:d2c6]:19788
  373097168 00:06:13.097 [I] MeshForwarder-:     dst:[ff02:0:0:0:0:0:0:1]:19788
  373097168 00:06:13.097 [D] Mac-----------: Idle mode: Radio receiving on channel 11
  374439000 00:06:14.439 [I] Mle-----------: Send Advertisement (ff02:0:0:0:0:0:0:1)
  374439000 00:06:14.439 [D] Mac-----------: Request to start operation "TransmitDataDirect"
  374439000 00:06:14.439 [D] Mac-----------: Starting operation "TransmitDataDirect"
  374439000 00:06:14.439 [D] SubMac--------: RadioState: Receive -> CsmaBackoff
  374439960 00:06:14.439 [D] SubMac--------: RadioState: CsmaBackoff -> Transmit
  374442528 00:06:14.442 [D] SubMac--------: RadioState: Transmit -> Receive
  374442528 00:06:14.442 [D] Mac-----------: ==============================[TX len=069]==============================
  374442528 00:06:14.442 [D] Mac-----------: | 41 D8 52 CE FA FF FF C6 | D2 3D 37 B8 88 E0 BE 7F | A.R......=7..... |
  374442528 00:06:14.442 [D] Mac-----------: | 3B 01 F0 4D 4C 4D 4C 9A | 7E 00 15 34 00 00 00 00 | ;..MLML.~..4.... |
  374442528 00:06:14.442 [D] Mac-----------: | 00 00 00 01 E1 B6 22 A3 | B7 D2 2A E6 23 A5 0B 52 | ......"...*.#..R |
  374442528 00:06:14.442 [D] Mac-----------: | DE F5 FE 62 F2 79 EF C9 | B5 E0 22 51 93 27 14 EA | ...b.y...."Q.'.. |
  374442528 00:06:14.442 [D] Mac-----------: | 29 5D BD D2 96          |                         | )]...            |
  374442528 00:06:14.442 [D] Mac-----------: ------------------------------------------------------------------------
  374442528 00:06:14.442 [D] Mac-----------: Finishing operation "TransmitDataDirect"
  374442528 00:06:14.442 [I] MeshForwarder-: Sent IPv6 UDP msg, len:90, chksum:9a7e, ecn:no, to:0xffff, sec:no, prio:net
  374442528 00:06:14.442 [I] MeshForwarder-:     src:[fe80:0:0:0:bce0:88b8:373d:d2c6]:19788
  374442528 00:06:14.442 [I] MeshForwarder-:     dst:[ff02:0:0:0:0:0:0:1]:19788
  374442528 00:06:14.442 [D] Mac-----------: Idle mode: Radio receiving on channel 11
  378952000 00:06:18.952 [I] Mle-----------: Send Advertisement (ff02:0:0:0:0:0:0:1)
  378952000 00:06:18.952 [D] Mac-----------: Request to start operation "TransmitDataDirect"
  378952000 00:06:18.952 [D] Mac-----------: Starting operation "TransmitDataDirect"
  378952000 00:06:18.952 [D] SubMac--------: RadioState: Receive -> CsmaBackoff
  378952000 00:06:18.952 [D] SubMac--------: RadioState: CsmaBackoff -> Transmit
  378954568 00:06:18.954 [D] SubMac--------: RadioState: Transmit -> Receive
  378954568 00:06:18.954 [D] Mac-----------: ==============================[TX len=069]==============================
  378954568 00:06:18.954 [D] Mac-----------: | 41 D8 53 CE FA FF FF C6 | D2 3D 37 B8 88 E0 BE 7F | A.S......=7..... |
  378954568 00:06:18.954 [D] Mac-----------: | 3B 01 F0 4D 4C 4D 4C A4 | F8 00 15 35 00 00 00 00 | ;..MLML....5.... |
  378954568 00:06:18.954 [D] Mac-----------: | 00 00 00 01 D2 82 21 9F | 2F 9D 5D 46 8B 5B EF 29 | ......!./.]F.[.) |
  378954568 00:06:18.954 [D] Mac-----------: | 51 F7 A3 7B 18 E8 55 8E | D9 53 65 44 39 DE 2B 55 | Q..{..U..SeD9.+U |
  378954568 00:06:18.954 [D] Mac-----------: | CF FB EF 70 D1          |                         | ...p.            |
  378954568 00:06:18.954 [D] Mac-----------: ------------------------------------------------------------------------
  378954568 00:06:18.954 [D] Mac-----------: Finishing operation "TransmitDataDirect"
  378954568 00:06:18.954 [I] MeshForwarder-: Sent IPv6 UDP msg, len:90, chksum:a4f8, ecn:no, to:0xffff, sec:no, prio:net
  378954568 00:06:18.954 [I] MeshForwarder-:     src:[fe80:0:0:0:bce0:88b8:373d:d2c6]:19788
  378954568 00:06:18.954 [I] MeshForwarder-:     dst:[ff02:0:0:0:0:0:0:1]:19788
  378954568 00:06:18.954 [D] Mac-----------: Idle mode: Radio receiving on channel 11
  386188000 00:06:26.188 [I] Mle-----------: Send Advertisement (ff02:0:0:0:0:0:0:1)
  386188000 00:06:26.188 [D] Mac-----------: Request to start operation "TransmitDataDirect"
  386188000 00:06:26.188 [D] Mac-----------: Starting operation "TransmitDataDirect"
  386188000 00:06:26.188 [D] SubMac--------: RadioState: Receive -> CsmaBackoff
  386188960 00:06:26.188 [D] SubMac--------: RadioState: CsmaBackoff -> Transmit
  386191528 00:06:26.191 [D] SubMac--------: RadioState: Transmit -> Receive
  386191528 00:06:26.191 [D] Mac-----------: ==============================[TX len=069]==============================
  386191528 00:06:26.191 [D] Mac-----------: | 41 D8 54 CE FA FF FF C6 | D2 3D 37 B8 88 E0 BE 7F | A.T......=7..... |
  386191528 00:06:26.191 [D] Mac-----------: | 3B 01 F0 4D 4C 4D 4C 25 | E6 00 15 36 00 00 00 00 | ;..MLML%...6.... |
  386191528 00:06:26.191 [D] Mac-----------: | 00 00 00 01 77 66 D2 FE | D3 6B 28 7C C2 DA A2 D2 | ....wf...k(|.... |
  386191528 00:06:26.191 [D] Mac-----------: | 43 EA 03 00 B7 C0 BE 81 | D5 3C 6E 68 4C 59 79 9E | C........<nhLYy. |
  386191528 00:06:26.191 [D] Mac-----------: | 15 F6 4C 76 03          |                         | ..Lv.            |
  386191528 00:06:26.191 [D] Mac-----------: ------------------------------------------------------------------------
  386191528 00:06:26.191 [D] Mac-----------: Finishing operation "TransmitDataDirect"
  386191528 00:06:26.191 [I] MeshForwarder-: Sent IPv6 UDP msg, len:90, chksum:25e6, ecn:no, to:0xffff, sec:no, prio:net
  386191528 00:06:26.191 [I] MeshForwarder-:     src:[fe80:0:0:0:bce0:88b8:373d:d2c6]:19788
  386191528 00:06:26.191 [I] MeshForwarder-:     dst:[ff02:0:0:0:0:0:0:1]:19788
  386191528 00:06:26.191 [D] Mac-----------: Idle mode: Radio receiving on channel 11
  397721000 00:06:37.721 [I] Mle-----------: Send Advertisement (ff02:0:0:0:0:0:0:1)
  397721000 00:06:37.721 [D] Mac-----------: Request to start operation "TransmitDataDirect"
  397721000 00:06:37.721 [D] Mac-----------: Starting operation "TransmitDataDirect"
  397721000 00:06:37.721 [D] SubMac--------: RadioState: Receive -> CsmaBackoff
  397721000 00:06:37.721 [D] SubMac--------: RadioState: CsmaBackoff -> Transmit
  397723568 00:06:37.723 [D] SubMac--------: RadioState: Transmit -> Receive
  397723568 00:06:37.723 [D] Mac-----------: ==============================[TX len=069]==============================
  397723568 00:06:37.723 [D] Mac-----------: | 41 D8 55 CE FA FF FF C6 | D2 3D 37 B8 88 E0 BE 7F | A.U......=7..... |
  397723568 00:06:37.723 [D] Mac-----------: | 3B 01 F0 4D 4C 4D 4C 95 | C9 00 15 37 00 00 00 00 | ;..MLML....7.... |
  397723568 00:06:37.723 [D] Mac-----------: | 00 00 00 01 80 B2 2E 26 | 4A 37 C9 13 12 21 83 E3 | .......&J7...!.. |
  397723568 00:06:37.723 [D] Mac-----------: | 03 B6 4A E7 59 FE D6 34 | B2 09 16 4D EB 6D D7 63 | ..J.Y..4...M.m.c |
  397723568 00:06:37.723 [D] Mac-----------: | 5E 28 31 BC C2          |                         | ^(1..            |
  397723568 00:06:37.723 [D] Mac-----------: ------------------------------------------------------------------------
  397723568 00:06:37.723 [D] Mac-----------: Finishing operation "TransmitDataDirect"
  397723568 00:06:37.723 [I] MeshForwarder-: Sent IPv6 UDP msg, len:90, chksum:95c9, ecn:no, to:0xffff, sec:no, prio:net
  397723568 00:06:37.723 [I] MeshForwarder-:     src:[fe80:0:0:0:bce0:88b8:373d:d2c6]:19788
  397723568 00:06:37.723 [I] MeshForwarder-:     dst:[ff02:0:0:0:0:0:0:1]:19788
  397723568 00:06:37.723 [D] Mac-----------: Idle mode: Radio receiving on channel 11
  405937000 00:06:45.937 [I] Mle-----------: Send Advertisement (ff02:0:0:0:0:0:0:1)
  405937000 00:06:45.937 [D] Mac-----------: Request to start operation "TransmitDataDirect"
  405937000 00:06:45.937 [D] Mac-----------: Starting operation "TransmitDataDirect"
  405937000 00:06:45.937 [D] SubMac--------: RadioState: Receive -> CsmaBackoff
  405937640 00:06:45.937 [D] SubMac--------: RadioState: CsmaBackoff -> Transmit
  405940208 00:06:45.940 [D] SubMac--------: RadioState: Transmit -> Receive
  405940208 00:06:45.940 [D] Mac-----------: ==============================[TX len=069]==============================
  405940208 00:06:45.940 [D] Mac-----------: | 41 D8 56 CE FA FF FF C6 | D2 3D 37 B8 88 E0 BE 7F | A.V......=7..... |
  405940208 00:06:45.940 [D] Mac-----------: | 3B 01 F0 4D 4C 4D 4C 53 | 71 00 15 38 00 00 00 00 | ;..MLMLSq..8.... |
  405940208 00:06:45.940 [D] Mac-----------: | 00 00 00 01 42 46 86 5D | 96 A1 E6 97 90 5B B4 C9 | ....BF.].....[.. |
  405940208 00:06:45.940 [D] Mac-----------: | 5C 07 50 F2 A2 F8 B9 15 | 89 5C B6 F6 4C D7 97 F5 | \.P......\..L... |
  405940208 00:06:45.940 [D] Mac-----------: | 39 60 57 1E 71          |                         | 9`W.q            |
  405940208 00:06:45.940 [D] Mac-----------: ------------------------------------------------------------------------
  405940208 00:06:45.940 [D] Mac-----------: Finishing operation "TransmitDataDirect"
  405940208 00:06:45.940 [I] MeshForwarder-: Sent IPv6 UDP msg, len:90, chksum:5371, ecn:no, to:0xffff, sec:no, prio:net
  405940208 00:06:45.940 [I] MeshForwarder-:     src:[fe80:0:0:0:bce0:88b8:373d:d2c6]:19788
  405940208 00:06:45.940 [I] MeshForwarder-:     dst:[ff02:0:0:0:0:0:0:1]:19788
  405940208 00:06:45.940 [D] Mac-----------: Idle mode: Radio receiving on channel 11
  420277000 00:07:00.277 [I] Mle-----------: Send Advertisement (ff02:0:0:0:0:0:0:1)
  420277000 00:07:00.277 [D] Mac-----------: Request to start operation "TransmitDataDirect"
  420277000 00:07:00.277 [D] Mac-----------: Starting operation "TransmitDataDirect"
  420277000 00:07:00.277 [D] SubMac--------: RadioState: Receive -> CsmaBackoff
  420277960 00:07:00.277 [D] SubMac--------: RadioState: CsmaBackoff -> Transmit
  420280528 00:07:00.280 [D] SubMac--------: RadioState: Transmit -> Receive
  420280528 00:07:00.280 [D] Mac-----------: ==============================[TX len=069]==============================
  420280528 00:07:00.280 [D] Mac-----------: | 41 D8 57 CE FA FF FF C6 | D2 3D 37 B8 88 E0 BE 7F | A.W......=7..... |
  420280528 00:07:00.280 [D] Mac-----------: | 3B 01 F0 4D 4C 4D 4C 5E | 16 00 15 39 00 00 00 00 | ;..MLML^...9.... |
  420280528 00:07:00.280 [D] Mac-----------: | 00 00 00 01 46 19 08 F4 | 8D 98 78 66 6F 56 9D 71 | ....F.....xfoV.q |
  420280528 00:07:00.280 [D] Mac-----------: | 42 26 3A 91 9D 97 ED EF | 01 C1 ED 51 80 64 F1 1F | B&:........Q.d.. |
  420280528 00:07:00.280 [D] Mac-----------: | 54 D4 85 B9 57          |                         | T...W            |
  420280528 00:07:00.280 [D] Mac-----------: ------------------------------------------------------------------------
  420280528 00:07:00.280 [D] Mac-----------: Finishing operation "TransmitDataDirect"
  420280528 00:07:00.280 [I] MeshForwarder-: Sent IPv6 UDP msg, len:90, chksum:5e16, ecn:no, to:0xffff, sec:no, prio:net
  420280528 00:07:00.280 [I] MeshForwarder-:     src:[fe80:0:0:0:bce0:88b8:373d:d2c6]:19788
  420280528 00:07:00.280 [I] MeshForwarder-:     dst:[ff02:0:0:0:0:0:0:1]:19788
  420280528 00:07:00.280 [D] Mac-----------: Idle mode: Radio receiving on channel 11
  420346944 00:07:00.346 [D] Mac-----------: ==============================[RX len=063]==============================
  420346944 00:07:00.346 [D] Mac-----------: | 41 D8 A7 CE FA FF FF E8 | 4C 52 1F 0D BA D9 1E 7F | A.......LR...... |
  420346944 00:07:00.346 [D] Mac-----------: | 3B 02 F0 4D 4C 4D 4C E6 | BA 00 15 06 00 00 00 00 | ;..MLML......... |
  420346944 00:07:00.346 [D] Mac-----------: | 00 00 00 01 76 66 1E BB | F8 C1 E2 25 48 DE B7 08 | ....vf.....%H... |
  420346944 00:07:00.346 [D] Mac-----------: | 31 2A 54 9E F4 8F 19 14 | BF 30 60 A8 64 40 CE    | 1*T......0`.d@.  |
  420346944 00:07:00.346 [D] Mac-----------: ------------------------------------------------------------------------
  420346944 00:07:00.346 [I] MeshForwarder-: Received IPv6 UDP msg, len:84, chksum:e6ba, ecn:no, from:1ed9ba0d1f524ce8, sec:no, prio:net, rss:-15.0
  420346944 00:07:00.346 [I] MeshForwarder-:     src:[fe80:0:0:0:1cd9:ba0d:1f52:4ce8]:19788
  420346944 00:07:00.346 [I] MeshForwarder-:     dst:[ff02:0:0:0:0:0:0:2]:19788
  420346944 00:07:00.346 [D] Mle-----------: Receive MLE message
  420346944 00:07:00.346 [I] Mle-----------: Receive Parent Request (fe80:0:0:0:1cd9:ba0d:1f52:4ce8)
  420346944 00:07:00.346 [N] Mle-----------: ParentResponseDelay delay_ms=17 scan_mask=0xa0 child=1ed9ba0d1f524ce8
  420346944 00:07:00.346 [I] Mle-----------: Delay Parent Response (fe80:0:0:0:1cd9:ba0d:1f52:4ce8)
  420346944 00:07:00.346 [D] Mac-----------: Idle mode: Radio receiving on channel 11
  420363984 00:07:00.363 [I] Mle-----------: Send Parent Response (fe80:0:0:0:1cd9:ba0d:1f52:4ce8)
  420363984 00:07:00.363 [D] Mac-----------: Request to start operation "TransmitDataDirect"
  420363984 00:07:00.363 [D] Mac-----------: Starting operation "TransmitDataDirect"
  420363984 00:07:00.363 [D] SubMac--------: RadioState: Receive -> CsmaBackoff
  420364304 00:07:00.364 [D] SubMac--------: RadioState: CsmaBackoff -> Transmit
  420368824 00:07:00.368 [D] SubMac--------: RadioState: Transmit -> Receive
  420368824 00:07:00.368 [D] Mac-----------: ==============================[TX len=113]==============================
  420368824 00:07:00.368 [D] Mac-----------: | 61 DC 58 CE FA E8 4C 52 | 1F 0D BA D9 1E C6 D2 3D | a.X...LR.......= |
  420368824 00:07:00.368 [D] Mac-----------: | 37 B8 88 E0 BE 7F 33 F0 | 4D 4C 4D 4C B9 75 00 15 | 7.....3.MLML.u.. |
  420368824 00:07:00.368 [D] Mac-----------: | 3A 00 00 00 00 00 00 00 | 01 53 A0 17 58 F6 F7 3E | :........S..X..> |
  420368824 00:07:00.368 [D] Mac-----------: | C6 E0 AF 6F E4 4D 41 09 | 42 FD 49 FF 6D 35 7B 6B | ...o.MA.B.I.m5{k |
  420368824 00:07:00.368 [D] Mac-----------: | 59 D3 2C 50 E8 B5 14 80 | 4F 52 67 48 70 18 66 74 | Y.,P....ORgHp.ft |
  420368824 00:07:00.368 [D] Mac-----------: | 38 09 29 3B D6 B4 E1 29 | 80 61 55 50 08 32 E1 40 | 8.);...).aUP.2.@ |
  420368824 00:07:00.368 [D] Mac-----------: | 79 87 A5 FD 6A 82 3A 59 | 1D 8F D6 79 BA 40 83 08 | y...j.:Y...y.@.. |
  420368824 00:07:00.368 [D] Mac-----------: | 9D                      |                         | .                |
  420368824 00:07:00.368 [D] Mac-----------: ------------------------------------------------------------------------
  420368824 00:07:00.368 [D] Mac-----------: Finishing operation "TransmitDataDirect"
  420368824 00:07:00.368 [I] MeshForwarder-: Sent IPv6 UDP msg, len:129, chksum:b975, ecn:no, to:1ed9ba0d1f524ce8, sec:no, prio:net
  420368824 00:07:00.368 [I] MeshForwarder-:     src:[fe80:0:0:0:bce0:88b8:373d:d2c6]:19788
  420368824 00:07:00.368 [I] MeshForwarder-:     dst:[fe80:0:0:0:1cd9:ba0d:1f52:4ce8]:19788
  420368824 00:07:00.368 [D] Mac-----------: Idle mode: Radio receiving on channel 11
  420374016 00:07:00.374 [D] Mac-----------: ==============================[RX len=108]==============================
  420374016 00:07:00.374 [D] Mac-----------: | 61 DC A8 CE FA C6 D2 3D | 37 B8 88 E0 BE E8 4C 52 | a......=7.....LR |
  420374016 00:07:00.374 [D] Mac-----------: | 1F 0D BA D9 1E 7F 33 F0 | 4D 4C 4D 4C AC A4 00 15 | ......3.MLML.... |
  420374016 00:07:00.374 [D] Mac-----------: | 07 00 00 00 00 00 00 00 | 01 E9 02 5B B1 2C FA C7 | ...........[.,.. |
  420374016 00:07:00.374 [D] Mac-----------: | 48 64 B9 85 92 E7 5F 7C | 18 E6 C4 E3 A8 DD 7E 0C | Hd...._|......~. |
  420374016 00:07:00.374 [D] Mac-----------: | E7 4A 4D BE E7 B8 B5 D1 | 71 E0 74 38 26 0B D4 3E | .JM.....q.t8&..> |
  420374016 00:07:00.374 [D] Mac-----------: | 3E 62 8C C1 1B 41 54 D6 | 93 1D BE 1F C9 01 78 37 | >b...AT.......x7 |
  420374016 00:07:00.374 [D] Mac-----------: | 23 14 DD EA A7 56 69 CD | E5 2D 14 AE             | #....Vi..-..     |
  420374016 00:07:00.374 [D] Mac-----------: ------------------------------------------------------------------------
  420374016 00:07:00.374 [I] MeshForwarder-: Received IPv6 UDP msg, len:124, chksum:aca4, ecn:no, from:1ed9ba0d1f524ce8, sec:no, prio:net, rss:-15.0
  420374016 00:07:00.374 [I] MeshForwarder-:     src:[fe80:0:0:0:1cd9:ba0d:1f52:4ce8]:19788
  420374016 00:07:00.374 [I] MeshForwarder-:     dst:[fe80:0:0:0:bce0:88b8:373d:d2c6]:19788
  420374016 00:07:00.374 [D] Mle-----------: Receive MLE message
  420374016 00:07:00.374 [I] Mle-----------: Receive Child ID Request (fe80:0:0:0:1cd9:ba0d:1f52:4ce8)
  420374016 00:07:00.374 [I] Mle-----------: Child 0x0000 IPv6 address[1]=fdde:ad00:beef:0:a78d:5151:c82:fb55
  420374016 00:07:00.374 [D] MlrManager----: -------- Multicast Addresses --------
  420374016 00:07:00.374 [I] Mle-----------: Child 0x0000 has 1 registered IPv6 address, 1 address stored
  420374016 00:07:00.374 [I] Settings------: Added ChildInfo {rloc:0xf802, extaddr:1ed9ba0d1f524ce8, timeout:240, mode:0x0d, version:5}
  420374016 00:07:00.374 [D] MlrManager----: -------- Multicast Addresses --------
  420374016 00:07:00.374 [I] Mle-----------: Send Child ID Response (fe80:0:0:0:1cd9:ba0d:1f52:4ce8,0xf802)
  420374016 00:07:00.374 [D] Mac-----------: Idle mode: Radio receiving on channel 11
  420374016 00:07:00.374 [I] Notifier------: StateChanged (0x00000400) [Child+]
  420374016 00:07:00.374 [I] ChildSupervsn-: Starting Child Supervision
  420374016 00:07:00.374 [D] Mac-----------: Request to start operation "TransmitDataDirect"
  420374016 00:07:00.374 [D] Mac-----------: Starting operation "TransmitDataDirect"
  420374016 00:07:00.374 [D] SubMac--------: RadioState: Receive -> CsmaBackoff
  420374656 00:07:00.374 [D] SubMac--------: RadioState: CsmaBackoff -> Transmit
  420378312 00:07:00.378 [D] SubMac--------: RadioState: Transmit -> Receive
  420378312 00:07:00.378 [D] Mac-----------: ==============================[TX len=086]==============================
  420378312 00:07:00.378 [D] Mac-----------: | 61 DC 59 CE FA E8 4C 52 | 1F 0D BA D9 1E C6 D2 3D | a.Y...LR.......= |
  420378312 00:07:00.378 [D] Mac-----------: | 37 B8 88 E0 BE 7F 33 F0 | 4D 4C 4D 4C E5 1B 00 15 | 7.....3.MLML.... |
  420378312 00:07:00.378 [D] Mac-----------: | 3B 00 00 00 00 00 00 00 | 01 33 79 2C 3B B0 83 71 | ;........3y,;..q |
  420378312 00:07:00.378 [D] Mac-----------: | 68 B9 58 88 FE 18 5F 08 | 6E 05 37 01 CA 3E D6 F4 | h.X..._.n.7..>.. |
  420378312 00:07:00.378 [D] Mac-----------: | 6F D1 DC 87 32 A3 82 28 | 1A A4 91 69 9B 25 49 E3 | o...2..(...i.%I. |
  420378312 00:07:00.378 [D] Mac-----------: | 96 CD ED C0 97 CA       |                         | ......           |
  420378312 00:07:00.378 [D] Mac-----------: ------------------------------------------------------------------------
  420378312 00:07:00.378 [D] Mac-----------: Finishing operation "TransmitDataDirect"
  420378312 00:07:00.378 [I] MeshForwarder-: Sent IPv6 UDP msg, len:102, chksum:e51b, ecn:no, to:1ed9ba0d1f524ce8, sec:no, prio:net
  420378312 00:07:00.378 [I] MeshForwarder-:     src:[fe80:0:0:0:bce0:88b8:373d:d2c6]:19788
  420378312 00:07:00.378 [I] MeshForwarder-:     dst:[fe80:0:0:0:1cd9:ba0d:1f52:4ce8]:19788
  420378312 00:07:00.378 [D] Mac-----------: Idle mode: Radio receiving on channel 11
  420381456 00:07:00.381 [D] Mac-----------: Received frame from short address 0xf802
  420381456 00:07:00.381 [D] Mac-----------: Rx security - frame counter 0
  420381456 00:07:00.381 [D] Mac-----------: ==============================[RX len=034]==============================
  420381456 00:07:00.381 [D] Mac-----------: | 69 98 A9 CE FA 00 F8 02 | F8 0D 00 00 00 00 01 7A | i..............z |
  420381456 00:07:00.381 [D] Mac-----------: | 56 3B A7 8D 51 51 0C 82 | FB 55 48 00 B1 B3 CC 46 | V;..QQ...UH....F |
  420381456 00:07:00.381 [D] Mac-----------: | B0 BE                   |                         | ..               |
  420381456 00:07:00.381 [D] Mac-----------: ------------------------------------------------------------------------
  420381456 00:07:00.381 [I] MeshForwarder-: Received IPv6 None msg, len:40, chksum:0000, ecn:no, from:0xf802, sec:yes, prio:normal, rss:-15.0
  420381456 00:07:00.381 [I] MeshForwarder-:     src:[fdde:ad00:beef:0:a78d:5151:c82:fb55]
  420381456 00:07:00.381 [I] MeshForwarder-:     dst:[fdde:ad00:beef:0:0:ff:fe00:4800]
  420381456 00:07:00.381 [D] Mac-----------: Idle mode: Radio receiving on channel 11
  420381456 00:07:00.381 [I] MeshForwarder-: Dropping IPv6 None msg, len:40, chksum:0000, ecn:no, sec:yes, error:NoRoute, prio:normal
  420381456 00:07:00.381 [I] MeshForwarder-:     src:[fdde:ad00:beef:0:a78d:5151:c82:fb55]
  420381456 00:07:00.381 [I] MeshForwarder-:     dst:[fdde:ad00:beef:0:0:ff:fe00:4800]
  421000000 00:07:01.000 [D] Cli-----------: Input: ipaddr mleid
  421000000 00:07:01.000 [D] Cli-----------: Output: fdde:ad00:beef:0:7642:42dd:87b9:ec6e
  421000000 00:07:01.000 [D] Cli-----------: Output: Done
  421003112 00:07:01.003 [D] Mac-----------: Received frame from short address 0xf802
  421003112 00:07:01.003 [D] Mac-----------: Rx security - frame counter 1
  421003112 00:07:01.003 [D] Mac-----------: ==============================[RX len=056]==============================
  421003112 00:07:01.003 [D] Mac-----------: | 69 98 AA CE FA 00 F8 02 | F8 0D 01 00 00 00 01 7A | i..............z |
  421003112 00:07:01.003 [D] Mac-----------: | 55 3A A7 8D 51 51 0C 82 | FB 55 76 42 42 DD 87 B9 | U:..QQ...UvBB... |
  421003112 00:07:01.003 [D] Mac-----------: | EC 6E 80 00 D0 A9 00 01 | 00 01 00 03 AD 68 00 00 | .n...........h.. |
  421003112 00:07:01.003 [D] Mac-----------: | 00 00 2D 00 0C 67 1F B0 |                         | ..-..g..         |
  421003112 00:07:01.003 [D] Mac-----------: ------------------------------------------------------------------------
  421003112 00:07:01.003 [I] MeshForwarder-: Received IPv6 ICMP6 msg, len:56, chksum:d0a9, ecn:no, from:0xf802, sec:yes, prio:normal, rss:-15.0
  421003112 00:07:01.003 [I] MeshForwarder-:     src:[fdde:ad00:beef:0:a78d:5151:c82:fb55]
  421003112 00:07:01.003 [I] MeshForwarder-:     dst:[fdde:ad00:beef:0:7642:42dd:87b9:ec6e]
  421003112 00:07:01.003 [I] Icmp6---------: Received Echo Request
  421003112 00:07:01.003 [I] Icmp6---------: Sent Echo Reply (seq = 1)
  421003112 00:07:01.003 [D] Mac-----------: Idle mode: Radio receiving on channel 11
  421003112 00:07:01.003 [D] Mac-----------: Request to start operation "TransmitDataDirect"
  421003112 00:07:01.003 [D] Mac-----------: Starting operation "TransmitDataDirect"
  421003112 00:07:01.003 [D] SubMac--------: RadioState: Receive -> CsmaBackoff
  421003752 00:07:01.003 [D] SubMac--------: RadioState: CsmaBackoff -> Transmit
  421006448 00:07:01.006 [D] SubMac--------: RadioState: Transmit -> Receive
  421006448 00:07:01.006 [D] Mac-----------: ==============================[TX len=056]==============================
  421006448 00:07:01.006 [D] Mac-----------: | 69 98 5A CE FA 02 F8 00 | F8 0D 01 00 00 00 01 E8 | i.Z............. |
  421006448 00:07:01.006 [D] Mac-----------: | F4 F1 BC FB 16 7C 61 13 | E6 48 47 03 C0 39 46 13 | .....|a..HG..9F. |
  421006448 00:07:01.006 [D] Mac-----------: | 6F 45 3F 90 EB 62 BB 54 | C1 76 D8 54 4B C6 B1 17 | oE?..b.T.v.TK... |
  421006448 00:07:01.006 [D] Mac-----------: | 1C 77 54 F5 44 DB 62 66 |                         | .wT.D.bf         |
  421006448 00:07:01.006 [D] Mac-----------: ------------------------------------------------------------------------
  421006448 00:07:01.006 [D] Mac-----------: Finishing operation "TransmitDataDirect"
  421006448 00:07:01.006 [I] MeshForwarder-: Sent IPv6 ICMP6 msg, len:56, chksum:cfa9, ecn:no, to:0xf802, sec:yes, prio:normal
  421006448 00:07:01.006 [I] MeshForwarder-:     src:[fdde:ad00:beef:0:7642:42dd:87b9:ec6e]
  421006448 00:07:01.006 [I] MeshForwarder-:     dst:[fdde:ad00:beef:0:a78d:5151:c82:fb55]
  421006448 00:07:01.006 [D] Mac-----------: Idle mode: Radio receiving on channel 11
  422000000 00:07:02.000 [D] Cli-----------: Input: ipaddr mleid
  422000000 00:07:02.000 [D] Cli-----------: Output: fdde:ad00:beef:0:7642:42dd:87b9:ec6e
  422000000 00:07:02.000 [D] Cli-----------: Output: Done
  422003432 00:07:02.003 [D] Mac-----------: Received frame from short address 0xf802
  422003432 00:07:02.003 [D] Mac-----------: Rx security - frame counter 2
  422003432 00:07:02.003 [D] Mac-----------: ==============================[RX len=056]==============================
  422003432 00:07:02.003 [D] Mac-----------: | 69 98 AB CE FA 00 F8 02 | F8 0D 02 00 00 00 01 7A | i..............z |
  422003432 00:07:02.003 [D] Mac-----------: | 55 3A A7 8D 51 51 0C 82 | FB 55 76 42 42 DD 87 B9 | U:..QQ...UvBB... |
  422003432 00:07:02.003 [D] Mac-----------: | EC 6E 80 00 CC BF 00 02 | 00 02 00 03 B1 50 00 00 | .n...........P.. |
  422003432 00:07:02.003 [D] Mac-----------: | 00 00 0F 04 8F 7B 97 EA |                         | .....{..         |
  422003432 00:07:02.003 [D] Mac-----------: ------------------------------------------------------------------------
  422003432 00:07:02.003 [I] MeshForwarder-: Received IPv6 ICMP6 msg, len:56, chksum:ccbf, ecn:no, from:0xf802, sec:yes, prio:normal, rss:-15.0
  422003432 00:07:02.003 [I] MeshForwarder-:     src:[fdde:ad00:beef:0:a78d:5151:c82:fb55]
  422003432 00:07:02.003 [I] MeshForwarder-:     dst:[fdde:ad00:beef:0:7642:42dd:87b9:ec6e]
  422003432 00:07:02.003 [I] Icmp6---------: Received Echo Request
  422003432 00:07:02.003 [I] Icmp6---------: Sent Echo Reply (seq = 2)
  422003432 00:07:02.003 [D] Mac-----------: Idle mode: Radio receiving on channel 11
  422003432 00:07:02.003 [D] Mac-----------: Request to start operation "TransmitDataDirect"
  422003432 00:07:02.003 [D] Mac-----------: Starting operation "TransmitDataDirect"
  422003432 00:07:02.003 [D] SubMac--------: RadioState: Receive -> CsmaBackoff
  422005672 00:07:02.005 [D] SubMac--------: RadioState: CsmaBackoff -> Transmit
  422008368 00:07:02.008 [D] SubMac--------: RadioState: Transmit -> Receive
  422008368 00:07:02.008 [D] Mac-----------: ==============================[TX len=056]==============================
  422008368 00:07:02.008 [D] Mac-----------: | 69 98 5B CE FA 02 F8 00 | F8 0D 02 00 00 00 01 7A | i.[............z |
  422008368 00:07:02.008 [D] Mac-----------: | A9 61 D9 DE 92 7B 3E FB | F1 F3 FE 21 AF 8D 51 FF | .a...{>....!..Q. |
  422008368 00:07:02.008 [D] Mac-----------: | 1E AB 71 CA 52 20 C3 4A | 5E 41 13 4A E7 4F 26 8D | ..q.R .J^A.J.O&. |
  422008368 00:07:02.008 [D] Mac-----------: | 6E 22 24 E3 E8 E8 8A 77 |                         | n"$....w         |
  422008368 00:07:02.008 [D] Mac-----------: ------------------------------------------------------------------------
  422008368 00:07:02.008 [D] Mac-----------: Finishing operation "TransmitDataDirect"
  422008368 00:07:02.008 [I] MeshForwarder-: Sent IPv6 ICMP6 msg, len:56, chksum:cbbf, ecn:no, to:0xf802, sec:yes, prio:normal
  422008368 00:07:02.008 [I] MeshForwarder-:     src:[fdde:ad00:beef:0:7642:42dd:87b9:ec6e]
  422008368 00:07:02.008 [I] MeshForwarder-:     dst:[fdde:ad00:beef:0:a78d:5151:c82:fb55]
  422008368 00:07:02.008 [D] Mac-----------: Idle mode: Radio receiving on channel 11
  423000000 00:07:03.000 [D] Cli-----------: Input: ipaddr mleid
  423000000 00:07:03.000 [D] Cli-----------: Output: fdde:ad00:beef:0:7642:42dd:87b9:ec6e
  423000000 00:07:03.000 [D] Cli-----------: Output: Done
  423004392 00:07:03.004 [D] Mac-----------: Received frame from short address 0xf802
  423004392 00:07:03.004 [D] Mac-----------: Rx security - frame counter 3
  423004392 00:07:03.004 [D] Mac-----------: ==============================[RX len=056]==============================
  423004392 00:07:03.004 [D] Mac-----------: | 69 98 AC CE FA 00 F8 02 | F8 0D 03 00 00 00 01 7A | i..............z |
  423004392 00:07:03.004 [D] Mac-----------: | 55 3A A7 8D 51 51 0C 82 | FB 55 76 42 42 DD 87 B9 | U:..QQ...UvBB... |
  423004392 00:07:03.004 [D] Mac-----------: | EC 6E 80 00 C8 D5 00 03 | 00 03 00 03 B5 38 00 00 | .n...........8.. |
  423004392 00:07:03.004 [D] Mac-----------: | 00 00 B8 14 CD B2 3C 47 |                         | ......<G         |
  423004392 00:07:03.004 [D] Mac-----------: ------------------------------------------------------------------------
  423004392 00:07:03.004 [I] MeshForwarder-: Received IPv6 ICMP6 msg, len:56, chksum:c8d5, ecn:no, from:0xf802, sec:yes, prio:normal, rss:-15.0
  423004392 00:07:03.004 [I] MeshForwarder-:     src:[fdde:ad00:beef:0:a78d:5151:c82:fb55]
  423004392 00:07:03.004 [I] MeshForwarder-:     dst:[fdde:ad00:beef:0:7642:42dd:87b9:ec6e]
  423004392 00:07:03.004 [I] Icmp6---------: Received Echo Request
  423004392 00:07:03.004 [I] Icmp6---------: Sent Echo Reply (seq = 3)
  423004392 00:07:03.004 [D] Mac-----------: Idle mode: Radio receiving on channel 11
  423004392 00:07:03.004 [D] Mac-----------: Request to start operation "TransmitDataDirect"
  423004392 00:07:03.004 [D] Mac-----------: Starting operation "TransmitDataDirect"
  423004392 00:07:03.004 [D] SubMac--------: RadioState: Receive -> CsmaBackoff
  423004392 00:07:03.004 [D] SubMac--------: RadioState: CsmaBackoff -> Transmit
  423004392 00:07:03.004 [D] SubMac--------: RadioState: Transmit -> CsmaBackoff
  423004712 00:07:03.004 [D] SubMac--------: RadioState: CsmaBackoff -> Transmit
  423004712 00:07:03.004 [D] SubMac--------: RadioState: Transmit -> CsmaBackoff
  423011432 00:07:03.011 [D] SubMac--------: RadioState: CsmaBackoff -> Transmit
  423014128 00:07:03.014 [D] SubMac--------: RadioState: Transmit -> Receive
  423014128 00:07:03.014 [D] Mac-----------: ==============================[TX len=056]==============================
  423014128 00:07:03.014 [D] Mac-----------: | 69 98 5C CE FA 02 F8 00 | F8 0D 03 00 00 00 01 9B | i.\............. |
  423014128 00:07:03.014 [D] Mac-----------: | 25 AB D1 B8 0C F1 99 67 | DE 8E 89 94 E8 A7 13 94 | %......g........ |
  423014128 00:07:03.014 [D] Mac-----------: | 92 71 9E BB FF 87 01 6F | BA EB 0C 0F 0D 34 AE 2D | .q.....o.....4.- |
  423014128 00:07:03.014 [D] Mac-----------: | 70 46 2D 35 D3 47 40 D4 |                         | pF-5.G@.         |
  423014128 00:07:03.014 [D] Mac-----------: ------------------------------------------------------------------------
  423014128 00:07:03.014 [D] Mac-----------: Finishing operation "TransmitDataDirect"
  423014128 00:07:03.014 [I] MeshForwarder-: Sent IPv6 ICMP6 msg, len:56, chksum:c7d5, ecn:no, to:0xf802, sec:yes, prio:normal
  423014128 00:07:03.014 [I] MeshForwarder-:     src:[fdde:ad00:beef:0:7642:42dd:87b9:ec6e]
  423014128 00:07:03.014 [I] MeshForwarder-:     dst:[fdde:ad00:beef:0:a78d:5151:c82:fb55]
  423014128 00:07:03.014 [D] Mac-----------: Idle mode: Radio receiving on channel 11
  424000000 00:07:04.000 [D] Cli-----------: Input: ipaddr mleid
  424000000 00:07:04.000 [D] Cli-----------: Output: fdde:ad00:beef:0:7642:42dd:87b9:ec6e
  424000000 00:07:04.000 [D] Cli-----------: Output: Done
  424002472 00:07:04.002 [D] Mac-----------: Received frame from short address 0xf802
  424002472 00:07:04.002 [D] Mac-----------: Rx security - frame counter 4
  424002472 00:07:04.002 [D] Mac-----------: ==============================[RX len=056]==============================
  424002472 00:07:04.002 [D] Mac-----------: | 69 98 AD CE FA 00 F8 02 | F8 0D 04 00 00 00 01 7A | i..............z |
  424002472 00:07:04.002 [D] Mac-----------: | 55 3A A7 8D 51 51 0C 82 | FB 55 76 42 42 DD 87 B9 | U:..QQ...UvBB... |
  424002472 00:07:04.002 [D] Mac-----------: | EC 6E 80 00 C4 EB 00 04 | 00 04 00 03 B9 20 00 00 | .n........... .. |
  424002472 00:07:04.002 [D] Mac-----------: | 00 00 50 37 F0 BD 29 18 |                         | ..P7..).         |
  424002472 00:07:04.002 [D] Mac-----------: ------------------------------------------------------------------------
  424002472 00:07:04.002 [I] MeshForwarder-: Received IPv6 ICMP6 msg, len:56, chksum:c4eb, ecn:no, from:0xf802, sec:yes, prio:normal, rss:-15.0
  424002472 00:07:04.002 [I] MeshForwarder-:     src:[fdde:ad00:beef:0:a78d:5151:c82:fb55]
  424002472 00:07:04.002 [I] MeshForwarder-:     dst:[fdde:ad00:beef:0:7642:42dd:87b9:ec6e]
  424002472 00:07:04.002 [I] Icmp6---------: Received Echo Request
  424002472 00:07:04.002 [I] Icmp6---------: Sent Echo Reply (seq = 4)
  424002472 00:07:04.002 [D] Mac-----------: Idle mode: Radio receiving on channel 11
  424002472 00:07:04.002 [D] Mac-----------: Request to start operation "TransmitDataDirect"
  424002472 00:07:04.002 [D] Mac-----------: Starting operation "TransmitDataDirect"
  424002472 00:07:04.002 [D] SubMac--------: RadioState: Receive -> CsmaBackoff
  424002792 00:07:04.002 [D] SubMac--------: RadioState: CsmaBackoff -> Transmit
  424002792 00:07:04.002 [D] SubMac--------: RadioState: Transmit -> CsmaBackoff
  424005992 00:07:04.005 [D] SubMac--------: RadioState: CsmaBackoff -> Transmit
  424008688 00:07:04.008 [D] SubMac--------: RadioState: Transmit -> Receive
  424008688 00:07:04.008 [D] Mac-----------: ==============================[TX len=056]==============================
  424008688 00:07:04.008 [D] Mac-----------: | 69 98 5D CE FA 02 F8 00 | F8 0D 04 00 00 00 01 54 | i.]............T |
  424008688 00:07:04.008 [D] Mac-----------: | EC 00 EE 6B D4 C9 2C 65 | 10 50 89 43 1C 19 18 F4 | ...k..,e.P.C.... |
  424008688 00:07:04.008 [D] Mac-----------: | 1D 08 61 11 BF 18 82 05 | 9F C7 39 8F C4 8B C0 8F | ..a.......9..... |
  424008688 00:07:04.008 [D] Mac-----------: | F4 5B F9 5B 1C D4 02 91 |                         | .[.[....         |
  424008688 00:07:04.008 [D] Mac-----------: ------------------------------------------------------------------------
  424008688 00:07:04.008 [D] Mac-----------: Finishing operation "TransmitDataDirect"
  424008688 00:07:04.008 [I] MeshForwarder-: Sent IPv6 ICMP6 msg, len:56, chksum:c3eb, ecn:no, to:0xf802, sec:yes, prio:normal
  424008688 00:07:04.008 [I] MeshForwarder-:     src:[fdde:ad00:beef:0:7642:42dd:87b9:ec6e]
  424008688 00:07:04.008 [I] MeshForwarder-:     dst:[fdde:ad00:beef:0:a78d:5151:c82:fb55]
  424008688 00:07:04.008 [D] Mac-----------: Idle mode: Radio receiving on channel 11
  425000000 00:07:05.000 [D] Cli-----------: Input: ipaddr mleid
  425000000 00:07:05.000 [D] Cli-----------: Output: fdde:ad00:beef:0:7642:42dd:87b9:ec6e
  425000000 00:07:05.000 [D] Cli-----------: Output: Done
  425003112 00:07:05.003 [D] Mac-----------: Received frame from short address 0xf802
  425003112 00:07:05.003 [D] Mac-----------: Rx security - frame counter 5
  425003112 00:07:05.003 [D] Mac-----------: ==============================[RX len=056]==============================
  425003112 00:07:05.003 [D] Mac-----------: | 69 98 AE CE FA 00 F8 02 | F8 0D 05 00 00 00 01 7A | i..............z |
  425003112 00:07:05.003 [D] Mac-----------: | 55 3A A7 8D 51 51 0C 82 | FB 55 76 42 42 DD 87 B9 | U:..QQ...UvBB... |
  425003112 00:07:05.003 [D] Mac-----------: | EC 6E 80 00 C1 01 00 05 | 00 05 00 03 BD 08 00 00 | .n.............. |
  425003112 00:07:05.003 [D] Mac-----------: | 00 00 EB D5 44 45 7F C9 |                         | ....DE..         |
  425003112 00:07:05.003 [D] Mac-----------: ------------------------------------------------------------------------
  425003112 00:07:05.003 [I] MeshForwarder-: Received IPv6 ICMP6 msg, len:56, chksum:c101, ecn:no, from:0xf802, sec:yes, prio:normal, rss:-15.0
  425003112 00:07:05.003 [I] MeshForwarder-:     src:[fdde:ad00:beef:0:a78d:5151:c82:fb55]
  425003112 00:07:05.003 [I] MeshForwarder-:     dst:[fdde:ad00:beef:0:7642:42dd:87b9:ec6e]
  425003112 00:07:05.003 [I] Icmp6---------: Received Echo Request
  425003112 00:07:05.003 [I] Icmp6---------: Sent Echo Reply (seq = 5)
  425003112 00:07:05.003 [D] Mac-----------: Idle mode: Radio receiving on channel 11
  425003112 00:07:05.003 [D] Mac-----------: Request to start operation "TransmitDataDirect"
  425003112 00:07:05.003 [D] Mac-----------: Starting operation "TransmitDataDirect"
  425003112 00:07:05.003 [D] SubMac--------: RadioState: Receive -> CsmaBackoff
  425003432 00:07:05.003 [D] SubMac--------: RadioState: CsmaBackoff -> Transmit
  425003432 00:07:05.003 [D] SubMac--------: RadioState: Transmit -> CsmaBackoff
  425005352 00:07:05.005 [D] SubMac--------: RadioState: CsmaBackoff -> Transmit
  425008048 00:07:05.008 [D] SubMac--------: RadioState: Transmit -> Receive
  425008048 00:07:05.008 [D] Mac-----------: ==============================[TX len=056]==============================
  425008048 00:07:05.008 [D] Mac-----------: | 69 98 5E CE FA 02 F8 00 | F8 0D 05 00 00 00 01 51 | i.^............Q |
  425008048 00:07:05.008 [D] Mac-----------: | B7 18 91 CC 63 55 8B CB | 8E 3E 6A E0 2A CB AD 42 | ....cU...>j.*..B |
  425008048 00:07:05.008 [D] Mac-----------: | 01 D1 2F AB 55 C3 4E 63 | C1 6F C7 F8 C8 E5 79 D2 | ../.U.Nc.o....y. |
  425008048 00:07:05.008 [D] Mac-----------: | B0 F9 5D D3 C1 4F 5B 34 |                         | ..]..O[4         |
  425008048 00:07:05.008 [D] Mac-----------: ------------------------------------------------------------------------
  425008048 00:07:05.008 [D] Mac-----------: Finishing operation "TransmitDataDirect"
  425008048 00:07:05.008 [I] MeshForwarder-: Sent IPv6 ICMP6 msg, len:56, chksum:c001, ecn:no, to:0xf802, sec:yes, prio:normal
  425008048 00:07:05.008 [I] MeshForwarder-:     src:[fdde:ad00:beef:0:7642:42dd:87b9:ec6e]
  425008048 00:07:05.008 [I] MeshForwarder-:     dst:[fdde:ad00:beef:0:a78d:5151:c82:fb55]
  425008048 00:07:05.008 [D] Mac-----------: Idle mode: Radio receiving on channel 11
  426000000 00:07:06.000 [D] Cli-----------: Input: ipaddr mleid
  426000000 00:07:06.000 [D] Cli-----------: Output: fdde:ad00:beef:0:7642:42dd:87b9:ec6e
  426000000 00:07:06.000 [D] Cli-----------: Output: Done
  426004392 00:07:06.004 [D] Mac-----------: Received frame from short address 0xf802
  426004392 00:07:06.004 [D] Mac-----------: Rx security - frame counter 6
  426004392 00:07:06.004 [D] Mac-----------: ==============================[RX len=056]==============================
  426004392 00:07:06.004 [D] Mac-----------: | 69 98 AF CE FA 00 F8 02 | F8 0D 06 00 00 00 01 7A | i..............z |
  426004392 00:07:06.004 [D] Mac-----------: | 55 3A A7 8D 51 51 0C 82 | FB 55 76 42 42 DD 87 B9 | U:..QQ...UvBB... |
  426004392 00:07:06.004 [D] Mac-----------: | EC 6E 80 00 BD 17 00 06 | 00 06 00 03 C0 F0 00 00 | .n.............. |
  426004392 00:07:06.004 [D] Mac-----------: | 00 00 04 27 93 BC 74 8C |                         | ...'..t.         |
  426004392 00:07:06.004 [D] Mac-----------: ------------------------------------------------------------------------
  426004392 00:07:06.004 [I] MeshForwarder-: Received IPv6 ICMP6 msg, len:56, chksum:bd17, ecn:no, from:0xf802, sec:yes, prio:normal, rss:-15.0
  426004392 00:07:06.004 [I] MeshForwarder-:     src:[fdde:ad00:beef:0:a78d:5151:c82:fb55]
  426004392 00:07:06.004 [I] MeshForwarder-:     dst:[fdde:ad00:beef:0:7642:42dd:87b9:ec6e]
  426004392 00:07:06.004 [I] Icmp6---------: Received Echo Request
  426004392 00:07:06.004 [I] Icmp6---------: Sent Echo Reply (seq = 6)
  426004392 00:07:06.004 [D] Mac-----------: Idle mode: Radio receiving on channel 11
  426004392 00:07:06.004 [D] Mac-----------: Request to start operation "TransmitDataDirect"
  426004392 00:07:06.004 [D] Mac-----------: Starting operation "TransmitDataDirect"
  426004392 00:07:06.004 [D] SubMac--------: RadioState: Receive -> CsmaBackoff
  426005672 00:07:06.005 [D] SubMac--------: RadioState: CsmaBackoff -> Transmit
  426008368 00:07:06.008 [D] SubMac--------: RadioState: Transmit -> Receive
  426008368 00:07:06.008 [D] Mac-----------: ==============================[TX len=056]==============================
  426008368 00:07:06.008 [D] Mac-----------: | 69 98 5F CE FA 02 F8 00 | F8 0D 06 00 00 00 01 F4 | i._............. |
  426008368 00:07:06.008 [D] Mac-----------: | 69 D9 F0 7E EA A6 55 27 | 23 CD C5 53 1B 17 D6 9C | i..~..U'#..S.... |
  426008368 00:07:06.008 [D] Mac-----------: | 73 1D 95 07 33 A2 57 28 | 4D CD 53 6E E8 19 90 03 | s...3.W(M.Sn.... |
  426008368 00:07:06.008 [D] Mac-----------: | E5 18 18 AA 3B EE 7E 3C |                         | ....;.~<         |
  426008368 00:07:06.008 [D] Mac-----------: ------------------------------------------------------------------------
  426008368 00:07:06.008 [D] Mac-----------: Finishing operation "TransmitDataDirect"
  426008368 00:07:06.008 [I] MeshForwarder-: Sent IPv6 ICMP6 msg, len:56, chksum:bc17, ecn:no, to:0xf802, sec:yes, prio:normal
  426008368 00:07:06.008 [I] MeshForwarder-:     src:[fdde:ad00:beef:0:7642:42dd:87b9:ec6e]
  426008368 00:07:06.008 [I] MeshForwarder-:     dst:[fdde:ad00:beef:0:a78d:5151:c82:fb55]
  426008368 00:07:06.008 [D] Mac-----------: Idle mode: Radio receiving on channel 11
  427000000 00:07:07.000 [D] Cli-----------: Input: ipaddr mleid
  427000000 00:07:07.000 [D] Cli-----------: Output: fdde:ad00:beef:0:7642:42dd:87b9:ec6e
  427000000 00:07:07.000 [D] Cli-----------: Output: Done
  427003432 00:07:07.003 [D] Mac-----------: Received frame from short address 0xf802
  427003432 00:07:07.003 [D] Mac-----------: Rx security - frame counter 7
  427003432 00:07:07.003 [D] Mac-----------: ==============================[RX len=056]==============================
  427003432 00:07:07.003 [D] Mac-----------: | 69 98 B0 CE FA 00 F8 02 | F8 0D 07 00 00 00 01 7A | i..............z |
  427003432 00:07:07.003 [D] Mac-----------: | 55 3A A7 8D 51 51 0C 82 | FB 55 76 42 42 DD 87 B9 | U:..QQ...UvBB... |
  427003432 00:07:07.003 [D] Mac-----------: | EC 6E 80 00 B9 2D 00 07 | 00 07 00 03 C4 D8 00 00 | .n...-.......... |
  427003432 00:07:07.003 [D] Mac-----------: | 00 00 28 25 82 3C 35 F1 |                         | ..(%.<5.         |
  427003432 00:07:07.003 [D] Mac-----------: ------------------------------------------------------------------------
  427003432 00:07:07.003 [I] MeshForwarder-: Received IPv6 ICMP6 msg, len:56, chksum:b92d, ecn:no, from:0xf802, sec:yes, prio:normal, rss:-15.0
  427003432 00:07:07.003 [I] MeshForwarder-:     src:[fdde:ad00:beef:0:a78d:5151:c82:fb55]
  427003432 00:07:07.003 [I] MeshForwarder-:     dst:[fdde:ad00:beef:0:7642:42dd:87b9:ec6e]
  427003432 00:07:07.003 [I] Icmp6---------: Received Echo Request
  427003432 00:07:07.003 [I] Icmp6---------: Sent Echo Reply (seq = 7)
  427003432 00:07:07.003 [D] Mac-----------: Idle mode: Radio receiving on channel 11
  427003432 00:07:07.003 [D] Mac-----------: Request to start operation "TransmitDataDirect"
  427003432 00:07:07.003 [D] Mac-----------: Starting operation "TransmitDataDirect"
  427003432 00:07:07.003 [D] SubMac--------: RadioState: Receive -> CsmaBackoff
  427004072 00:07:07.004 [D] SubMac--------: RadioState: CsmaBackoff -> Transmit
  427006768 00:07:07.006 [D] SubMac--------: RadioState: Transmit -> Receive
  427006768 00:07:07.006 [D] Mac-----------: ==============================[TX len=056]==============================
  427006768 00:07:07.006 [D] Mac-----------: | 69 98 60 CE FA 02 F8 00 | F8 0D 07 00 00 00 01 2C | i.`............, |
  427006768 00:07:07.006 [D] Mac-----------: | 08 20 C2 31 4B 1F 48 0D | DA 41 6E AA 8A D3 3F 49 | . .1K.H..An...?I |
  427006768 00:07:07.006 [D] Mac-----------: | C3 E0 40 A0 8F 69 F3 70 | B8 D0 D7 DF F4 98 B6 0B | ..@..i.p........ |
  427006768 00:07:07.006 [D] Mac-----------: | E6 07 F0 76 AF 4B DF 9F |                         | ...v.K..         |
  427006768 00:07:07.006 [D] Mac-----------: ------------------------------------------------------------------------
  427006768 00:07:07.006 [D] Mac-----------: Finishing operation "TransmitDataDirect"
  427006768 00:07:07.006 [I] MeshForwarder-: Sent IPv6 ICMP6 msg, len:56, chksum:b82d, ecn:no, to:0xf802, sec:yes, prio:normal
  427006768 00:07:07.006 [I] MeshForwarder-:     src:[fdde:ad00:beef:0:7642:42dd:87b9:ec6e]
  427006768 00:07:07.006 [I] MeshForwarder-:     dst:[fdde:ad00:beef:0:a78d:5151:c82:fb55]
  427006768 00:07:07.006 [D] Mac-----------: Idle mode: Radio receiving on channel 11
  428000000 00:07:08.000 [D] Cli-----------: Input: ipaddr mleid
  428000000 00:07:08.000 [D] Cli-----------: Output: fdde:ad00:beef:0:7642:42dd:87b9:ec6e
  428000000 00:07:08.000 [D] Cli-----------: Output: Done
  428002792 00:07:08.002 [D] Mac-----------: Received frame from short address 0xf802
  428002792 00:07:08.002 [D] Mac-----------: Rx security - frame counter 8
  428002792 00:07:08.002 [D] Mac-----------: ==============================[RX len=056]==============================
  428002792 00:07:08.002 [D] Mac-----------: | 69 98 B1 CE FA 00 F8 02 | F8 0D 08 00 00 00 01 7A | i..............z |
  428002792 00:07:08.002 [D] Mac-----------: | 55 3A A7 8D 51 51 0C 82 | FB 55 76 42 42 DD 87 B9 | U:..QQ...UvBB... |
  428002792 00:07:08.002 [D] Mac-----------: | EC 6E 80 00 B5 43 00 08 | 00 08 00 03 C8 C0 00 00 | .n...C.......... |
  428002792 00:07:08.002 [D] Mac-----------: | 00 00 8E 48 5E 95 0A DB |                         | ...H^...         |
  428002792 00:07:08.002 [D] Mac-----------: ------------------------------------------------------------------------
  428002792 00:07:08.002 [I] MeshForwarder-: Received IPv6 ICMP6 msg, len:56, chksum:b543, ecn:no, from:0xf802, sec:yes, prio:normal, rss:-15.0
  428002792 00:07:08.002 [I] MeshForwarder-:     src:[fdde:ad00:beef:0:a78d:5151:c82:fb55]
  428002792 00:07:08.002 [I] MeshForwarder-:     dst:[fdde:ad00:beef:0:7642:42dd:87b9:ec6e]
  428002792 00:07:08.002 [I] Icmp6---------: Received Echo Request
  428002792 00:07:08.002 [I] Icmp6---------: Sent Echo Reply (seq = 8)
  428002792 00:07:08.002 [D] Mac-----------: Idle mode: Radio receiving on channel 11
  428002792 00:07:08.002 [D] Mac-----------: Request to start operation "TransmitDataDirect"
  428002792 00:07:08.002 [D] Mac-----------: Starting operation "TransmitDataDirect"
  428002792 00:07:08.002 [D] SubMac--------: RadioState: Receive -> CsmaBackoff
  428002792 00:07:08.002 [D] SubMac--------: RadioState: CsmaBackoff -> Transmit
  428002792 00:07:08.002 [D] SubMac--------: RadioState: Transmit -> CsmaBackoff
  428005992 00:07:08.005 [D] SubMac--------: RadioState: CsmaBackoff -> Transmit
  428008688 00:07:08.008 [D] SubMac--------: RadioState: Transmit -> Receive
  428008688 00:07:08.008 [D] Mac-----------: ==============================[TX len=056]==============================
  428008688 00:07:08.008 [D] Mac-----------: | 69 98 61 CE FA 02 F8 00 | F8 0D 08 00 00 00 01 AD | i.a............. |
  428008688 00:07:08.008 [D] Mac-----------: | 19 5B 8B 0B 01 06 F5 79 | DA B0 F4 59 63 C3 85 7E | .[.....y...Yc..~ |
  428008688 00:07:08.008 [D] Mac-----------: | F5 62 FD F9 DB B6 77 2F | 65 3A E2 10 0B E4 DC 53 | .b....w/e:.....S |
  428008688 00:07:08.008 [D] Mac-----------: | 21 6E 2A F0 50 02 4A A9 |                         | !n*.P.J.         |
  428008688 00:07:08.008 [D] Mac-----------: ------------------------------------------------------------------------
  428008688 00:07:08.008 [D] Mac-----------: Finishing operation "TransmitDataDirect"
  428008688 00:07:08.008 [I] MeshForwarder-: Sent IPv6 ICMP6 msg, len:56, chksum:b443, ecn:no, to:0xf802, sec:yes, prio:normal
  428008688 00:07:08.008 [I] MeshForwarder-:     src:[fdde:ad00:beef:0:7642:42dd:87b9:ec6e]
  428008688 00:07:08.008 [I] MeshForwarder-:     dst:[fdde:ad00:beef:0:a78d:5151:c82:fb55]
  428008688 00:07:08.008 [D] Mac-----------: Idle mode: Radio receiving on channel 11
  429000000 00:07:09.000 [D] Cli-----------: Input: ipaddr mleid
  429000000 00:07:09.000 [D] Cli-----------: Output: fdde:ad00:beef:0:7642:42dd:87b9:ec6e
  429000000 00:07:09.000 [D] Cli-----------: Output: Done
  429002152 00:07:09.002 [D] Mac-----------: Received frame from short address 0xf802
  429002152 00:07:09.002 [D] Mac-----------: Rx security - frame counter 9
  429002152 00:07:09.002 [D] Mac-----------: ==============================[RX len=056]==============================
  429002152 00:07:09.002 [D] Mac-----------: | 69 98 B2 CE FA 00 F8 02 | F8 0D 09 00 00 00 01 7A | i..............z |
  429002152 00:07:09.002 [D] Mac-----------: | 55 3A A7 8D 51 51 0C 82 | FB 55 76 42 42 DD 87 B9 | U:..QQ...UvBB... |
  429002152 00:07:09.002 [D] Mac-----------: | EC 6E 80 00 B1 59 00 09 | 00 09 00 03 CC A8 00 00 | .n...Y.......... |
  429002152 00:07:09.002 [D] Mac-----------: | 00 00 44 B9 B7 EF 75 8A |                         | ..D...u.         |
  429002152 00:07:09.002 [D] Mac-----------: ------------------------------------------------------------------------
  429002152 00:07:09.002 [I] MeshForwarder-: Received IPv6 ICMP6 msg, len:56, chksum:b159, ecn:no, from:0xf802, sec:yes, prio:normal, rss:-15.0
  429002152 00:07:09.002 [I] MeshForwarder-:     src:[fdde:ad00:beef:0:a78d:5151:c82:fb55]
  429002152 00:07:09.002 [I] MeshForwarder-:     dst:[fdde:ad00:beef:0:7642:42dd:87b9:ec6e]
  429002152 00:07:09.002 [I] Icmp6---------: Received Echo Request
  429002152 00:07:09.002 [I] Icmp6---------: Sent Echo Reply (seq = 9)
  429002152 00:07:09.002 [D] Mac-----------: Idle mode: Radio receiving on channel 11
  429002152 00:07:09.002 [D] Mac-----------: Request to start operation "TransmitDataDirect"
  429002152 00:07:09.002 [D] Mac-----------: Starting operation "TransmitDataDirect"
  429002152 00:07:09.002 [D] SubMac--------: RadioState: Receive -> CsmaBackoff
  429002472 00:07:09.002 [D] SubMac--------: RadioState: CsmaBackoff -> Transmit
  429002472 00:07:09.002 [D] SubMac--------: RadioState: Transmit -> CsmaBackoff
  429002472 00:07:09.002 [D] SubMac--------: RadioState: CsmaBackoff -> Transmit
  429002472 00:07:09.002 [D] SubMac--------: RadioState: Transmit -> CsmaBackoff
  429007272 00:07:09.007 [D] SubMac--------: RadioState: CsmaBackoff -> Transmit
  429009968 00:07:09.009 [D] SubMac--------: RadioState: Transmit -> Receive
  429009968 00:07:09.009 [D] Mac-----------: ==============================[TX len=056]==============================
  429009968 00:07:09.009 [D] Mac-----------: | 69 98 62 CE FA 02 F8 00 | F8 0D 09 00 00 00 01 A8 | i.b............. |
  429009968 00:07:09.009 [D] Mac-----------: | AF 6B 0F E8 2D 43 A7 13 | A0 65 4B A7 A4 01 51 57 | .k..-C...eK...QW |
  429009968 00:07:09.009 [D] Mac-----------: | 77 EF 98 ED 41 10 72 0A | DB 92 F7 7B B2 A6 3D 32 | w...A.r....{..=2 |
  429009968 00:07:09.009 [D] Mac-----------: | 8B 18 53 47 5A 23 9D AB |                         | ..SGZ#..         |
  429009968 00:07:09.009 [D] Mac-----------: ------------------------------------------------------------------------
  429009968 00:07:09.009 [D] Mac-----------: Finishing operation "TransmitDataDirect"
  429009968 00:07:09.009 [I] MeshForwarder-: Sent IPv6 ICMP6 msg, len:56, chksum:b059, ecn:no, to:0xf802, sec:yes, prio:normal
  429009968 00:07:09.009 [I] MeshForwarder-:     src:[fdde:ad00:beef:0:7642:42dd:87b9:ec6e]
  429009968 00:07:09.009 [I] MeshForwarder-:     dst:[fdde:ad00:beef:0:a78d:5151:c82:fb55]
  429009968 00:07:09.009 [D] Mac-----------: Idle mode: Radio receiving on channel 11
  430000000 00:07:10.000 [D] Cli-----------: Input: ipaddr mleid
  430000000 00:07:10.000 [D] Cli-----------: Output: fdde:ad00:beef:0:7642:42dd:87b9:ec6e
  430000000 00:07:10.000 [D] Cli-----------: Output: Done
  430004392 00:07:10.004 [D] Mac-----------: Received frame from short address 0xf802
  430004392 00:07:10.004 [D] Mac-----------: Rx security - frame counter 10
  430004392 00:07:10.004 [D] Mac-----------: ==============================[RX len=056]==============================
  430004392 00:07:10.004 [D] Mac-----------: | 69 98 B3 CE FA 00 F8 02 | F8 0D 0A 00 00 00 01 7A | i..............z |
  430004392 00:07:10.004 [D] Mac-----------: | 55 3A A7 8D 51 51 0C 82 | FB 55 76 42 42 DD 87 B9 | U:..QQ...UvBB... |
  430004392 00:07:10.004 [D] Mac-----------: | EC 6E 80 00 AD 6F 00 0A | 00 0A 00 03 D0 90 00 00 | .n...o.......... |
  430004392 00:07:10.004 [D] Mac-----------: | 00 00 21 41 4B 27 68 16 |                         | ..!AK'h.         |
  430004392 00:07:10.004 [D] Mac-----------: ------------------------------------------------------------------------
  430004392 00:07:10.004 [I] MeshForwarder-: Received IPv6 ICMP6 msg, len:56, chksum:ad6f, ecn:no, from:0xf802, sec:yes, prio:normal, rss:-15.0
  430004392 00:07:10.004 [I] MeshForwarder-:     src:[fdde:ad00:beef:0:a78d:5151:c82:fb55]
  430004392 00:07:10.004 [I] MeshForwarder-:     dst:[fdde:ad00:beef:0:7642:42dd:87b9:ec6e]
  430004392 00:07:10.004 [I] Icmp6---------: Received Echo Request
  430004392 00:07:10.004 [I] Icmp6---------: Sent Echo Reply (seq = 10)
  430004392 00:07:10.004 [D] Mac-----------: Idle mode: Radio receiving on channel 11
  430004392 00:07:10.004 [D] Mac-----------: Request to start operation "TransmitDataDirect"
  430004392 00:07:10.004 [D] Mac-----------: Starting operation "TransmitDataDirect"
  430004392 00:07:10.004 [D] SubMac--------: RadioState: Receive -> CsmaBackoff
  430006312 00:07:10.006 [D] SubMac--------: RadioState: CsmaBackoff -> Transmit
  430009008 00:07:10.009 [D] SubMac--------: RadioState: Transmit -> Receive
  430009008 00:07:10.009 [D] Mac-----------: ==============================[TX len=056]==============================
  430009008 00:07:10.009 [D] Mac-----------: | 69 98 63 CE FA 02 F8 00 | F8 0D 0A 00 00 00 01 01 | i.c............. |
  430009008 00:07:10.009 [D] Mac-----------: | 17 80 57 94 31 ED 22 17 | B7 44 5C 62 80 C2 BF E7 | ..W.1."..D\b.... |
  430009008 00:07:10.009 [D] Mac-----------: | 19 31 7C 64 2E 04 A7 06 | E8 D0 16 23 B3 FA 72 AD | .1|d.......#..r. |
  430009008 00:07:10.009 [D] Mac-----------: | 92 D8 62 5B FD A4 F7 7C |                         | ..b[...|         |
  430009008 00:07:10.009 [D] Mac-----------: ------------------------------------------------------------------------
  430009008 00:07:10.009 [D] Mac-----------: Finishing operation "TransmitDataDirect"
  430009008 00:07:10.009 [I] MeshForwarder-: Sent IPv6 ICMP6 msg, len:56, chksum:ac6f, ecn:no, to:0xf802, sec:yes, prio:normal
  430009008 00:07:10.009 [I] MeshForwarder-:     src:[fdde:ad00:beef:0:7642:42dd:87b9:ec6e]
  430009008 00:07:10.009 [I] MeshForwarder-:     dst:[fdde:ad00:beef:0:a78d:5151:c82:fb55]
  430009008 00:07:10.009 [D] Mac-----------: Idle mode: Radio receiving on channel 11
  431000000 00:07:11.000 [D] Cli-----------: Input: ipaddr mleid
  431000000 00:07:11.000 [D] Cli-----------: Output: fdde:ad00:beef:0:7642:42dd:87b9:ec6e
  431000000 00:07:11.000 [D] Cli-----------: Output: Done
  431003752 00:07:11.003 [D] Mac-----------: Received frame from short address 0xf802
  431003752 00:07:11.003 [D] Mac-----------: Rx security - frame counter 11
  431003752 00:07:11.003 [D] Mac-----------: ==============================[RX len=056]==============================
  431003752 00:07:11.003 [D] Mac-----------: | 69 98 B4 CE FA 00 F8 02 | F8 0D 0B 00 00 00 01 7A | i..............z |
  431003752 00:07:11.003 [D] Mac-----------: | 55 3A A7 8D 51 51 0C 82 | FB 55 76 42 42 DD 87 B9 | U:..QQ...UvBB... |
  431003752 00:07:11.003 [D] Mac-----------: | EC 6E 80 00 A9 85 00 0B | 00 0B 00 03 D4 78 00 00 | .n...........x.. |
  431003752 00:07:11.003 [D] Mac-----------: | 00 00 79 08 44 75 1A B9 |                         | ..y.Du..         |
  431003752 00:07:11.003 [D] Mac-----------: ------------------------------------------------------------------------
  431003752 00:07:11.003 [I] MeshForwarder-: Received IPv6 ICMP6 msg, len:56, chksum:a985, ecn:no, from:0xf802, sec:yes, prio:normal, rss:-15.0
  431003752 00:07:11.003 [I] MeshForwarder-:     src:[fdde:ad00:beef:0:a78d:5151:c82:fb55]
  431003752 00:07:11.003 [I] MeshForwarder-:     dst:[fdde:ad00:beef:0:7642:42dd:87b9:ec6e]
  431003752 00:07:11.003 [I] Icmp6---------: Received Echo Request
  431003752 00:07:11.003 [I] Icmp6---------: Sent Echo Reply (seq = 11)
  431003752 00:07:11.003 [D] Mac-----------: Idle mode: Radio receiving on channel 11
  431003752 00:07:11.003 [D] Mac-----------: Request to start operation "TransmitDataDirect"
  431003752 00:07:11.003 [D] Mac-----------: Starting operation "TransmitDataDirect"
  431003752 00:07:11.003 [D] SubMac--------: RadioState: Receive -> CsmaBackoff
  431005672 00:07:11.005 [D] SubMac--------: RadioState: CsmaBackoff -> Transmit
  431008368 00:07:11.008 [D] SubMac--------: RadioState: Transmit -> Receive
  431008368 00:07:11.008 [D] Mac-----------: ==============================[TX len=056]==============================
  431008368 00:07:11.008 [D] Mac-----------: | 69 98 64 CE FA 02 F8 00 | F8 0D 0B 00 00 00 01 8F | i.d............. |
  431008368 00:07:11.008 [D] Mac-----------: | 23 39 34 AE 6D 62 F0 16 | 8A 7A D6 54 FB 7F 21 D5 | #94.mb...z.T..!. |
  431008368 00:07:11.008 [D] Mac-----------: | 3C D5 5E 00 A5 62 8C 33 | B1 25 B2 FE 1E FB A8 35 | <.^..b.3.%.....5 |
  431008368 00:07:11.008 [D] Mac-----------: | ED DD 2F 8B 26 5F B9 82 |                         | ../.&_..         |
  431008368 00:07:11.008 [D] Mac-----------: ------------------------------------------------------------------------
  431008368 00:07:11.008 [D] Mac-----------: Finishing operation "TransmitDataDirect"
  431008368 00:07:11.008 [I] MeshForwarder-: Sent IPv6 ICMP6 msg, len:56, chksum:a885, ecn:no, to:0xf802, sec:yes, prio:normal
  431008368 00:07:11.008 [I] MeshForwarder-:     src:[fdde:ad00:beef:0:7642:42dd:87b9:ec6e]
  431008368 00:07:11.008 [I] MeshForwarder-:     dst:[fdde:ad00:beef:0:a78d:5151:c82:fb55]
  431008368 00:07:11.008 [D] Mac-----------: Idle mode: Radio receiving on channel 11
  432000000 00:07:12.000 [D] Cli-----------: Input: ipaddr mleid
  432000000 00:07:12.000 [D] Cli-----------: Output: fdde:ad00:beef:0:7642:42dd:87b9:ec6e
  432000000 00:07:12.000 [D] Cli-----------: Output: Done
  432003752 00:07:12.003 [D] Mac-----------: Received frame from short address 0xf802
  432003752 00:07:12.003 [D] Mac-----------: Rx security - frame counter 12
  432003752 00:07:12.003 [D] Mac-----------: ==============================[RX len=056]==============================
  432003752 00:07:12.003 [D] Mac-----------: | 69 98 B5 CE FA 00 F8 02 | F8 0D 0C 00 00 00 01 7A | i..............z |
  432003752 00:07:12.003 [D] Mac-----------: | 55 3A A7 8D 51 51 0C 82 | FB 55 76 42 42 DD 87 B9 | U:..QQ...UvBB... |
  432003752 00:07:12.003 [D] Mac-----------: | EC 6E 80 00 A5 9B 00 0C | 00 0C 00 03 D8 60 00 00 | .n...........`.. |
  432003752 00:07:12.003 [D] Mac-----------: | 00 00 37 FA 15 71 77 0E |                         | ..7..qw.         |
  432003752 00:07:12.003 [D] Mac-----------: ------------------------------------------------------------------------
  432003752 00:07:12.003 [I] MeshForwarder-: Received IPv6 ICMP6 msg, len:56, chksum:a59b, ecn:no, from:0xf802, sec:yes, prio:normal, rss:-15.0
  432003752 00:07:12.003 [I] MeshForwarder-:     src:[fdde:ad00:beef:0:a78d:5151:c82:fb55]
  432003752 00:07:12.003 [I] MeshForwarder-:     dst:[fdde:ad00:beef:0:7642:42dd:87b9:ec6e]
  432003752 00:07:12.003 [I] Icmp6---------: Received Echo Request
  432003752 00:07:12.003 [I] Icmp6---------: Sent Echo Reply (seq = 12)
  432003752 00:07:12.003 [D] Mac-----------: Idle mode: Radio receiving on channel 11
  432003752 00:07:12.003 [D] Mac-----------: Request to start operation "TransmitDataDirect"
  432003752 00:07:12.003 [D] Mac-----------: Starting operation "TransmitDataDirect"
  432003752 00:07:12.003 [D] SubMac--------: RadioState: Receive -> CsmaBackoff
  432005992 00:07:12.005 [D] SubMac--------: RadioState: CsmaBackoff -> Transmit
  432008688 00:07:12.008 [D] SubMac--------: RadioState: Transmit -> Receive
  432008688 00:07:12.008 [D] Mac-----------: ==============================[TX len=056]==============================
  432008688 00:07:12.008 [D] Mac-----------: | 69 98 65 CE FA 02 F8 00 | F8 0D 0C 00 00 00 01 6D | i.e............m |
  432008688 00:07:12.008 [D] Mac-----------: | 05 4F FB 11 3B CE 3F 14 | 71 6A C6 AF 4E 2F 6C 6C | .O..;.?.qj..N/ll |
  432008688 00:07:12.008 [D] Mac-----------: | 36 7A 95 33 08 88 82 63 | 57 F9 04 A7 6F AF B8 D7 | 6z.3...cW...o... |
  432008688 00:07:12.008 [D] Mac-----------: | 18 48 06 85 6E B7 5C 90 |                         | .H..n.\.         |
  432008688 00:07:12.008 [D] Mac-----------: ------------------------------------------------------------------------
  432008688 00:07:12.008 [D] Mac-----------: Finishing operation "TransmitDataDirect"
  432008688 00:07:12.008 [I] MeshForwarder-: Sent IPv6 ICMP6 msg, len:56, chksum:a49b, ecn:no, to:0xf802, sec:yes, prio:normal
  432008688 00:07:12.008 [I] MeshForwarder-:     src:[fdde:ad00:beef:0:7642:42dd:87b9:ec6e]
  432008688 00:07:12.008 [I] MeshForwarder-:     dst:[fdde:ad00:beef:0:a78d:5151:c82:fb55]
  432008688 00:07:12.008 [D] Mac-----------: Idle mode: Radio receiving on channel 11
  433000000 00:07:13.000 [D] Cli-----------: Input: ipaddr mleid
  433000000 00:07:13.000 [D] Cli-----------: Output: fdde:ad00:beef:0:7642:42dd:87b9:ec6e
  433000000 00:07:13.000 [D] Cli-----------: Output: Done
  433003432 00:07:13.003 [D] Mac-----------: Received frame from short address 0xf802
  433003432 00:07:13.003 [D] Mac-----------: Rx security - frame counter 13
  433003432 00:07:13.003 [D] Mac-----------: ==============================[RX len=056]==============================
  433003432 00:07:13.003 [D] Mac-----------: | 69 98 B6 CE FA 00 F8 02 | F8 0D 0D 00 00 00 01 7A | i..............z |
  433003432 00:07:13.003 [D] Mac-----------: | 55 3A A7 8D 51 51 0C 82 | FB 55 76 42 42 DD 87 B9 | U:..QQ...UvBB... |
  433003432 00:07:13.003 [D] Mac-----------: | EC 6E 80 00 A1 B1 00 0D | 00 0D 00 03 DC 48 00 00 | .n...........H.. |
  433003432 00:07:13.003 [D] Mac-----------: | 00 00 56 2D 92 E3 58 DD |                         | ..V-..X.         |
  433003432 00:07:13.003 [D] Mac-----------: ------------------------------------------------------------------------
  433003432 00:07:13.003 [I] MeshForwarder-: Received IPv6 ICMP6 msg, len:56, chksum:a1b1, ecn:no, from:0xf802, sec:yes, prio:normal, rss:-15.0
  433003432 00:07:13.003 [I] MeshForwarder-:     src:[fdde:ad00:beef:0:a78d:5151:c82:fb55]
  433003432 00:07:13.003 [I] MeshForwarder-:     dst:[fdde:ad00:beef:0:7642:42dd:87b9:ec6e]
  433003432 00:07:13.003 [I] Icmp6---------: Received Echo Request
  433003432 00:07:13.003 [I] Icmp6---------: Sent Echo Reply (seq = 13)
  433003432 00:07:13.003 [D] Mac-----------: Idle mode: Radio receiving on channel 11
  433003432 00:07:13.003 [D] Mac-----------: Request to start operation "TransmitDataDirect"
  433003432 00:07:13.003 [D] Mac-----------: Starting operation "TransmitDataDirect"
  433003432 00:07:13.003 [D] SubMac--------: RadioState: Receive -> CsmaBackoff
  433004392 00:07:13.004 [D] SubMac--------: RadioState: CsmaBackoff -> Transmit
  433007088 00:07:13.007 [D] SubMac--------: RadioState: Transmit -> Receive
  433007088 00:07:13.007 [D] Mac-----------: ==============================[TX len=056]==============================
  433007088 00:07:13.007 [D] Mac-----------: | 69 98 66 CE FA 02 F8 00 | F8 0D 0D 00 00 00 01 23 | i.f............# |
  433007088 00:07:13.007 [D] Mac-----------: | 58 45 1D B5 70 48 E1 58 | 3B 92 64 BA 53 00 8C 26 | XE..pH.X;.d.S..& |
  433007088 00:07:13.007 [D] Mac-----------: | 8F 5E 86 97 14 30 C8 01 | 45 08 09 B0 4B 40 B5 E2 | .^...0..E...K@.. |
  433007088 00:07:13.007 [D] Mac-----------: | F1 67 97 9B 79 55 45 D5 |                         | .g..yUE.         |
  433007088 00:07:13.007 [D] Mac-----------: ------------------------------------------------------------------------
  433007088 00:07:13.007 [D] Mac-----------: Finishing operation "TransmitDataDirect"
  433007088 00:07:13.007 [I] MeshForwarder-: Sent IPv6 ICMP6 msg, len:56, chksum:a0b1, ecn:no, to:0xf802, sec:yes, prio:normal
  433007088 00:07:13.007 [I] MeshForwarder-:     src:[fdde:ad00:beef:0:7642:42dd:87b9:ec6e]
  433007088 00:07:13.007 [I] MeshForwarder-:     dst:[fdde:ad00:beef:0:a78d:5151:c82:fb55]
  433007088 00:07:13.007 [D] Mac-----------: Idle mode: Radio receiving on channel 11
  434000000 00:07:14.000 [D] Cli-----------: Input: ipaddr mleid
  434000000 00:07:14.000 [D] Cli-----------: Output: fdde:ad00:beef:0:7642:42dd:87b9:ec6e
  434000000 00:07:14.000 [D] Cli-----------: Output: Done
  434004072 00:07:14.004 [D] Mac-----------: Received frame from short address 0xf802
  434004072 00:07:14.004 [D] Mac-----------: Rx security - frame counter 14
  434004072 00:07:14.004 [D] Mac-----------: ==============================[RX len=056]==============================
  434004072 00:07:14.004 [D] Mac-----------: | 69 98 B7 CE FA 00 F8 02 | F8 0D 0E 00 00 00 01 7A | i..............z |
  434004072 00:07:14.004 [D] Mac-----------: | 55 3A A7 8D 51 51 0C 82 | FB 55 76 42 42 DD 87 B9 | U:..QQ...UvBB... |
  434004072 00:07:14.004 [D] Mac-----------: | EC 6E 80 00 9D C7 00 0E | 00 0E 00 03 E0 30 00 00 | .n...........0.. |
  434004072 00:07:14.004 [D] Mac-----------: | 00 00 F5 D7 81 E0 17 4D |                         | .......M         |
  434004072 00:07:14.004 [D] Mac-----------: ------------------------------------------------------------------------
  434004072 00:07:14.004 [I] MeshForwarder-: Received IPv6 ICMP6 msg, len:56, chksum:9dc7, ecn:no, from:0xf802, sec:yes, prio:normal, rss:-15.0
  434004072 00:07:14.004 [I] MeshForwarder-:     src:[fdde:ad00:beef:0:a78d:5151:c82:fb55]
  434004072 00:07:14.004 [I] MeshForwarder-:     dst:[fdde:ad00:beef:0:7642:42dd:87b9:ec6e]
  434004072 00:07:14.004 [I] Icmp6---------: Received Echo Request
  434004072 00:07:14.004 [I] Icmp6---------: Sent Echo Reply (seq = 14)
  434004072 00:07:14.004 [D] Mac-----------: Idle mode: Radio receiving on channel 11
  434004072 00:07:14.004 [D] Mac-----------: Request to start operation "TransmitDataDirect"
  434004072 00:07:14.004 [D] Mac-----------: Starting operation "TransmitDataDirect"
  434004072 00:07:14.004 [D] SubMac--------: RadioState: Receive -> CsmaBackoff
  434005672 00:07:14.005 [D] SubMac--------: RadioState: CsmaBackoff -> Transmit
  434008368 00:07:14.008 [D] SubMac--------: RadioState: Transmit -> Receive
  434008368 00:07:14.008 [D] Mac-----------: ==============================[TX len=056]==============================
  434008368 00:07:14.008 [D] Mac-----------: | 69 98 67 CE FA 02 F8 00 | F8 0D 0E 00 00 00 01 04 | i.g............. |
  434008368 00:07:14.008 [D] Mac-----------: | 66 B7 C7 5E 29 89 77 CA | C6 CB AE 22 0D 59 42 95 | f..^).w....".YB. |
  434008368 00:07:14.008 [D] Mac-----------: | 88 8C 87 47 10 72 A2 54 | 7C A0 21 D1 E3 CC 44 39 | ...G.r.T|.!...D9 |
  434008368 00:07:14.008 [D] Mac-----------: | A0 75 5C 58 61 5F E0 EA |                         | .u\Xa_..         |
  434008368 00:07:14.008 [D] Mac-----------: ------------------------------------------------------------------------
  434008368 00:07:14.008 [D] Mac-----------: Finishing operation "TransmitDataDirect"
  434008368 00:07:14.008 [I] MeshForwarder-: Sent IPv6 ICMP6 msg, len:56, chksum:9cc7, ecn:no, to:0xf802, sec:yes, prio:normal
  434008368 00:07:14.008 [I] MeshForwarder-:     src:[fdde:ad00:beef:0:7642:42dd:87b9:ec6e]
  434008368 00:07:14.008 [I] MeshForwarder-:     dst:[fdde:ad00:beef:0:a78d:5151:c82:fb55]
  434008368 00:07:14.008 [D] Mac-----------: Idle mode: Radio receiving on channel 11
  434230008 00:07:14.230 [I] Mle-----------: Send Advertisement (ff02:0:0:0:0:0:0:1)
  434230008 00:07:14.230 [D] Mac-----------: Request to start operation "TransmitDataDirect"
  434230008 00:07:14.230 [D] Mac-----------: Starting operation "TransmitDataDirect"
  434230008 00:07:14.230 [D] SubMac--------: RadioState: Receive -> CsmaBackoff
  434230328 00:07:14.230 [D] SubMac--------: RadioState: CsmaBackoff -> Transmit
  434232896 00:07:14.232 [D] SubMac--------: RadioState: Transmit -> Receive
  434232896 00:07:14.232 [D] Mac-----------: ==============================[TX len=069]==============================
  434232896 00:07:14.232 [D] Mac-----------: | 41 D8 68 CE FA FF FF C6 | D2 3D 37 B8 88 E0 BE 7F | A.h......=7..... |
  434232896 00:07:14.232 [D] Mac-----------: | 3B 01 F0 4D 4C 4D 4C A7 | CB 00 15 3C 00 00 00 00 | ;..MLML....<.... |
  434232896 00:07:14.232 [D] Mac-----------: | 00 00 00 01 43 E4 92 9E | 05 D7 C2 B6 D8 BD 7E 65 | ....C.........~e |
  434232896 00:07:14.232 [D] Mac-----------: | BC C8 42 12 A3 50 EE 19 | 7D F3 FD 31 C8 6B 68 E5 | ..B..P..}..1.kh. |
  434232896 00:07:14.232 [D] Mac-----------: | 7E 42 3E 65 97          |                         | ~B>e.            |
  434232896 00:07:14.232 [D] Mac-----------: ------------------------------------------------------------------------
  434232896 00:07:14.232 [D] Mac-----------: Finishing operation "TransmitDataDirect"
  434232896 00:07:14.232 [I] MeshForwarder-: Sent IPv6 UDP msg, len:90, chksum:a7cb, ecn:no, to:0xffff, sec:no, prio:net
  434232896 00:07:14.232 [I] MeshForwarder-:     src:[fe80:0:0:0:bce0:88b8:373d:d2c6]:19788
  434232896 00:07:14.232 [I] MeshForwarder-:     dst:[ff02:0:0:0:0:0:0:1]:19788
  434232896 00:07:14.232 [D] Mac-----------: Idle mode: Radio receiving on channel 11
  435000000 00:07:15.000 [D] Cli-----------: Input: ipaddr mleid
  435000000 00:07:15.000 [D] Cli-----------: Output: fdde:ad00:beef:0:7642:42dd:87b9:ec6e
  435000000 00:07:15.000 [D] Cli-----------: Output: Done
  435004392 00:07:15.004 [D] Mac-----------: Received frame from short address 0xf802
  435004392 00:07:15.004 [D] Mac-----------: Rx security - frame counter 15
  435004392 00:07:15.004 [D] Mac-----------: ==============================[RX len=056]==============================
  435004392 00:07:15.004 [D] Mac-----------: | 69 98 B8 CE FA 00 F8 02 | F8 0D 0F 00 00 00 01 7A | i..............z |
  435004392 00:07:15.004 [D] Mac-----------: | 55 3A A7 8D 51 51 0C 82 | FB 55 76 42 42 DD 87 B9 | U:..QQ...UvBB... |
  435004392 00:07:15.004 [D] Mac-----------: | EC 6E 80 00 99 DD 00 0F | 00 0F 00 03 E4 18 00 00 | .n.............. |
  435004392 00:07:15.004 [D] Mac-----------: | 00 00 B9 8A D7 A2 FF 3F |                         | .......?         |
  435004392 00:07:15.004 [D] Mac-----------: ------------------------------------------------------------------------
  435004392 00:07:15.004 [I] MeshForwarder-: Received IPv6 ICMP6 msg, len:56, chksum:99dd, ecn:no, from:0xf802, sec:yes, prio:normal, rss:-15.0
  435004392 00:07:15.004 [I] MeshForwarder-:     src:[fdde:ad00:beef:0:a78d:5151:c82:fb55]
  435004392 00:07:15.004 [I] MeshForwarder-:     dst:[fdde:ad00:beef:0:7642:42dd:87b9:ec6e]
  435004392 00:07:15.004 [I] Icmp6---------: Received Echo Request
  435004392 00:07:15.004 [I] Icmp6---------: Sent Echo Reply (seq = 15)
  435004392 00:07:15.004 [D] Mac-----------: Idle mode: Radio receiving on channel 11
  435004392 00:07:15.004 [D] Mac-----------: Request to start operation "TransmitDataDirect"
  435004392 00:07:15.004 [D] Mac-----------: Starting operation "TransmitDataDirect"
  435004392 00:07:15.004 [D] SubMac--------: RadioState: Receive -> CsmaBackoff
  435005992 00:07:15.005 [D] SubMac--------: RadioState: CsmaBackoff -> Transmit
  435008688 00:07:15.008 [D] SubMac--------: RadioState: Transmit -> Receive
  435008688 00:07:15.008 [D] Mac-----------: ==============================[TX len=056]==============================
  435008688 00:07:15.008 [D] Mac-----------: | 69 98 69 CE FA 02 F8 00 | F8 0D 0F 00 00 00 01 87 | i.i............. |
  435008688 00:07:15.008 [D] Mac-----------: | A3 3E 10 42 71 6A AF 46 | 1E D0 4E 8F BB 1A 48 54 | .>.Bqj.F..N...HT |
  435008688 00:07:15.008 [D] Mac-----------: | 85 27 13 77 76 B4 90 CA | BF B6 06 7C A7 F5 C9 B7 | .'.wv......|.... |
  435008688 00:07:15.008 [D] Mac-----------: | F9 A1 10 44 D9 47 25 3E |                         | ...D.G%>         |
  435008688 00:07:15.008 [D] Mac-----------: ------------------------------------------------------------------------
  435008688 00:07:15.008 [D] Mac-----------: Finishing operation "TransmitDataDirect"
  435008688 00:07:15.008 [I] MeshForwarder-: Sent IPv6 ICMP6 msg, len:56, chksum:98dd, ecn:no, to:0xf802, sec:yes, prio:normal
  435008688 00:07:15.008 [I] MeshForwarder-:     src:[fdde:ad00:beef:0:7642:42dd:87b9:ec6e]
  435008688 00:07:15.008 [I] MeshForwarder-:     dst:[fdde:ad00:beef:0:a78d:5151:c82:fb55]
  435008688 00:07:15.008 [D] Mac-----------: Idle mode: Radio receiving on channel 11
  436000000 00:07:16.000 [D] Cli-----------: Input: ipaddr mleid
  436000000 00:07:16.000 [D] Cli-----------: Output: fdde:ad00:beef:0:7642:42dd:87b9:ec6e
  436000000 00:07:16.000 [D] Cli-----------: Output: Done
  436003432 00:07:16.003 [D] Mac-----------: Received frame from short address 0xf802
  436003432 00:07:16.003 [D] Mac-----------: Rx security - frame counter 16
  436003432 00:07:16.003 [D] Mac-----------: ==============================[RX len=056]==============================
  436003432 00:07:16.003 [D] Mac-----------: | 69 98 B9 CE FA 00 F8 02 | F8 0D 10 00 00 00 01 7A | i..............z |
  436003432 00:07:16.003 [D] Mac-----------: | 55 3A A7 8D 51 51 0C 82 | FB 55 76 42 42 DD 87 B9 | U:..QQ...UvBB... |
  436003432 00:07:16.003 [D] Mac-----------: | EC 6E 80 00 95 F3 00 10 | 00 10 00 03 E8 00 00 00 | .n.............. |
  436003432 00:07:16.003 [D] Mac-----------: | 00 00 6E 2F 23 EF 43 13 |                         | ..n/#.C.         |
  436003432 00:07:16.003 [D] Mac-----------: ------------------------------------------------------------------------
  436003432 00:07:16.003 [I] MeshForwarder-: Received IPv6 ICMP6 msg, len:56, chksum:95f3, ecn:no, from:0xf802, sec:yes, prio:normal, rss:-15.0
  436003432 00:07:16.003 [I] MeshForwarder-:     src:[fdde:ad00:beef:0:a78d:5151:c82:fb55]
  436003432 00:07:16.003 [I] MeshForwarder-:     dst:[fdde:ad00:beef:0:7642:42dd:87b9:ec6e]
  436003432 00:07:16.003 [I] Icmp6---------: Received Echo Request
  436003432 00:07:16.003 [I] Icmp6---------: Sent Echo Reply (seq = 16)
  436003432 00:07:16.003 [D] Mac-----------: Idle mode: Radio receiving on channel 11
  436003432 00:07:16.003 [D] Mac-----------: Request to start operation "TransmitDataDirect"
  436003432 00:07:16.003 [D] Mac-----------: Starting operation "TransmitDataDirect"
  436003432 00:07:16.003 [D] SubMac--------: RadioState: Receive -> CsmaBackoff
  436004392 00:07:16.004 [D] SubMac--------: RadioState: CsmaBackoff -> Transmit
  436007088 00:07:16.007 [D] SubMac--------: RadioState: Transmit -> Receive
  436007088 00:07:16.007 [D] Mac-----------: ==============================[TX len=056]==============================
  436007088 00:07:16.007 [D] Mac-----------: | 69 98 6A CE FA 02 F8 00 | F8 0D 10 00 00 00 01 67 | i.j............g |
  436007088 00:07:16.007 [D] Mac-----------: | 16 D2 55 78 EA ED A0 35 | CB 67 FA 59 E1 F7 9F 64 | ..Ux...5.g.Y...d |
  436007088 00:07:16.007 [D] Mac-----------: | B5 AB 81 8C B2 49 B6 3A | 4D C9 1E 60 CB 01 E0 3A | .....I.:M..`...: |
  436007088 00:07:16.007 [D] Mac-----------: | 6C 9D 80 1A C9 43 76 B1 |                         | l....Cv.         |
  436007088 00:07:16.007 [D] Mac-----------: ------------------------------------------------------------------------
  436007088 00:07:16.007 [D] Mac-----------: Finishing operation "TransmitDataDirect"
  436007088 00:07:16.007 [I] MeshForwarder-: Sent IPv6 ICMP6 msg, len:56, chksum:94f3, ecn:no, to:0xf802, sec:yes, prio:normal
  436007088 00:07:16.007 [I] MeshForwarder-:     src:[fdde:ad00:beef:0:7642:42dd:87b9:ec6e]
  436007088 00:07:16.007 [I] MeshForwarder-:     dst:[fdde:ad00:beef:0:a78d:5151:c82:fb55]
  436007088 00:07:16.007 [D] Mac-----------: Idle mode: Radio receiving on channel 11
  437000000 00:07:17.000 [D] Cli-----------: Input: ipaddr mleid
  437000000 00:07:17.000 [D] Cli-----------: Output: fdde:ad00:beef:0:7642:42dd:87b9:ec6e
  437000000 00:07:17.000 [D] Cli-----------: Output: Done
  437003752 00:07:17.003 [D] Mac-----------: Received frame from short address 0xf802
  437003752 00:07:17.003 [D] Mac-----------: Rx security - frame counter 17
  437003752 00:07:17.003 [D] Mac-----------: ==============================[RX len=056]==============================
  437003752 00:07:17.003 [D] Mac-----------: | 69 98 BA CE FA 00 F8 02 | F8 0D 11 00 00 00 01 7A | i..............z |
  437003752 00:07:17.003 [D] Mac-----------: | 55 3A A7 8D 51 51 0C 82 | FB 55 76 42 42 DD 87 B9 | U:..QQ...UvBB... |
  437003752 00:07:17.003 [D] Mac-----------: | EC 6E 80 00 92 09 00 11 | 00 11 00 03 EB E8 00 00 | .n.............. |
  437003752 00:07:17.003 [D] Mac-----------: | 00 00 A3 4E C7 06 C3 6F |                         | ...N...o         |
  437003752 00:07:17.003 [D] Mac-----------: ------------------------------------------------------------------------
  437003752 00:07:17.003 [I] MeshForwarder-: Received IPv6 ICMP6 msg, len:56, chksum:9209, ecn:no, from:0xf802, sec:yes, prio:normal, rss:-15.0
  437003752 00:07:17.003 [I] MeshForwarder-:     src:[fdde:ad00:beef:0:a78d:5151:c82:fb55]
  437003752 00:07:17.003 [I] MeshForwarder-:     dst:[fdde:ad00:beef:0:7642:42dd:87b9:ec6e]
  437003752 00:07:17.003 [I] Icmp6---------: Received Echo Request
  437003752 00:07:17.003 [I] Icmp6---------: Sent Echo Reply (seq = 17)
  437003752 00:07:17.003 [D] Mac-----------: Idle mode: Radio receiving on channel 11
  437003752 00:07:17.003 [D] Mac-----------: Request to start operation "TransmitDataDirect"
  437003752 00:07:17.003 [D] Mac-----------: Starting operation "TransmitDataDirect"
  437003752 00:07:17.003 [D] SubMac--------: RadioState: Receive -> CsmaBackoff
  437005032 00:07:17.005 [D] SubMac--------: RadioState: CsmaBackoff -> Transmit
  437007728 00:07:17.007 [D] SubMac--------: RadioState: Transmit -> Receive
  437007728 00:07:17.007 [D] Mac-----------: ==============================[TX len=056]==============================
  437007728 00:07:17.007 [D] Mac-----------: | 69 98 6B CE FA 02 F8 00 | F8 0D 11 00 00 00 01 49 | i.k............I |
  437007728 00:07:17.007 [D] Mac-----------: | 70 9B E3 5C 9D C5 9A 4A | A1 75 CA 18 FF CE 8A B7 | p..\...J.u...... |
  437007728 00:07:17.007 [D] Mac-----------: | E3 45 CC 6D 32 A3 7C C9 | 2B 07 52 28 F0 0A E7 5F | .E.m2.|.+.R(..._ |
  437007728 00:07:17.007 [D] Mac-----------: | B4 27 1B D2 5F FC 86 21 |                         | .'.._..!         |
  437007728 00:07:17.007 [D] Mac-----------: ------------------------------------------------------------------------
  437007728 00:07:17.007 [D] Mac-----------: Finishing operation "TransmitDataDirect"
  437007728 00:07:17.007 [I] MeshForwarder-: Sent IPv6 ICMP6 msg, len:56, chksum:9109, ecn:no, to:0xf802, sec:yes, prio:normal
  437007728 00:07:17.007 [I] MeshForwarder-:     src:[fdde:ad00:beef:0:7642:42dd:87b9:ec6e]
  437007728 00:07:17.007 [I] MeshForwarder-:     dst:[fdde:ad00:beef:0:a78d:5151:c82:fb55]
  437007728 00:07:17.007 [D] Mac-----------: Idle mode: Radio receiving on channel 11
  438000000 00:07:18.000 [D] Cli-----------: Input: ipaddr mleid
  438000000 00:07:18.000 [D] Cli-----------: Output: fdde:ad00:beef:0:7642:42dd:87b9:ec6e
  438000000 00:07:18.000 [D] Cli-----------: Output: Done
  438002152 00:07:18.002 [D] Mac-----------: Received frame from short address 0xf802
  438002152 00:07:18.002 [D] Mac-----------: Rx security - frame counter 18
  438002152 00:07:18.002 [D] Mac-----------: ==============================[RX len=056]==============================
  438002152 00:07:18.002 [D] Mac-----------: | 69 98 BB CE FA 00 F8 02 | F8 0D 12 00 00 00 01 7A | i..............z |
  438002152 00:07:18.002 [D] Mac-----------: | 55 3A A7 8D 51 51 0C 82 | FB 55 76 42 42 DD 87 B9 | U:..QQ...UvBB... |
  438002152 00:07:18.002 [D] Mac-----------: | EC 6E 80 00 8E 1F 00 12 | 00 12 00 03 EF D0 00 00 | .n.............. |
  438002152 00:07:18.002 [D] Mac-----------: | 00 00 29 E2 52 03 BD EF |                         | ..).R...         |
  438002152 00:07:18.002 [D] Mac-----------: ------------------------------------------------------------------------
  438002152 00:07:18.002 [I] MeshForwarder-: Received IPv6 ICMP6 msg, len:56, chksum:8e1f, ecn:no, from:0xf802, sec:yes, prio:normal, rss:-15.0
  438002152 00:07:18.002 [I] MeshForwarder-:     src:[fdde:ad00:beef:0:a78d:5151:c82:fb55]
  438002152 00:07:18.002 [I] MeshForwarder-:     dst:[fdde:ad00:beef:0:7642:42dd:87b9:ec6e]
  438002152 00:07:18.002 [I] Icmp6---------: Received Echo Request
  438002152 00:07:18.002 [I] Icmp6---------: Sent Echo Reply (seq = 18)
  438002152 00:07:18.002 [D] Mac-----------: Idle mode: Radio receiving on channel 11
  438002152 00:07:18.002 [D] Mac-----------: Request to start operation "TransmitDataDirect"
  438002152 00:07:18.002 [D] Mac-----------: Starting operation "TransmitDataDirect"
  438002152 00:07:18.002 [D] SubMac--------: RadioState: Receive -> CsmaBackoff
  438002152 00:07:18.002 [D] SubMac--------: RadioState: CsmaBackoff -> Transmit
  438002152 00:07:18.002 [D] SubMac--------: RadioState: Transmit -> CsmaBackoff
  438005352 00:07:18.005 [D] SubMac--------: RadioState: CsmaBackoff -> Transmit
  438008048 00:07:18.008 [D] SubMac--------: RadioState: Transmit -> Receive
  438008048 00:07:18.008 [D] Mac-----------: ==============================[TX len=056]==============================
  438008048 00:07:18.008 [D] Mac-----------: | 69 98 6C CE FA 02 F8 00 | F8 0D 12 00 00 00 01 44 | i.l............D |
  438008048 00:07:18.008 [D] Mac-----------: | 5B 78 0E 5B D4 C9 88 F0 | 8F 6C E6 97 73 88 2C 93 | [x.[.....l..s.,. |
  438008048 00:07:18.008 [D] Mac-----------: | F1 18 2B DA F6 BA 74 B5 | A8 DF 21 72 61 08 E5 63 | ..+...t...!ra..c |
  438008048 00:07:18.008 [D] Mac-----------: | 48 89 1A 43 18 53 5F 37 |                         | H..C.S_7         |
  438008048 00:07:18.008 [D] Mac-----------: ------------------------------------------------------------------------
  438008048 00:07:18.008 [D] Mac-----------: Finishing operation "TransmitDataDirect"
  438008048 00:07:18.008 [I] MeshForwarder-: Sent IPv6 ICMP6 msg, len:56, chksum:8d1f, ecn:no, to:0xf802, sec:yes, prio:normal
  438008048 00:07:18.008 [I] MeshForwarder-:     src:[fdde:ad00:beef:0:7642:42dd:87b9:ec6e]
  438008048 00:07:18.008 [I] MeshForwarder-:     dst:[fdde:ad00:beef:0:a78d:5151:c82:fb55]
  438008048 00:07:18.008 [D] Mac-----------: Idle mode: Radio receiving on channel 11
  439000000 00:07:19.000 [D] Cli-----------: Input: ipaddr mleid
  439000000 00:07:19.000 [D] Cli-----------: Output: fdde:ad00:beef:0:7642:42dd:87b9:ec6e
  439000000 00:07:19.000 [D] Cli-----------: Output: Done
  439004072 00:07:19.004 [D] Mac-----------: Received frame from short address 0xf802
  439004072 00:07:19.004 [D] Mac-----------: Rx security - frame counter 19
  439004072 00:07:19.004 [D] Mac-----------: ==============================[RX len=056]==============================
  439004072 00:07:19.004 [D] Mac-----------: | 69 98 BC CE FA 00 F8 02 | F8 0D 13 00 00 00 01 7A | i..............z |
  439004072 00:07:19.004 [D] Mac-----------: | 55 3A A7 8D 51 51 0C 82 | FB 55 76 42 42 DD 87 B9 | U:..QQ...UvBB... |
  439004072 00:07:19.004 [D] Mac-----------: | EC 6E 80 00 8A 35 00 13 | 00 13 00 03 F3 B8 00 00 | .n...5.......... |
  439004072 00:07:19.004 [D] Mac-----------: | 00 00 C7 AB 5A 08 C1 E7 |                         | ....Z...         |
  439004072 00:07:19.004 [D] Mac-----------: ------------------------------------------------------------------------
  439004072 00:07:19.004 [I] MeshForwarder-: Received IPv6 ICMP6 msg, len:56, chksum:8a35, ecn:no, from:0xf802, sec:yes, prio:normal, rss:-15.0
  439004072 00:07:19.004 [I] MeshForwarder-:     src:[fdde:ad00:beef:0:a78d:5151:c82:fb55]
  439004072 00:07:19.004 [I] MeshForwarder-:     dst:[fdde:ad00:beef:0:7642:42dd:87b9:ec6e]
  439004072 00:07:19.004 [I] Icmp6---------: Received Echo Request
  439004072 00:07:19.004 [I] Icmp6---------: Sent Echo Reply (seq = 19)
  439004072 00:07:19.004 [D] Mac-----------: Idle mode: Radio receiving on channel 11
  439004072 00:07:19.004 [D] Mac-----------: Request to start operation "TransmitDataDirect"
  439004072 00:07:19.004 [D] Mac-----------: Starting operation "TransmitDataDirect"
  439004072 00:07:19.004 [D] SubMac--------: RadioState: Receive -> CsmaBackoff
  439004392 00:07:19.004 [D] SubMac--------: RadioState: CsmaBackoff -> Transmit
  439004392 00:07:19.004 [D] SubMac--------: RadioState: Transmit -> CsmaBackoff
  439008552 00:07:19.008 [D] SubMac--------: RadioState: CsmaBackoff -> Transmit
  439011248 00:07:19.011 [D] SubMac--------: RadioState: Transmit -> Receive
  439011248 00:07:19.011 [D] Mac-----------: ==============================[TX len=056]==============================
  439011248 00:07:19.011 [D] Mac-----------: | 69 98 6D CE FA 02 F8 00 | F8 0D 13 00 00 00 01 C0 | i.m............. |
  439011248 00:07:19.011 [D] Mac-----------: | 87 BA 6C 89 6F 38 B4 89 | 8C 70 ED E9 D9 D0 36 62 | ..l.o8...p....6b |
  439011248 00:07:19.011 [D] Mac-----------: | 90 63 E4 1B 49 B7 BF B5 | 3C 02 FB F9 83 10 28 3C | .c..I...<.....(< |
  439011248 00:07:19.011 [D] Mac-----------: | AB AA 96 E2 3B 36 F2 BA |                         | ....;6..         |
  439011248 00:07:19.011 [D] Mac-----------: ------------------------------------------------------------------------
  439011248 00:07:19.011 [D] Mac-----------: Finishing operation "TransmitDataDirect"
  439011248 00:07:19.011 [I] MeshForwarder-: Sent IPv6 ICMP6 msg, len:56, chksum:8935, ecn:no, to:0xf802, sec:yes, prio:normal
  439011248 00:07:19.011 [I] MeshForwarder-:     src:[fdde:ad00:beef:0:7642:42dd:87b9:ec6e]
  439011248 00:07:19.011 [I] MeshForwarder-:     dst:[fdde:ad00:beef:0:a78d:5151:c82:fb55]
  439011248 00:07:19.011 [D] Mac-----------: Idle mode: Radio receiving on channel 11
  440000000 Node process exited.
  440000000 Closing log file.
