#
# OpenThread node log for Node<1>   Created 2026-09-19T16:22:41+02:00
# SimTimeUs NodeTime     Lev LogModule       Message
          0 Node config: type=router IsMtd=false IsRouter=true IsBR=false RxOffWhenIdle=false
          0   exe cmd : /tmp/otns-fast-attach-fixed-build/bin/ot-cli-ftd 1 /tmp/otns/socket_dispatcher_4812 2027884443
          0   position: (100,100,0)
          0 00:00:00.000 [D] SubMac--------: RadioState: Disabled -> Sleep
          0 00:00:00.000 [D] SubMac--------: RadioExtAddress: 7e28de12a391d189
          0 set node RLOC16: fffe -> fffe
          0 00:00:00.000 [D] SubMac--------: RadioShortAddress: 0xfffe
          0 00:00:00.000 [D] Platform------: Clear ShortAddr entries
          0 00:00:00.000 [D] Platform------: Clear ExtAddr entries
          0 00:00:00.000 [D] SrcMatchCtrl--: Cleared all entries
          0 00:00:00.000 [I] CslTxScheduler: Set frame request ahead: 368 usec
          0 00:00:00.000 [I] ChildSupervsn-: Timeout: 0 -> 190
          0 00:00:00.000 [I] Notifier------: StateChanged (0x00038210) [MLAddr NetData PanId NetName ExtPanId]
          0 00:00:00.000 [I] BbrLeader-----: PBBR state: None
          0 00:00:00.000 [D] MlrManager----: MlrManager::UpdateReregistrationDelay: rereg=0, needSendMlr=0, ReregDelay=0
          0 00:00:00.000 [I] RouterTable---: Route table
          0 start setup of node (version/commit, rfsim params, mode, init script)
          0 00:00:00.000 [D] Cli-----------: Input: version
          0 00:00:00.000 [D] Cli-----------: Output: OPENTHREAD/thread-reference-20250612-424-ga12ff0d0f-dirty; RFSIM; Sep 19 2026 13:20:45
          0 00:00:00.000 [D] Cli-----------: Output: Done
          0 00:00:00.000 [D] Cli-----------: Input: thread version
          0 00:00:00.000 [D] Cli-----------: Output: 5
          0 00:00:00.000 [D] Cli-----------: Output: Done
          0 00:00:00.000 [D] Cli-----------: Input: mode rdn
          0 00:00:00.000 [D] Cli-----------: Output: Done
          0 00:00:00.000 [D] Cli-----------: Input: dataset init new
          0 00:00:00.000 [D] Cli-----------: Output: Done
          0 00:00:00.000 [D] Cli-----------: Input: dataset networkname otns
          0 00:00:00.000 [D] Cli-----------: Output: Done
          0 00:00:00.000 [D] Cli-----------: Input: dataset networkkey 00112233445566778899aabbccddeeff
          0 00:00:00.000 [D] Cli-----------: Output: Done
          0 00:00:00.000 [D] Cli-----------: Input: dataset panid 0xface
          0 00:00:00.000 [D] Cli-----------: Output: Done
          0 00:00:00.000 [D] Cli-----------: Input: dataset channel 11
          0 00:00:00.000 [D] Cli-----------: Output: Done
          0 00:00:00.000 [D] Cli-----------: Input: dataset extpanid dead00beef00cafe
          0 00:00:00.000 [D] Cli-----------: Output: Done
          0 00:00:00.000 [D] Cli-----------: Input: dataset meshlocalprefix fdde:ad00:beef:0::
          0 00:00:00.000 [D] Cli-----------: Output: Done
          0 00:00:00.000 [D] Cli-----------: Input: dataset pskc 3aa55f91ca47d1e4e71a08cb35e91591
          0 00:00:00.000 [D] Cli-----------: Output: Done
          0 00:00:00.000 [D] Cli-----------: Input: dataset commit active
          0 00:00:00.000 [I] Settings------: Saved ActiveDataset
          0 00:00:00.000 [I] DatasetManager: Active dataset set
          0 00:00:00.000 [D] SubMac--------: RadioPanId: 0xface
          0 00:00:00.000 [D] Cli-----------: Output: Done
          0 00:00:00.000 [I] Notifier------: StateChanged (0x101dc100) [KeySeqCntr Channel PanId NetName NetworkKey PSKc SecPolicy ActDset]
          0 00:00:00.000 [I] AnnounceSender: ChannelMask:{ 11-26 }, period:21500
          0 00:00:00.000 [I] AnnounceSender: StartingChannel:11
          0 00:00:00.000 [I] AnnounceSender: StartingChannel:11
          0 00:00:00.000 [D] Cli-----------: Input: ifconfig up
          0 00:00:00.000 [D] SubMac--------: RxOnWhenIdle: 1
          0 00:00:00.000 [D] SubMac--------: RadioState: Sleep -> Receive
          0 00:00:00.000 [D] Mac-----------: Idle mode: Radio receiving on channel 11
          0 00:00:00.000 [D] Cli-----------: Output: Done
          0 00:00:00.000 [I] Notifier------: StateChanged (0x01001009) [Ip6+ LLAddr Ip6Mult+ NetifState]
          0 00:00:00.000 [D] Cli-----------: Input: thread start
          0 00:00:00.000 [N] Mle-----------: Role disabled -> detached
          0 set node RLOC16: fffe -> fffe
          0 00:00:00.000 [D] SubMac--------: RadioShortAddress: 0xfffe
          0 00:00:00.000 [I] Mle-----------: AttachState Idle -> Start
          0 00:00:00.000 [D] Cli-----------: Output: Done
          0 00:00:00.000 [I] Notifier------: StateChanged (0x10001005) [Ip6+ Role Ip6Mult+ ActDset]
          0 00:00:00.000 [I] AnnounceSender: Stopped
          0 00:00:00.000 [D] Cli-----------: Input: txpower 20
          0 00:00:00.000 [D] Cli-----------: Output: Done
          0 00:00:00.000 [D] Cli-----------: Input: txpower
          0 00:00:00.000 [D] Cli-----------: Output: 20 dBm
          0 00:00:00.000 [D] Cli-----------: Output: Done
     349836 00:00:00.349 [D] Mac-----------: ==============================[RX len=063]==============================
     349836 00:00:00.349 [D] Mac-----------: | 41 D8 1D CE FA FF FF C6 | D2 3D 37 B8 88 E0 BE 7F | A........=7..... |
     349836 00:00:00.349 [D] Mac-----------: | 3B 02 F0 4D 4C 4D 4C 27 | 84 00 15 00 00 00 00 00 | ;..MLML'........ |
     349836 00:00:00.349 [D] Mac-----------: | 00 00 00 01 86 28 A4 25 | 49 1B 50 10 D2 DD AB F7 | .....(.%I.P..... |
     349836 00:00:00.349 [D] Mac-----------: | 77 A8 B5 87 11 94 56 99 | 25 09 00 39 45 93 1F    | w.....V.%..9E..  |
     349836 00:00:00.349 [D] Mac-----------: ------------------------------------------------------------------------
     349836 00:00:00.349 [I] MeshForwarder-: Received IPv6 UDP msg, len:84, chksum:2784, ecn:no, from:bee088b8373dd2c6, sec:no, prio:net, rss:-31.0
     349836 00:00:00.349 [I] MeshForwarder-:     src:[fe80:0:0:0:bce0:88b8:373d:d2c6]:19788
     349836 00:00:00.349 [I] MeshForwarder-:     dst:[ff02:0:0:0:0:0:0:2]:19788
     349836 00:00:00.349 [D] Mac-----------: Idle mode: Radio receiving on channel 11
     472876 00:00:00.472 [N] Mle-----------: Attach attempt 1, AnyPartition reattaching with Active Dataset
     472876 00:00:00.472 [I] Mle-----------: AttachState Start -> ParentReq
     472876 00:00:00.472 [N] Mle-----------: FAST_ATTACH event=parent_request_sent scan_mask=0x80 enabled=0
     472876 00:00:00.472 [I] Mle-----------: Send Parent Request to routers (ff02:0:0:0:0:0:0:2)
     472876 00:00:00.472 [D] Mac-----------: Request to start operation "TransmitDataDirect"
     472876 00:00:00.472 [D] Mac-----------: Starting operation "TransmitDataDirect"
     472876 00:00:00.472 [D] SubMac--------: RadioState: Receive -> CsmaBackoff
     474476 00:00:00.474 [D] SubMac--------: RadioState: CsmaBackoff -> Transmit
     476852 00:00:00.476 [D] SubMac--------: RadioState: Transmit -> Receive
     476852 00:00:00.476 [D] Mac-----------: ==============================[TX len=063]==============================
     476852 00:00:00.476 [D] Mac-----------: | 41 D8 EE CE FA FF FF 89 | D1 91 A3 12 DE 28 7E 7F | A............(~. |
     476852 00:00:00.476 [D] Mac-----------: | 3B 02 F0 4D 4C 4D 4C B2 | 77 00 15 00 00 00 00 00 | ;..MLML.w....... |
     476852 00:00:00.476 [D] Mac-----------: | 00 00 00 01 1F 0E 92 94 | F0 B4 8F C9 83 1F 7A 63 | ..............zc |
     476852 00:00:00.476 [D] Mac-----------: | 35 5E E4 AE 25 E6 0B 9B | BE 46 E6 6A 75 16 A5    | 5^..%....F.ju..  |
     476852 00:00:00.476 [D] Mac-----------: ------------------------------------------------------------------------
     476852 00:00:00.476 [D] Mac-----------: Finishing operation "TransmitDataDirect"
     476852 00:00:00.476 [I] MeshForwarder-: Sent IPv6 UDP msg, len:84, chksum:b277, ecn:no, to:0xffff, sec:no, prio:net
     476852 00:00:00.476 [I] MeshForwarder-:     src:[fe80:0:0:0:7c28:de12:a391:d189]:19788
     476852 00:00:00.476 [I] MeshForwarder-:     dst:[ff02:0:0:0:0:0:0:2]:19788
     476852 00:00:00.476 [D] Mac-----------: Idle mode: Radio receiving on channel 11
    1101548 00:00:01.101 [D] Mac-----------: ==============================[RX len=063]==============================
    1101548 00:00:01.101 [D] Mac-----------: | 41 D8 1E CE FA FF FF C6 | D2 3D 37 B8 88 E0 BE 7F | A........=7..... |
    1101548 00:00:01.101 [D] Mac-----------: | 3B 02 F0 4D 4C 4D 4C B8 | 6C 00 15 01 00 00 00 00 | ;..MLML.l....... |
    1101548 00:00:01.101 [D] Mac-----------: | 00 00 00 01 86 95 45 33 | 64 FB 0C 50 9E F1 C0 D8 | ......E3d..P.... |
    1101548 00:00:01.101 [D] Mac-----------: | 22 23 1E 53 E7 DA F8 35 | 01 C0 4A 37 50 25 EF    | "#.S...5..J7P%.  |
    1101548 00:00:01.101 [D] Mac-----------: ------------------------------------------------------------------------
    1101548 00:00:01.101 [I] MeshForwarder-: Received IPv6 UDP msg, len:84, chksum:b86c, ecn:no, from:bee088b8373dd2c6, sec:no, prio:net, rss:-31.0
    1101548 00:00:01.101 [I] MeshForwarder-:     src:[fe80:0:0:0:bce0:88b8:373d:d2c6]:19788
    1101548 00:00:01.101 [I] MeshForwarder-:     dst:[ff02:0:0:0:0:0:0:2]:19788
    1101548 00:00:01.101 [D] Mac-----------: Idle mode: Radio receiving on channel 11
    1222588 00:00:01.222 [N] Mle-----------: FAST_ATTACH event=parent_request_sent scan_mask=0x80 enabled=0
    1222588 00:00:01.222 [I] Mle-----------: Send Parent Request to routers (ff02:0:0:0:0:0:0:2)
    1222588 00:00:01.222 [D] Mac-----------: Request to start operation "TransmitDataDirect"
    1222588 00:00:01.222 [D] Mac-----------: Starting operation "TransmitDataDirect"
    1222588 00:00:01.222 [D] SubMac--------: RadioState: Receive -> CsmaBackoff
    1223868 00:00:01.223 [D] SubMac--------: RadioState: CsmaBackoff -> Transmit
    1226244 00:00:01.226 [D] SubMac--------: RadioState: Transmit -> Receive
    1226244 00:00:01.226 [D] Mac-----------: ==============================[TX len=063]==============================
    1226244 00:00:01.226 [D] Mac-----------: | 41 D8 EF CE FA FF FF 89 | D1 91 A3 12 DE 28 7E 7F | A............(~. |
    1226244 00:00:01.226 [D] Mac-----------: | 3B 02 F0 4D 4C 4D 4C ED | 72 00 15 01 00 00 00 00 | ;..MLML.r....... |
    1226244 00:00:01.226 [D] Mac-----------: | 00 00 00 01 B5 39 7C 6A | EC 29 10 2C 51 C4 5A 0D | .....9|j.).,Q.Z. |
    1226244 00:00:01.226 [D] Mac-----------: | 61 0D 69 84 28 92 45 A1 | FC F4 A8 21 E2 C0 7B    | a.i.(.E....!..{  |
    1226244 00:00:01.226 [D] Mac-----------: ------------------------------------------------------------------------
    1226244 00:00:01.226 [D] Mac-----------: Finishing operation "TransmitDataDirect"
    1226244 00:00:01.226 [I] MeshForwarder-: Sent IPv6 UDP msg, len:84, chksum:ed72, ecn:no, to:0xffff, sec:no, prio:net
    1226244 00:00:01.226 [I] MeshForwarder-:     src:[fe80:0:0:0:7c28:de12:a391:d189]:19788
    1226244 00:00:01.226 [I] MeshForwarder-:     dst:[ff02:0:0:0:0:0:0:2]:19788
    1226244 00:00:01.226 [D] Mac-----------: Idle mode: Radio receiving on channel 11
    1850940 00:00:01.850 [D] Mac-----------: ==============================[RX len=063]==============================
    1850940 00:00:01.850 [D] Mac-----------: | 41 D8 1F CE FA FF FF C6 | D2 3D 37 B8 88 E0 BE 7F | A........=7..... |
    1850940 00:00:01.850 [D] Mac-----------: | 3B 02 F0 4D 4C 4D 4C 43 | D7 00 15 02 00 00 00 00 | ;..MLMLC........ |
    1850940 00:00:01.850 [D] Mac-----------: | 00 00 00 01 C5 12 FB AB | 93 F6 4F EA E2 67 7E EA | ..........O..g~. |
    1850940 00:00:01.850 [D] Mac-----------: | 25 CF E5 71 93 DA CC CF | 94 40 7D B2 6B 08 7A    | %..q.....@}.k.z  |
    1850940 00:00:01.850 [D] Mac-----------: ------------------------------------------------------------------------
    1850940 00:00:01.850 [I] MeshForwarder-: Received IPv6 UDP msg, len:84, chksum:43d7, ecn:no, from:bee088b8373dd2c6, sec:no, prio:net, rss:-31.0
    1850940 00:00:01.850 [I] MeshForwarder-:     src:[fe80:0:0:0:bce0:88b8:373d:d2c6]:19788
    1850940 00:00:01.850 [I] MeshForwarder-:     dst:[ff02:0:0:0:0:0:0:2]:19788
    1850940 00:00:01.850 [D] Mac-----------: Idle mode: Radio receiving on channel 11
    1972980 00:00:01.972 [N] Mle-----------: FAST_ATTACH event=parent_request_sent scan_mask=0xc0 enabled=0
    1972980 00:00:01.972 [I] Mle-----------: Send Parent Request to routers and REEDs (ff02:0:0:0:0:0:0:2)
    1972980 00:00:01.972 [D] Mac-----------: Request to start operation "TransmitDataDirect"
    1972980 00:00:01.972 [D] Mac-----------: Starting operation "TransmitDataDirect"
    1972980 00:00:01.972 [D] SubMac--------: RadioState: Receive -> CsmaBackoff
    1973620 00:00:01.973 [D] SubMac--------: RadioState: CsmaBackoff -> Transmit
    1975996 00:00:01.975 [D] SubMac--------: RadioState: Transmit -> Receive
    1975996 00:00:01.975 [D] Mac-----------: ==============================[TX len=063]==============================
    1975996 00:00:01.975 [D] Mac-----------: | 41 D8 F0 CE FA FF FF 89 | D1 91 A3 12 DE 28 7E 7F | A............(~. |
    1975996 00:00:01.975 [D] Mac-----------: | 3B 02 F0 4D 4C 4D 4C BA | DA 00 15 02 00 00 00 00 | ;..MLML......... |
    1975996 00:00:01.975 [D] Mac-----------: | 00 00 00 01 F3 13 7D 9C | FF 62 31 08 18 57 28 50 | ......}..b1..W(P |
    1975996 00:00:01.975 [D] Mac-----------: | 25 B9 5F B5 6A 67 B4 92 | 04 F0 08 BE 9E 67 0D    | %._.jg.......g.  |
    1975996 00:00:01.975 [D] Mac-----------: ------------------------------------------------------------------------
    1975996 00:00:01.975 [D] Mac-----------: Finishing operation "TransmitDataDirect"
    1975996 00:00:01.975 [I] MeshForwarder-: Sent IPv6 UDP msg, len:84, chksum:bada, ecn:no, to:0xffff, sec:no, prio:net
    1975996 00:00:01.975 [I] MeshForwarder-:     src:[fe80:0:0:0:7c28:de12:a391:d189]:19788
    1975996 00:00:01.975 [I] MeshForwarder-:     dst:[ff02:0:0:0:0:0:0:2]:19788
    1975996 00:00:01.975 [D] Mac-----------: Idle mode: Radio receiving on channel 11
    3101012 00:00:03.101 [D] Mac-----------: ==============================[RX len=063]==============================
    3101012 00:00:03.101 [D] Mac-----------: | 41 D8 20 CE FA FF FF C6 | D2 3D 37 B8 88 E0 BE 7F | A. ......=7..... |
    3101012 00:00:03.101 [D] Mac-----------: | 3B 02 F0 4D 4C 4D 4C 5D | 08 00 15 03 00 00 00 00 | ;..MLML]........ |
    3101012 00:00:03.101 [D] Mac-----------: | 00 00 00 01 5B E7 3F 21 | 8E C1 1E 4A 33 48 CD 8E | ....[.?!...J3H.. |
    3101012 00:00:03.101 [D] Mac-----------: | 6B E2 D1 8E D3 91 B2 6A | 09 ED C1 6F E6 C4 5A    | k......j...o..Z  |
    3101012 00:00:03.101 [D] Mac-----------: ------------------------------------------------------------------------
    3101012 00:00:03.101 [I] MeshForwarder-: Received IPv6 UDP msg, len:84, chksum:5d08, ecn:no, from:bee088b8373dd2c6, sec:no, prio:net, rss:-31.0
    3101012 00:00:03.101 [I] MeshForwarder-:     src:[fe80:0:0:0:bce0:88b8:373d:d2c6]:19788
    3101012 00:00:03.101 [I] MeshForwarder-:     dst:[ff02:0:0:0:0:0:0:2]:19788
    3101012 00:00:03.101 [D] Mac-----------: Idle mode: Radio receiving on channel 11
    3222052 00:00:03.222 [N] Mle-----------: FAST_ATTACH event=parent_request_sent scan_mask=0xc0 enabled=0
    3222052 00:00:03.222 [I] Mle-----------: Send Parent Request to routers and REEDs (ff02:0:0:0:0:0:0:2)
    3222052 00:00:03.222 [D] Mac-----------: Request to start operation "TransmitDataDirect"
    3222052 00:00:03.222 [D] Mac-----------: Starting operation "TransmitDataDirect"
    3222052 00:00:03.222 [D] SubMac--------: RadioState: Receive -> CsmaBackoff
    3223652 00:00:03.223 [D] SubMac--------: RadioState: CsmaBackoff -> Transmit
    3226028 00:00:03.226 [D] SubMac--------: RadioState: Transmit -> Receive
    3226028 00:00:03.226 [D] Mac-----------: ==============================[TX len=063]==============================
    3226028 00:00:03.226 [D] Mac-----------: | 41 D8 F1 CE FA FF FF 89 | D1 91 A3 12 DE 28 7E 7F | A............(~. |
    3226028 00:00:03.226 [D] Mac-----------: | 3B 02 F0 4D 4C 4D 4C AB | 8F 00 15 03 00 00 00 00 | ;..MLML......... |
    3226028 00:00:03.226 [D] Mac-----------: | 00 00 00 01 F9 47 7A B4 | 4C A7 77 C1 60 EE 83 EB | .....Gz.L.w.`... |
    3226028 00:00:03.226 [D] Mac-----------: | 79 A8 12 54 03 E6 17 16 | D4 4F 79 60 6B 42 E4    | y..T.....Oy`kB.  |
    3226028 00:00:03.226 [D] Mac-----------: ------------------------------------------------------------------------
    3226028 00:00:03.226 [D] Mac-----------: Finishing operation "TransmitDataDirect"
    3226028 00:00:03.226 [I] MeshForwarder-: Sent IPv6 UDP msg, len:84, chksum:ab8f, ecn:no, to:0xffff, sec:no, prio:net
    3226028 00:00:03.226 [I] MeshForwarder-:     src:[fe80:0:0:0:7c28:de12:a391:d189]:19788
    3226028 00:00:03.226 [I] MeshForwarder-:     dst:[ff02:0:0:0:0:0:0:2]:19788
    3226028 00:00:03.226 [D] Mac-----------: Idle mode: Radio receiving on channel 11
    4351684 00:00:04.351 [D] Mac-----------: ==============================[RX len=063]==============================
    4351684 00:00:04.351 [D] Mac-----------: | 41 D8 21 CE FA FF FF C6 | D2 3D 37 B8 88 E0 BE 7F | A.!......=7..... |
    4351684 00:00:04.351 [D] Mac-----------: | 3B 02 F0 4D 4C 4D 4C 60 | 62 00 15 04 00 00 00 00 | ;..MLML`b....... |
    4351684 00:00:04.351 [D] Mac-----------: | 00 00 00 01 35 C9 B4 27 | DA A5 68 0B B1 63 1E 60 | ....5..'..h..c.` |
    4351684 00:00:04.351 [D] Mac-----------: | 02 A5 51 FF 59 85 0B 24 | 03 2B D3 D2 D7 D7 5E    | ..Q.Y..$.+....^  |
    4351684 00:00:04.351 [D] Mac-----------: ------------------------------------------------------------------------
    4351684 00:00:04.351 [I] MeshForwarder-: Received IPv6 UDP msg, len:84, chksum:6062, ecn:no, from:bee088b8373dd2c6, sec:no, prio:net, rss:-31.0
    4351684 00:00:04.351 [I] MeshForwarder-:     src:[fe80:0:0:0:bce0:88b8:373d:d2c6]:19788
    4351684 00:00:04.351 [I] MeshForwarder-:     dst:[ff02:0:0:0:0:0:0:2]:19788
    4351684 00:00:04.351 [D] Mac-----------: Idle mode: Radio receiving on channel 11
    4472724 00:00:04.472 [N] Mle-----------: FAST_ATTACH event=parent_request_sent scan_mask=0xc0 enabled=0
    4472724 00:00:04.472 [I] Mle-----------: Send Parent Request to routers and REEDs (ff02:0:0:0:0:0:0:2)
    4472724 00:00:04.472 [D] Mac-----------: Request to start operation "TransmitDataDirect"
    4472724 00:00:04.472 [D] Mac-----------: Starting operation "TransmitDataDirect"
    4472724 00:00:04.472 [D] SubMac--------: RadioState: Receive -> CsmaBackoff
    4474644 00:00:04.474 [D] SubMac--------: RadioState: CsmaBackoff -> Transmit
    4477020 00:00:04.477 [D] SubMac--------: RadioState: Transmit -> Receive
    4477020 00:00:04.477 [D] Mac-----------: ==============================[TX len=063]==============================
    4477020 00:00:04.477 [D] Mac-----------: | 41 D8 F2 CE FA FF FF 89 | D1 91 A3 12 DE 28 7E 7F | A............(~. |
    4477020 00:00:04.477 [D] Mac-----------: | 3B 02 F0 4D 4C 4D 4C 9C | 16 00 15 04 00 00 00 00 | ;..MLML......... |
    4477020 00:00:04.477 [D] Mac-----------: | 00 00 00 01 0D 7E B7 09 | 61 FA 5A 88 32 DC 03 83 | .....~..a.Z.2... |
    4477020 00:00:04.477 [D] Mac-----------: | 88 00 74 86 86 3D BD B5 | 9C 22 D0 EF 91 BC 12    | ..t..=...".....  |
    4477020 00:00:04.477 [D] Mac-----------: ------------------------------------------------------------------------
    4477020 00:00:04.477 [D] Mac-----------: Finishing operation "TransmitDataDirect"
    4477020 00:00:04.477 [I] MeshForwarder-: Sent IPv6 UDP msg, len:84, chksum:9c16, ecn:no, to:0xffff, sec:no, prio:net
    4477020 00:00:04.477 [I] MeshForwarder-:     src:[fe80:0:0:0:7c28:de12:a391:d189]:19788
    4477020 00:00:04.477 [I] MeshForwarder-:     dst:[ff02:0:0:0:0:0:0:2]:19788
    4477020 00:00:04.477 [D] Mac-----------: Idle mode: Radio receiving on channel 11
    5601676 00:00:05.601 [D] Mac-----------: ==============================[RX len=063]==============================
    5601676 00:00:05.601 [D] Mac-----------: | 41 D8 22 CE FA FF FF C6 | D2 3D 37 B8 88 E0 BE 7F | A."......=7..... |
    5601676 00:00:05.601 [D] Mac-----------: | 3B 02 F0 4D 4C 4D 4C 13 | C7 00 15 05 00 00 00 00 | ;..MLML......... |
    5601676 00:00:05.601 [D] Mac-----------: | 00 00 00 01 54 DC AF 47 | 70 5C C6 E3 1B 38 C6 96 | ....T..Gp\...8.. |
    5601676 00:00:05.601 [D] Mac-----------: | 70 84 A3 7C D9 6B 9B AA | DB B3 93 FE E9 41 56    | p..|.k.......AV  |
    5601676 00:00:05.601 [D] Mac-----------: ------------------------------------------------------------------------
    5601676 00:00:05.601 [I] MeshForwarder-: Received IPv6 UDP msg, len:84, chksum:13c7, ecn:no, from:bee088b8373dd2c6, sec:no, prio:net, rss:-31.0
    5601676 00:00:05.601 [I] MeshForwarder-:     src:[fe80:0:0:0:bce0:88b8:373d:d2c6]:19788
    5601676 00:00:05.601 [I] MeshForwarder-:     dst:[ff02:0:0:0:0:0:0:2]:19788
    5601676 00:00:05.601 [D] Mac-----------: Idle mode: Radio receiving on channel 11
    5722716 00:00:05.722 [N] Mle-----------: FAST_ATTACH event=parent_request_sent scan_mask=0xc0 enabled=0
    5722716 00:00:05.722 [I] Mle-----------: Send Parent Request to routers and REEDs (ff02:0:0:0:0:0:0:2)
    5722716 00:00:05.722 [D] Mac-----------: Request to start operation "TransmitDataDirect"
    5722716 00:00:05.722 [D] Mac-----------: Starting operation "TransmitDataDirect"
    5722716 00:00:05.722 [D] SubMac--------: RadioState: Receive -> CsmaBackoff
    5722716 00:00:05.722 [D] SubMac--------: RadioState: CsmaBackoff -> Transmit
    5725092 00:00:05.725 [D] SubMac--------: RadioState: Transmit -> Receive
    5725092 00:00:05.725 [D] Mac-----------: ==============================[TX len=063]==============================
    5725092 00:00:05.725 [D] Mac-----------: | 41 D8 F3 CE FA FF FF 89 | D1 91 A3 12 DE 28 7E 7F | A............(~. |
    5725092 00:00:05.725 [D] Mac-----------: | 3B 02 F0 4D 4C 4D 4C B6 | F3 00 15 05 00 00 00 00 | ;..MLML......... |
    5725092 00:00:05.725 [D] Mac-----------: | 00 00 00 01 EB DA 9A 3F | 8F 3F 3A 52 4C 04 5B 7E | .......?.?:RL.[~ |
    5725092 00:00:05.725 [D] Mac-----------: | E7 29 5A D9 02 57 25 D8 | D6 BA D7 BE 09 DE C3    | .)Z..W%........  |
    5725092 00:00:05.725 [D] Mac-----------: ------------------------------------------------------------------------
    5725092 00:00:05.725 [D] Mac-----------: Finishing operation "TransmitDataDirect"
    5725092 00:00:05.725 [I] MeshForwarder-: Sent IPv6 UDP msg, len:84, chksum:b6f3, ecn:no, to:0xffff, sec:no, prio:net
    5725092 00:00:05.725 [I] MeshForwarder-:     src:[fe80:0:0:0:7c28:de12:a391:d189]:19788
    5725092 00:00:05.725 [I] MeshForwarder-:     dst:[ff02:0:0:0:0:0:0:2]:19788
    5725092 00:00:05.725 [D] Mac-----------: Idle mode: Radio receiving on channel 11
    6851172 00:00:06.851 [D] Mac-----------: ==============================[RX len=075]==============================
    6851172 00:00:06.851 [D] Mac-----------: | 41 D8 23 CE FA FF FF C6 | D2 3D 37 B8 88 E0 BE 7F | A.#......=7..... |
    6851172 00:00:06.851 [D] Mac-----------: | 3B 01 F0 4D 4C 4D 4C 68 | 8C 00 15 06 00 00 00 00 | ;..MLMLh........ |
    6851172 00:00:06.851 [D] Mac-----------: | 00 00 00 01 74 C8 80 1C | 4A 6E 5C E8 91 22 70 B8 | ....t...Jn\.."p. |
    6851172 00:00:06.851 [D] Mac-----------: | F7 F6 5F 3A 86 4C 7E 4F | 2E 9C 72 56 86 BA DF 72 | .._:.L~O..rV...r |
    6851172 00:00:06.851 [D] Mac-----------: | F9 00 2A E5 1D A4 8E 19 | 52 24 68                | ..*.....R$h      |
    6851172 00:00:06.851 [D] Mac-----------: ------------------------------------------------------------------------
    6851172 00:00:06.851 [I] MeshForwarder-: Received IPv6 UDP msg, len:96, chksum:688c, ecn:no, from:bee088b8373dd2c6, sec:no, prio:net, rss:-31.0
    6851172 00:00:06.851 [I] MeshForwarder-:     src:[fe80:0:0:0:bce0:88b8:373d:d2c6]:19788
    6851172 00:00:06.851 [I] MeshForwarder-:     dst:[ff02:0:0:0:0:0:0:1]:19788
    6851172 00:00:06.851 [D] Mle-----------: Receive MLE message
    6851172 00:00:06.851 [I] Mle-----------: Receive Data Response (fe80:0:0:0:bce0:88b8:373d:d2c6)
    6851172 00:00:06.851 [I] Mle-----------: Failed to process Data Response: Drop
    6851172 00:00:06.851 [D] Mac-----------: Idle mode: Radio receiving on channel 11
    6972212 00:00:06.972 [I] Mle-----------: AttachState ParentReq -> Idle
    6972212 00:00:06.972 [N] RouterTable---: Allocate router id 18
    6972212 00:00:06.972 [N] Mle-----------: RLOC16 fffe -> 4800
    6972212 set node RLOC16: fffe -> 4800
    6972212 00:00:06.972 [D] SubMac--------: RadioShortAddress: 0x4800
    6972212 00:00:06.972 [N] Mle-----------: Role detached -> leader
    6972212 00:00:06.972 [N] Mle-----------: Partition ID 0xbb092b3
    6972212 00:00:06.972 [I] RouterTable---: Route table
    6972212 00:00:06.972 [I] RouterTable---:     18 0x4800 - me - leader
    6972212 00:00:06.972 [I] Notifier------: StateChanged (0x100012a5) [Ip6+ Role Rloc+ PartitionId NetData Ip6Mult+ ActDset]
    6972212 00:00:06.972 [I] Settings------: Saved NetworkInfo {rloc:0x4800, extaddr:7e28de12a391d189, role:leader, mode:0x0f, version:5, keyseq:0x0, ...
    6972212 00:00:06.972 [I] Settings------: ... pid:0xbb092b3, mlecntr:0x3ef, maccntr:0x3e8, mliid:2a0a455ca637cb55}
    6972212 00:00:06.972 [D] Mle-----------: Store Network Information
    6972212 00:00:06.972 [I] Mle-----------: Send Data Response (ff02:0:0:0:0:0:0:1)
    6972212 00:00:06.972 [I] Settings------: Re-saved NetworkInfo {rloc:0x4800, extaddr:7e28de12a391d189, role:leader, mode:0x0f, version:5, keyseq:0x0, ...
    6972212 00:00:06.972 [I] Settings------: ... pid:0xbb092b3, mlecntr:0x3ef, maccntr:0x3e8, mliid:2a0a455ca637cb55}
    6972212 00:00:06.972 [D] Mle-----------: Store Network Information
    6972212 00:00:06.972 [I] BbrLeader-----: PBBR state: None
    6972212 00:00:06.972 [D] MlrManager----: MlrManager::UpdateReregistrationDelay: rereg=0, needSendMlr=0, ReregDelay=0
    6972212 00:00:06.972 [I] AnnounceSender: Started
    6972212 00:00:06.972 [D] Mac-----------: Request to start operation "TransmitDataDirect"
    6972212 00:00:06.972 [D] Mac-----------: Starting operation "TransmitDataDirect"
    6972212 00:00:06.972 [D] SubMac--------: RadioState: Receive -> CsmaBackoff
    6972212 00:00:06.972 [D] SubMac--------: RadioState: CsmaBackoff -> Transmit
    6974972 00:00:06.974 [D] SubMac--------: RadioState: Transmit -> Receive
    6974972 00:00:06.974 [D] Mac-----------: ==============================[TX len=075]==============================
    6974972 00:00:06.974 [D] Mac-----------: | 41 D8 F4 CE FA FF FF 89 | D1 91 A3 12 DE 28 7E 7F | A............(~. |
    6974972 00:00:06.974 [D] Mac-----------: | 3B 01 F0 4D 4C 4D 4C 5F | 58 00 15 06 00 00 00 00 | ;..MLML_X....... |
    6974972 00:00:06.974 [D] Mac-----------: | 00 00 00 01 C2 42 CE CA | 7A 93 C8 33 B3 D2 BA 38 | .....B..z..3...8 |
    6974972 00:00:06.974 [D] Mac-----------: | F7 20 BF 30 3D 8C 59 C8 | AF B6 F8 00 29 1A 1C EE | . .0=.Y.....)... |
    6974972 00:00:06.974 [D] Mac-----------: | F0 BC 97 07 91 DC 8E 49 | 78 3E E9                | .......Ix>.      |
    6974972 00:00:06.974 [D] Mac-----------: ------------------------------------------------------------------------
    6974972 00:00:06.974 [D] Mac-----------: Finishing operation "TransmitDataDirect"
    6974972 00:00:06.974 [I] MeshForwarder-: Sent IPv6 UDP msg, len:96, chksum:5f58, ecn:no, to:0xffff, sec:no, prio:net
    6974972 00:00:06.974 [I] MeshForwarder-:     src:[fe80:0:0:0:7c28:de12:a391:d189]:19788
    6974972 00:00:06.974 [I] MeshForwarder-:     dst:[ff02:0:0:0:0:0:0:1]:19788
    6974972 00:00:06.974 [D] Mac-----------: Idle mode: Radio receiving on channel 11
    7487612 00:00:07.487 [I] Mle-----------: Send Advertisement (ff02:0:0:0:0:0:0:1)
    7487612 00:00:07.487 [D] Mac-----------: Request to start operation "TransmitDataDirect"
    7487612 00:00:07.487 [D] Mac-----------: Starting operation "TransmitDataDirect"
    7487612 00:00:07.487 [D] SubMac--------: RadioState: Receive -> CsmaBackoff
    7488252 00:00:07.488 [D] SubMac--------: RadioState: CsmaBackoff -> Transmit
    7490820 00:00:07.490 [D] SubMac--------: RadioState: Transmit -> Receive
    7490820 00:00:07.490 [D] Mac-----------: ==============================[TX len=069]==============================
    7490820 00:00:07.490 [D] Mac-----------: | 41 D8 F5 CE FA FF FF 89 | D1 91 A3 12 DE 28 7E 7F | A............(~. |
    7490820 00:00:07.490 [D] Mac-----------: | 3B 01 F0 4D 4C 4D 4C 1F | BB 00 15 07 00 00 00 00 | ;..MLML......... |
    7490820 00:00:07.490 [D] Mac-----------: | 00 00 00 01 92 07 17 7D | A5 09 18 D5 7B 12 52 1F | .......}....{.R. |
    7490820 00:00:07.490 [D] Mac-----------: | 1F 1F 15 C3 32 EF D7 15 | B7 36 9D 92 70 2F 4A 85 | ....2....6..p/J. |
    7490820 00:00:07.490 [D] Mac-----------: | AD 75 16 89 B6          |                         | .u...            |
    7490820 00:00:07.490 [D] Mac-----------: ------------------------------------------------------------------------
    7490820 00:00:07.490 [D] Mac-----------: Finishing operation "TransmitDataDirect"
    7490820 00:00:07.490 [I] MeshForwarder-: Sent IPv6 UDP msg, len:90, chksum:1fbb, ecn:no, to:0xffff, sec:no, prio:net
    7490820 00:00:07.490 [I] MeshForwarder-:     src:[fe80:0:0:0:7c28:de12:a391:d189]:19788
    7490820 00:00:07.490 [I] MeshForwarder-:     dst:[ff02:0:0:0:0:0:0:1]:19788
    7490820 00:00:07.490 [D] Mac-----------: Idle mode: Radio receiving on channel 11
    7768028 00:00:07.768 [D] Mac-----------: ==============================[RX len=069]==============================
    7768028 00:00:07.768 [D] Mac-----------: | 41 D8 24 CE FA FF FF C6 | D2 3D 37 B8 88 E0 BE 7F | A.$......=7..... |
    7768028 00:00:07.768 [D] Mac-----------: | 3B 01 F0 4D 4C 4D 4C 4A | 55 00 15 07 00 00 00 00 | ;..MLMLJU....... |
    7768028 00:00:07.768 [D] Mac-----------: | 00 00 00 01 FF 8E 20 97 | 02 08 38 D2 BF 17 3C 31 | ...... ...8...<1 |
    7768028 00:00:07.768 [D] Mac-----------: | 8F 62 32 A5 3E 1F 82 C5 | 0B 32 95 B0 98 20 23 50 | .b2.>....2... #P |
    7768028 00:00:07.768 [D] Mac-----------: | A2 3B 8E 7D 94          |                         | .;.}.            |
    7768028 00:00:07.768 [D] Mac-----------: ------------------------------------------------------------------------
    7768028 00:00:07.768 [I] MeshForwarder-: Received IPv6 UDP msg, len:90, chksum:4a55, ecn:no, from:bee088b8373dd2c6, sec:no, prio:net, rss:-31.0
    7768028 00:00:07.768 [I] MeshForwarder-:     src:[fe80:0:0:0:bce0:88b8:373d:d2c6]:19788
    7768028 00:00:07.768 [I] MeshForwarder-:     dst:[ff02:0:0:0:0:0:0:1]:19788
    7768028 00:00:07.768 [D] Mle-----------: Receive MLE message
    7768028 00:00:07.768 [I] Mle-----------: Receive Advertisement (fe80:0:0:0:bce0:88b8:373d:d2c6,0xf800)
    7768028 00:00:07.768 [N] Mle-----------: Different partition (peer:1827618881, local:196121267)
    7768028 00:00:07.768 [I] Mle-----------: AttachState Idle -> Start
    7768028 00:00:07.768 [I] Mle-----------: Failed to process Advertisement: Drop
    7768028 00:00:07.768 [D] Mac-----------: Idle mode: Radio receiving on channel 11
    7769068 00:00:07.769 [N] Mle-----------: Attach attempt 0, BetterPartition
    7769068 00:00:07.769 [I] Mle-----------: AttachState Start -> ParentReq
    7769068 00:00:07.769 [N] Mle-----------: FAST_ATTACH event=parent_request_sent scan_mask=0x80 enabled=0
    7769068 00:00:07.769 [I] Mle-----------: Send Parent Request to routers (ff02:0:0:0:0:0:0:2)
    7769068 00:00:07.769 [D] Mac-----------: Request to start operation "TransmitDataDirect"
    7769068 00:00:07.769 [D] Mac-----------: Starting operation "TransmitDataDirect"
    7769068 00:00:07.769 [D] SubMac--------: RadioState: Receive -> CsmaBackoff
    7770028 00:00:07.770 [D] SubMac--------: RadioState: CsmaBackoff -> Transmit
    7772404 00:00:07.772 [D] SubMac--------: RadioState: Transmit -> Receive
    7772404 00:00:07.772 [D] Mac-----------: ==============================[TX len=063]==============================
    7772404 00:00:07.772 [D] Mac-----------: | 41 D8 F6 CE FA FF FF 89 | D1 91 A3 12 DE 28 7E 7F | A............(~. |
    7772404 00:00:07.772 [D] Mac-----------: | 3B 02 F0 4D 4C 4D 4C A1 | 21 00 15 08 00 00 00 00 | ;..MLML.!....... |
    7772404 00:00:07.772 [D] Mac-----------: | 00 00 00 01 8B 51 1F 28 | E2 F4 F3 A0 6C 12 13 D0 | .....Q.(....l... |
    7772404 00:00:07.772 [D] Mac-----------: | 59 E6 56 41 FE B0 54 CF | 79 99 74 B9 F8 F4 67    | Y.VA..T.y.t...g  |
    7772404 00:00:07.772 [D] Mac-----------: ------------------------------------------------------------------------
    7772404 00:00:07.772 [D] Mac-----------: Finishing operation "TransmitDataDirect"
    7772404 00:00:07.772 [I] MeshForwarder-: Sent IPv6 UDP msg, len:84, chksum:a121, ecn:no, to:0xffff, sec:no, prio:net
    7772404 00:00:07.772 [I] MeshForwarder-:     src:[fe80:0:0:0:7c28:de12:a391:d189]:19788
    7772404 00:00:07.772 [I] MeshForwarder-:     dst:[ff02:0:0:0:0:0:0:2]:19788
    7772404 00:00:07.772 [D] Mac-----------: Idle mode: Radio receiving on channel 11
    7947380 00:00:07.947 [D] Mac-----------: ==============================[RX len=113]==============================
    7947380 00:00:07.947 [D] Mac-----------: | 61 DC 25 CE FA 89 D1 91 | A3 12 DE 28 7E C6 D2 3D | a.%........(~..= |
    7947380 00:00:07.947 [D] Mac-----------: | 37 B8 88 E0 BE 7F 33 F0 | 4D 4C 4D 4C C1 C5 00 15 | 7.....3.MLML.... |
    7947380 00:00:07.947 [D] Mac-----------: | 08 00 00 00 00 00 00 00 | 01 6A 7B 0E 5B 8A 14 02 | .........j{.[... |
    7947380 00:00:07.947 [D] Mac-----------: | 65 8B 8F CB 0D 49 5A E4 | E5 F0 57 34 19 5E C5 76 | e....IZ...W4.^.v |
    7947380 00:00:07.947 [D] Mac-----------: | 9C BD 7F E3 33 D9 28 72 | 1B 37 A4 E4 D5 1D 7C 7E | ....3.(r.7....|~ |
    7947380 00:00:07.947 [D] Mac-----------: | 12 2D 0A 65 10 FE CC F1 | 8E 01 F4 9F F8 08 72 A0 | .-.e..........r. |
    7947380 00:00:07.947 [D] Mac-----------: | 15 06 21 F7 23 E5 F3 FF | FC 9E 9E 12 AB 4A 12 7D | ..!.#........J.} |
    7947380 00:00:07.947 [D] Mac-----------: | E1                      |                         | .                |
    7947380 00:00:07.947 [D] Mac-----------: ------------------------------------------------------------------------
    7947380 00:00:07.947 [I] MeshForwarder-: Received IPv6 UDP msg, len:129, chksum:c1c5, ecn:no, from:bee088b8373dd2c6, sec:no, prio:net, rss:-31.0
    7947380 00:00:07.947 [I] MeshForwarder-:     src:[fe80:0:0:0:bce0:88b8:373d:d2c6]:19788
    7947380 00:00:07.947 [I] MeshForwarder-:     dst:[fe80:0:0:0:7c28:de12:a391:d189]:19788
    7947380 00:00:07.947 [D] Mle-----------: Receive MLE message
    7947380 00:00:07.947 [I] Mle-----------: Receive Parent Response (fe80:0:0:0:bce0:88b8:373d:d2c6,0xf800)
    7947380 00:00:07.947 [D] Mac-----------: Idle mode: Radio receiving on channel 11
    8519004 00:00:08.519 [N] Mle-----------: FAST_ATTACH event=child_id_request parent=bee088b8373dd2c6 enabled=0
    8519004 00:00:08.519 [I] Mle-----------: Send Child ID Request (fe80:0:0:0:bce0:88b8:373d:d2c6)
    8519004 00:00:08.519 [I] Mle-----------: AttachState ParentReq -> ChildIdReq
    8519004 00:00:08.519 [D] Mac-----------: Request to start operation "TransmitDataDirect"
    8519004 00:00:08.519 [D] Mac-----------: Starting operation "TransmitDataDirect"
    8519004 00:00:08.519 [D] SubMac--------: RadioState: Receive -> CsmaBackoff
    8520284 00:00:08.520 [D] SubMac--------: RadioState: CsmaBackoff -> Transmit
    8524324 00:00:08.524 [D] SubMac--------: RadioState: Transmit -> Receive
    8524324 00:00:08.524 [D] Mac-----------: ==============================[TX len=098]==============================
    8524324 00:00:08.524 [D] Mac-----------: | 61 DC F7 CE FA C6 D2 3D | 37 B8 88 E0 BE 89 D1 91 | a......=7....... |
    8524324 00:00:08.524 [D] Mac-----------: | A3 12 DE 28 7E 7F 33 F0 | 4D 4C 4D 4C B3 C4 00 15 | ...(~.3.MLML.... |
    8524324 00:00:08.524 [D] Mac-----------: | 09 00 00 00 00 00 00 00 | 01 69 78 7C AF 60 A4 9E | .........ix|.`.. |
    8524324 00:00:08.524 [D] Mac-----------: | 62 3B BA CB 1B 67 8B 3C | EA C8 BF B6 22 A6 0F 78 | b;...g.<...."..x |
    8524324 00:00:08.524 [D] Mac-----------: | C6 45 88 E3 A6 0B 87 20 | 0D B5 FB 24 97 BD EB CB | .E..... ...$.... |
    8524324 00:00:08.524 [D] Mac-----------: | A4 B3 58 B7 AD 1A 68 63 | 0B 18 A3 DB 06 5D 4C D2 | ..X...hc.....]L. |
    8524324 00:00:08.524 [D] Mac-----------: | F9 B4                   |                         | ..               |
    8524324 00:00:08.524 [D] Mac-----------: ------------------------------------------------------------------------
    8524324 00:00:08.524 [D] Mac-----------: Finishing operation "TransmitDataDirect"
    8524324 00:00:08.524 [I] MeshForwarder-: Sent IPv6 UDP msg, len:114, chksum:b3c4, ecn:no, to:bee088b8373dd2c6, sec:no, prio:net
    8524324 00:00:08.524 [I] MeshForwarder-:     src:[fe80:0:0:0:7c28:de12:a391:d189]:19788
    8524324 00:00:08.524 [I] MeshForwarder-:     dst:[fe80:0:0:0:bce0:88b8:373d:d2c6]:19788
    8524324 00:00:08.524 [D] Mac-----------: Idle mode: Radio receiving on channel 11
    8531692 00:00:08.531 [D] Mac-----------: ==============================[RX len=096]==============================
    8531692 00:00:08.531 [D] Mac-----------: | 61 DC 26 CE FA 89 D1 91 | A3 12 DE 28 7E C6 D2 3D | a.&........(~..= |
    8531692 00:00:08.531 [D] Mac-----------: | 37 B8 88 E0 BE 7F 33 F0 | 4D 4C 4D 4C 89 E1 00 15 | 7.....3.MLML.... |
    8531692 00:00:08.531 [D] Mac-----------: | 09 00 00 00 00 00 00 00 | 01 3D 8F 16 D8 FE FF 1C | .........=...... |
    8531692 00:00:08.531 [D] Mac-----------: | 55 51 83 D3 03 8E 7D 2F | 7D 7E 96 36 90 7E A2 6A | UQ....}/}~.6.~.j |
    8531692 00:00:08.531 [D] Mac-----------: | 27 42 E8 72 CA F1 FD 6D | 40 01 D6 BE D0 95 87 06 | 'B.r...m@....... |
    8531692 00:00:08.531 [D] Mac-----------: | 29 6F 05 7E 03 9C A9 0E | 4C 4B A0 2C 9E 68 C2 D3 | )o.~....LK.,.h.. |
    8531692 00:00:08.531 [D] Mac-----------: ------------------------------------------------------------------------
    8531692 00:00:08.531 [I] MeshForwarder-: Received IPv6 UDP msg, len:112, chksum:89e1, ecn:no, from:bee088b8373dd2c6, sec:no, prio:net, rss:-31.0
    8531692 00:00:08.531 [I] MeshForwarder-:     src:[fe80:0:0:0:bce0:88b8:373d:d2c6]:19788
    8531692 00:00:08.531 [I] MeshForwarder-:     dst:[fe80:0:0:0:7c28:de12:a391:d189]:19788
    8531692 00:00:08.531 [D] Mle-----------: Receive MLE message
    8531692 00:00:08.531 [I] Mle-----------: Receive Child ID Response (fe80:0:0:0:bce0:88b8:373d:d2c6,0xf800)
    8531692 00:00:08.531 [N] Mle-----------: Role leader -> detached
    8531692 00:00:08.531 [I] Mle-----------: AttachState ChildIdReq -> Idle
    8531692 00:00:08.531 [D] NetworkData---: ========================[SetNetworkData len=006]========================
    8531692 00:00:08.531 [D] NetworkData---: | 08 04 0B 02 21 70       |                         | ....!p           |
    8531692 00:00:08.531 [D] NetworkData---: ------------------------------------------------------------------------
    8531692 00:00:08.531 [N] Mle-----------: RLOC16 4800 -> f801
    8531692 set node RLOC16: 4800 -> f801
    8531692 00:00:08.531 [D] SubMac--------: RadioShortAddress: 0xf801
    8531692 00:00:08.531 [N] Mle-----------: Role detached -> child
    8531692 00:00:08.531 [N] Mle-----------: FAST_ATTACH event=attached_clear enabled=0
    8531692 00:00:08.531 [D] Mac-----------: Idle mode: Radio receiving on channel 11
    8531692 00:00:08.531 [I] Notifier------: StateChanged (0x200032e6) [Ip6- Role Rloc+ Rloc- PartitionId NetData Ip6Mult+ Ip6Mult- PndDset]
    8531692 00:00:08.531 [I] Settings------: Saved ParentInfo {extaddr:bee088b8373dd2c6, version:5}
    8531692 00:00:08.531 [I] Settings------: Saved NetworkInfo {rloc:0xf801, extaddr:7e28de12a391d189, role:child, mode:0x0f, version:5, keyseq:0x0, ...
    8531692 00:00:08.531 [I] Settings------: ... pid:0x6cef4041, mlecntr:0x3f2, maccntr:0x3e8, mliid:2a0a455ca637cb55}
    8531692 00:00:08.531 [D] Mle-----------: Store Network Information
    8531692 00:00:08.531 [I] BbrLeader-----: PBBR state: None
    8531692 00:00:08.531 [D] MlrManager----: MlrManager::UpdateReregistrationDelay: rereg=0, needSendMlr=0, ReregDelay=0
    8531692 00:00:08.531 [I] AnnounceSender: Started
    8531692 00:00:08.531 [D] MlrManager----: MlrManager::UpdateReregistrationDelay: rereg=1, needSendMlr=0, ReregDelay=0
    8531692 00:00:08.531 [I] RouterTable---: Route table
    8531692 00:00:08.531 [I] RouterTable---:     62 0xf800 - parent - leader
    9300316 00:00:09.300 [D] Mle-----------: Leader age 0
    9771084 00:00:09.771 [D] Mac-----------: ==============================[RX len=069]==============================
    9771084 00:00:09.771 [D] Mac-----------: | 41 D8 27 CE FA FF FF C6 | D2 3D 37 B8 88 E0 BE 7F | A.'......=7..... |
    9771084 00:00:09.771 [D] Mac-----------: | 3B 01 F0 4D 4C 4D 4C 84 | 44 00 15 0A 00 00 00 00 | ;..MLML.D....... |
    9771084 00:00:09.771 [D] Mac-----------: | 00 00 00 01 52 E3 D9 40 | FD B6 A3 2A 13 98 3E 56 | ....R..@...*..>V |
    9771084 00:00:09.771 [D] Mac-----------: | 34 78 CD EC 09 72 C2 A6 | 7B 59 50 87 E9 06 D5 55 | 4x...r..{YP....U |
    9771084 00:00:09.771 [D] Mac-----------: | 9B D8 63 D3 1A          |                         | ..c..            |
    9771084 00:00:09.771 [D] Mac-----------: ------------------------------------------------------------------------
    9771084 00:00:09.771 [I] MeshForwarder-: Received IPv6 UDP msg, len:90, chksum:8444, ecn:no, from:bee088b8373dd2c6, sec:no, prio:net, rss:-31.0
    9771084 00:00:09.771 [I] MeshForwarder-:     src:[fe80:0:0:0:bce0:88b8:373d:d2c6]:19788
    9771084 00:00:09.771 [I] MeshForwarder-:     dst:[ff02:0:0:0:0:0:0:1]:19788
    9771084 00:00:09.771 [D] Mle-----------: Receive MLE message
    9771084 00:00:09.771 [I] Mle-----------: Receive Advertisement (fe80:0:0:0:bce0:88b8:373d:d2c6,0xf800)
    9771084 00:00:09.771 [D] Mac-----------: Idle mode: Radio receiving on channel 11
   10299124 00:00:10.299 [D] Mle-----------: Leader age 1
   11302124 00:00:11.302 [D] Mle-----------: Leader age 2
   12304124 00:00:12.304 [D] Mle-----------: Leader age 3
   12679212 00:00:12.679 [D] Mac-----------: ==============================[RX len=069]==============================
   12679212 00:00:12.679 [D] Mac-----------: | 41 D8 28 CE FA FF FF C6 | D2 3D 37 B8 88 E0 BE 7F | A.(......=7..... |
   12679212 00:00:12.679 [D] Mac-----------: | 3B 01 F0 4D 4C 4D 4C 89 | AD 00 15 0B 00 00 00 00 | ;..MLML......... |
   12679212 00:00:12.679 [D] Mac-----------: | 00 00 00 01 4B 1D 8C 10 | 38 DF 9A F5 A0 13 9F 25 | ....K...8......% |
   12679212 00:00:12.679 [D] Mac-----------: | B8 26 B5 09 16 89 1A F8 | 25 3B 53 86 D8 3C 70 0F | .&......%;S..<p. |
   12679212 00:00:12.679 [D] Mac-----------: | E8 85 DB 31 53          |                         | ...1S            |
   12679212 00:00:12.679 [D] Mac-----------: ------------------------------------------------------------------------
   12679212 00:00:12.679 [I] MeshForwarder-: Received IPv6 UDP msg, len:90, chksum:89ad, ecn:no, from:bee088b8373dd2c6, sec:no, prio:net, rss:-31.0
   12679212 00:00:12.679 [I] MeshForwarder-:     src:[fe80:0:0:0:bce0:88b8:373d:d2c6]:19788
   12679212 00:00:12.679 [I] MeshForwarder-:     dst:[ff02:0:0:0:0:0:0:1]:19788
   12679212 00:00:12.679 [D] Mle-----------: Receive MLE message
   12679212 00:00:12.679 [I] Mle-----------: Receive Advertisement (fe80:0:0:0:bce0:88b8:373d:d2c6,0xf800)
   12679212 00:00:12.679 [D] Mac-----------: Idle mode: Radio receiving on channel 11
   13307252 00:00:13.307 [D] Mle-----------: Leader age 4
   14310252 00:00:14.310 [D] Mle-----------: Leader age 5
   15312252 00:00:15.312 [D] Mle-----------: Leader age 6
   16311252 00:00:16.311 [D] Mle-----------: Leader age 7
   17309252 00:00:17.309 [D] Mle-----------: Leader age 8
   18309252 00:00:18.309 [D] Mle-----------: Leader age 9
   18470060 00:00:18.470 [D] Mac-----------: ==============================[RX len=069]==============================
   18470060 00:00:18.470 [D] Mac-----------: | 41 D8 29 CE FA FF FF C6 | D2 3D 37 B8 88 E0 BE 7F | A.)......=7..... |
   18470060 00:00:18.470 [D] Mac-----------: | 3B 01 F0 4D 4C 4D 4C B7 | DE 00 15 0C 00 00 00 00 | ;..MLML......... |
   18470060 00:00:18.470 [D] Mac-----------: | 00 00 00 01 AE F5 FC EF | A3 ED 1A 06 4B 3A 41 4A | ............K:AJ |
   18470060 00:00:18.470 [D] Mac-----------: | CB 7E B4 51 66 9B 0D 3F | AD 8C C0 B9 ED 20 99 DB | .~.Qf..?..... .. |
   18470060 00:00:18.470 [D] Mac-----------: | 08 06 F5 6F AB          |                         | ...o.            |
   18470060 00:00:18.470 [D] Mac-----------: ------------------------------------------------------------------------
   18470060 00:00:18.470 [I] MeshForwarder-: Received IPv6 UDP msg, len:90, chksum:b7de, ecn:no, from:bee088b8373dd2c6, sec:no, prio:net, rss:-31.0
   18470060 00:00:18.470 [I] MeshForwarder-:     src:[fe80:0:0:0:bce0:88b8:373d:d2c6]:19788
   18470060 00:00:18.470 [I] MeshForwarder-:     dst:[ff02:0:0:0:0:0:0:1]:19788
   18470060 00:00:18.470 [D] Mle-----------: Receive MLE message
   18470060 00:00:18.470 [I] Mle-----------: Receive Advertisement (fe80:0:0:0:bce0:88b8:373d:d2c6,0xf800)
   18470060 00:00:18.470 [D] Mac-----------: Idle mode: Radio receiving on channel 11
   19309100 00:00:19.309 [D] Mle-----------: Leader age 0
   20312100 00:00:20.312 [D] Mle-----------: Leader age 1
   21311100 00:00:21.311 [D] Mle-----------: Leader age 2
   22309100 00:00:22.309 [D] Mle-----------: Leader age 3
   23312100 00:00:23.312 [D] Mle-----------: Leader age 4
   24312100 00:00:24.312 [D] Mle-----------: Leader age 5
   25311100 00:00:25.311 [D] Mle-----------: Leader age 6
   26312100 00:00:26.312 [D] Mle-----------: Leader age 7
   27313100 00:00:27.313 [D] Mle-----------: Leader age 8
   28316100 00:00:28.316 [D] Mle-----------: Leader age 9
   29319100 00:00:29.319 [D] Mle-----------: Leader age 10
   29881868 00:00:29.881 [D] Mac-----------: ==============================[RX len=069]==============================
   29881868 00:00:29.881 [D] Mac-----------: | 41 D8 2A CE FA FF FF C6 | D2 3D 37 B8 88 E0 BE 7F | A.*......=7..... |
   29881868 00:00:29.881 [D] Mac-----------: | 3B 01 F0 4D 4C 4D 4C 21 | 07 00 15 0D 00 00 00 00 | ;..MLML!........ |
   29881868 00:00:29.881 [D] Mac-----------: | 00 00 00 01 C1 DD 89 DF | 10 A0 C1 F7 4D 17 91 DC | ............M... |
   29881868 00:00:29.881 [D] Mac-----------: | C9 72 98 A2 99 DC 41 64 | C9 14 A4 90 BE FA E4 30 | .r....Ad.......0 |
   29881868 00:00:29.881 [D] Mac-----------: | 27 78 41 85 FF          |                         | 'xA..            |
   29881868 00:00:29.881 [D] Mac-----------: ------------------------------------------------------------------------
   29881868 00:00:29.881 [I] MeshForwarder-: Received IPv6 UDP msg, len:90, chksum:2107, ecn:no, from:bee088b8373dd2c6, sec:no, prio:net, rss:-31.0
   29881868 00:00:29.881 [I] MeshForwarder-:     src:[fe80:0:0:0:bce0:88b8:373d:d2c6]:19788
   29881868 00:00:29.881 [I] MeshForwarder-:     dst:[ff02:0:0:0:0:0:0:1]:19788
   29881868 00:00:29.881 [D] Mle-----------: Receive MLE message
   29881868 00:00:29.881 [I] Mle-----------: Receive Advertisement (fe80:0:0:0:bce0:88b8:373d:d2c6,0xf800)
   29881868 00:00:29.881 [D] Mac-----------: Idle mode: Radio receiving on channel 11
   30318908 00:00:30.318 [D] Mle-----------: Leader age 0
   31314908 00:00:31.314 [D] Mle-----------: Leader age 1
   32311908 00:00:32.311 [D] Mle-----------: Leader age 2
   33310908 00:00:33.310 [D] Mle-----------: Leader age 3
   34310908 00:00:34.310 [D] Mle-----------: Leader age 4
   35310908 00:00:35.310 [D] Mle-----------: Leader age 5
   36311908 00:00:36.311 [D] Mle-----------: Leader age 6
   37314908 00:00:37.314 [D] Mle-----------: Leader age 7
   38317908 00:00:38.317 [D] Mle-----------: Leader age 8
   39320908 00:00:39.320 [D] Mle-----------: Leader age 9
   40320908 00:00:40.320 [D] Mle-----------: Leader age 10
   40940676 00:00:40.940 [D] Mac-----------: ==============================[RX len=069]==============================
   40940676 00:00:40.940 [D] Mac-----------: | 41 D8 2B CE FA FF FF C6 | D2 3D 37 B8 88 E0 BE 7F | A.+......=7..... |
   40940676 00:00:40.940 [D] Mac-----------: | 3B 01 F0 4D 4C 4D 4C BA | FF 00 15 0E 00 00 00 00 | ;..MLML......... |
   40940676 00:00:40.940 [D] Mac-----------: | 00 00 00 01 FA EE DD F7 | 47 DC F1 3F FB 5D A9 0D | ........G..?.].. |
   40940676 00:00:40.940 [D] Mac-----------: | FB E2 36 A6 A9 A2 FA 83 | A8 C3 A9 2E 33 0D B9 0D | ..6.........3... |
   40940676 00:00:40.940 [D] Mac-----------: | 06 21 EA 21 7F          |                         | .!.!.            |
   40940676 00:00:40.940 [D] Mac-----------: ------------------------------------------------------------------------
   40940676 00:00:40.940 [I] MeshForwarder-: Received IPv6 UDP msg, len:90, chksum:baff, ecn:no, from:bee088b8373dd2c6, sec:no, prio:net, rss:-31.0
   40940676 00:00:40.940 [I] MeshForwarder-:     src:[fe80:0:0:0:bce0:88b8:373d:d2c6]:19788
   40940676 00:00:40.940 [I] MeshForwarder-:     dst:[ff02:0:0:0:0:0:0:1]:19788
   40940676 00:00:40.940 [D] Mle-----------: Receive MLE message
   40940676 00:00:40.940 [I] Mle-----------: Receive Advertisement (fe80:0:0:0:bce0:88b8:373d:d2c6,0xf800)
   40940676 00:00:40.940 [D] Mac-----------: Idle mode: Radio receiving on channel 11
   41321716 00:00:41.321 [D] Mle-----------: Leader age 0
   42323716 00:00:42.323 [D] Mle-----------: Leader age 1
   43326716 00:00:43.326 [D] Mle-----------: Leader age 2
   44325716 00:00:44.325 [D] Mle-----------: Leader age 3
   45322716 00:00:45.322 [D] Mle-----------: Leader age 4
   46326716 00:00:46.326 [D] Mle-----------: Leader age 5
   47330716 00:00:47.330 [D] Mle-----------: Leader age 6
   48326716 00:00:48.326 [D] Mle-----------: Leader age 7
   49323716 00:00:49.323 [D] Mle-----------: Leader age 8
   50327716 00:00:50.327 [D] Mle-----------: Leader age 9
   51330716 00:00:51.330 [D] Mle-----------: Leader age 10
   52333716 00:00:52.333 [D] Mle-----------: Leader age 11
   53329716 00:00:53.329 [D] Mle-----------: Leader age 12
   54328716 00:00:54.328 [D] Mle-----------: Leader age 13
   55329716 00:00:55.329 [D] Mle-----------: Leader age 14
   55972844 00:00:55.972 [D] Mac-----------: ==============================[RX len=069]==============================
   55972844 00:00:55.972 [D] Mac-----------: | 41 D8 2C CE FA FF FF C6 | D2 3D 37 B8 88 E0 BE 7F | A.,......=7..... |
   55972844 00:00:55.972 [D] Mac-----------: | 3B 01 F0 4D 4C 4D 4C D9 | F7 00 15 0F 00 00 00 00 | ;..MLML......... |
   55972844 00:00:55.972 [D] Mac-----------: | 00 00 00 01 F1 51 B5 2C | 6A BC B0 7A 44 CA 88 4F | .....Q.,j..zD..O |
   55972844 00:00:55.972 [D] Mac-----------: | 7E 37 D3 3A 0E 9E B4 BC | A0 B3 7E 63 99 C3 85 86 | ~7.:......~c.... |
   55972844 00:00:55.972 [D] Mac-----------: | E5 2E FC E3 53          |                         | ....S            |
   55972844 00:00:55.972 [D] Mac-----------: ------------------------------------------------------------------------
   55972844 00:00:55.972 [I] MeshForwarder-: Received IPv6 UDP msg, len:90, chksum:d9f7, ecn:no, from:bee088b8373dd2c6, sec:no, prio:net, rss:-31.0
   55972844 00:00:55.972 [I] MeshForwarder-:     src:[fe80:0:0:0:bce0:88b8:373d:d2c6]:19788
   55972844 00:00:55.972 [I] MeshForwarder-:     dst:[ff02:0:0:0:0:0:0:1]:19788
   55972844 00:00:55.972 [D] Mle-----------: Receive MLE message
   55972844 00:00:55.972 [I] Mle-----------: Receive Advertisement (fe80:0:0:0:bce0:88b8:373d:d2c6,0xf800)
   55972844 00:00:55.972 [D] Mac-----------: Idle mode: Radio receiving on channel 11
   56326884 00:00:56.326 [D] Mle-----------: Leader age 0
   57328884 00:00:57.328 [D] Mle-----------: Leader age 1
   58332884 00:00:58.332 [D] Mle-----------: Leader age 2
   59333884 00:00:59.333 [D] Mle-----------: Leader age 3
   60331884 00:01:00.331 [D] Mle-----------: Leader age 4
   61327884 00:01:01.327 [D] Mle-----------: Leader age 5
   62323884 00:01:02.323 [D] Mle-----------: Leader age 6
   63321884 00:01:03.321 [D] Mle-----------: Leader age 7
   64321884 00:01:04.321 [D] Mle-----------: Leader age 8
   65323884 00:01:05.323 [D] Mle-----------: Leader age 9
   66322884 00:01:06.322 [D] Mle-----------: Leader age 10
   67321884 00:01:07.321 [D] Mle-----------: Leader age 11
   68321884 00:01:08.321 [D] Mle-----------: Leader age 12
   69269332 00:01:09.269 [D] Mac-----------: ==============================[RX len=069]==============================
   69269332 00:01:09.269 [D] Mac-----------: | 41 D8 2D CE FA FF FF C6 | D2 3D 37 B8 88 E0 BE 7F | A.-......=7..... |
   69269332 00:01:09.269 [D] Mac-----------: | 3B 01 F0 4D 4C 4D 4C 7C | 24 00 15 10 00 00 00 00 | ;..MLML|$....... |
   69269332 00:01:09.269 [D] Mac-----------: | 00 00 00 01 C3 93 FD F4 | 01 10 B2 8E BA C1 C0 AE | ................ |
   69269332 00:01:09.269 [D] Mac-----------: | 70 F9 E0 83 E4 97 42 24 | 90 B6 84 FE C2 FF 6A 16 | p.....B$......j. |
   69269332 00:01:09.269 [D] Mac-----------: | 16 ED D4 42 FB          |                         | ...B.            |
   69269332 00:01:09.269 [D] Mac-----------: ------------------------------------------------------------------------
   69269332 00:01:09.269 [I] MeshForwarder-: Received IPv6 UDP msg, len:90, chksum:7c24, ecn:no, from:bee088b8373dd2c6, sec:no, prio:net, rss:-31.0
   69269332 00:01:09.269 [I] MeshForwarder-:     src:[fe80:0:0:0:bce0:88b8:373d:d2c6]:19788
   69269332 00:01:09.269 [I] MeshForwarder-:     dst:[ff02:0:0:0:0:0:0:1]:19788
   69269332 00:01:09.269 [D] Mle-----------: Receive MLE message
   69269332 00:01:09.269 [I] Mle-----------: Receive Advertisement (fe80:0:0:0:bce0:88b8:373d:d2c6,0xf800)
   69269332 00:01:09.269 [D] Mac-----------: Idle mode: Radio receiving on channel 11
   69322372 00:01:09.322 [D] Mle-----------: Leader age 0
   70319372 00:01:10.319 [D] Mle-----------: Leader age 1
   71322372 00:01:11.322 [D] Mle-----------: Leader age 2
   72318372 00:01:12.318 [D] Mle-----------: Leader age 3
   73321372 00:01:13.321 [D] Mle-----------: Leader age 4
   74325372 00:01:14.325 [D] Mle-----------: Leader age 5
   75324372 00:01:15.324 [D] Mle-----------: Leader age 6
   76325372 00:01:16.325 [D] Mle-----------: Leader age 7
   77326372 00:01:17.326 [D] Mle-----------: Leader age 8
   78328372 00:01:18.328 [D] Mle-----------: Leader age 9
   79328372 00:01:19.328 [D] Mle-----------: Leader age 10
   80327372 00:01:20.327 [D] Mle-----------: Leader age 11
   80600180 00:01:20.600 [D] Mac-----------: ==============================[RX len=069]==============================
   80600180 00:01:20.600 [D] Mac-----------: | 41 D8 2E CE FA FF FF C6 | D2 3D 37 B8 88 E0 BE 7F | A........=7..... |
   80600180 00:01:20.600 [D] Mac-----------: | 3B 01 F0 4D 4C 4D 4C EC | F7 00 15 11 00 00 00 00 | ;..MLML......... |
   80600180 00:01:20.600 [D] Mac-----------: | 00 00 00 01 E7 3E CF 60 | 9D 78 10 C4 F0 E4 4F 1D | .....>.`.x....O. |
   80600180 00:01:20.600 [D] Mac-----------: | EB 4F 1D 12 44 27 BE 1D | DE 00 83 EE CD 58 C8 05 | .O..D'.......X.. |
   80600180 00:01:20.600 [D] Mac-----------: | CE 44 4E 7D 9A          |                         | .DN}.            |
   80600180 00:01:20.600 [D] Mac-----------: ------------------------------------------------------------------------
   80600180 00:01:20.600 [I] MeshForwarder-: Received IPv6 UDP msg, len:90, chksum:ecf7, ecn:no, from:bee088b8373dd2c6, sec:no, prio:net, rss:-31.0
   80600180 00:01:20.600 [I] MeshForwarder-:     src:[fe80:0:0:0:bce0:88b8:373d:d2c6]:19788
   80600180 00:01:20.600 [I] MeshForwarder-:     dst:[ff02:0:0:0:0:0:0:1]:19788
   80600180 00:01:20.600 [D] Mle-----------: Receive MLE message
   80600180 00:01:20.600 [I] Mle-----------: Receive Advertisement (fe80:0:0:0:bce0:88b8:373d:d2c6,0xf800)
   80600180 00:01:20.600 [D] Mac-----------: Idle mode: Radio receiving on channel 11
   81323220 00:01:21.323 [I] Mle-----------: Attempt to become router, reason:TooFewRouters
   81323220 00:01:21.323 [I] Mle-----------: Send Address Solicit (fdde:ad00:beef:0:0:ff:fe00:f800)
   81323220 00:01:21.323 [D] Mac-----------: Request to start operation "TransmitDataDirect"
   81323220 00:01:21.323 [D] Mac-----------: Starting operation "TransmitDataDirect"
   81323220 00:01:21.323 [D] SubMac--------: RadioState: Receive -> CsmaBackoff
   81323540 00:01:21.323 [D] SubMac--------: RadioState: CsmaBackoff -> Transmit
   81326268 00:01:21.326 [D] SubMac--------: RadioState: Transmit -> Receive
   81326268 00:01:21.326 [D] Mac-----------: ==============================[TX len=057]==============================
   81326268 00:01:21.326 [D] Mac-----------: | 69 98 F8 CE FA 00 F8 01 | F8 0D 00 00 00 00 01 F9 | i............... |
   81326268 00:01:21.326 [D] Mac-----------: | 8E 6D F2 E5 11 ED 37 49 | 3F 33 65 48 B8 3E CB 07 | .m....7I?3eH.>.. |
   81326268 00:01:21.326 [D] Mac-----------: | 48 F0 33 2B 93 9E 7C DA | 36 9B B1 CC A8 36 FA DE | H.3+..|.6....6.. |
   81326268 00:01:21.326 [D] Mac-----------: | 72 6F BB 0F 19 CF 44 0C | 28                      | ro....D.(        |
   81326268 00:01:21.326 [D] Mac-----------: ------------------------------------------------------------------------
   81326268 00:01:21.326 [D] Mac-----------: Finishing operation "TransmitDataDirect"
   81326268 00:01:21.326 [I] MeshForwarder-: Sent IPv6 UDP msg, len:77, chksum:f72e, ecn:no, to:0xf800, sec:yes, prio:net
   81326268 00:01:21.326 [I] MeshForwarder-:     src:[fdde:ad00:beef:0:0:ff:fe00:f801]:61631
   81326268 00:01:21.326 [I] MeshForwarder-:     dst:[fdde:ad00:beef:0:0:ff:fe00:f800]:61631
   81326268 00:01:21.326 [D] Mac-----------: Idle mode: Radio receiving on channel 11
   81328740 00:01:21.328 [D] Mac-----------: Received frame from short address 0xf800
   81328740 00:01:21.328 [D] Mac-----------: Rx security - frame counter 0
   81328740 00:01:21.328 [D] Mac-----------: ==============================[RX len=053]==============================
   81328740 00:01:21.328 [D] Mac-----------: | 69 98 2F CE FA 01 F8 00 | F8 0D 00 00 00 00 01 76 | i./............v |
   81328740 00:01:21.328 [D] Mac-----------: | 77 07 F3 FF 5C E8 62 44 | A4 E8 34 45 FF 04 01 00 | w...\.bD..4E.... |
   81328740 00:01:21.328 [D] Mac-----------: | 02 02 48 00 07 09 71 00 | 00 20 00 00 00 00 02 D7 | ..H...q.. ...... |
   81328740 00:01:21.328 [D] Mac-----------: | 8E FC BB 6A 17          |                         | ...j.            |
   81328740 00:01:21.328 [D] Mac-----------: ------------------------------------------------------------------------
   81328740 00:01:21.328 [I] MeshForwarder-: Received IPv6 UDP msg, len:73, chksum:5ce8, ecn:no, from:0xf800, sec:yes, prio:net, rss:-31.0
   81328740 00:01:21.328 [I] MeshForwarder-:     src:[fdde:ad00:beef:0:0:ff:fe00:f800]:61631
   81328740 00:01:21.328 [I] MeshForwarder-:     dst:[fdde:ad00:beef:0:0:ff:fe00:f801]:61631
   81328740 00:01:21.328 [I] Mle-----------: Receive Address Reply (fdde:ad00:beef:0:0:ff:fe00:f800)
   81328740 00:01:21.328 [I] Mle-----------: Setting alternate RLOC16 0xf801
   81328740 00:01:21.328 [D] SubMac--------: RadioAlternateShortAddress: 0xf801
   81328740 00:01:21.328 [N] Mle-----------: RLOC16 f801 -> 4800
   81328740 set node RLOC16: f801 -> 4800
   81328740 00:01:21.328 [D] SubMac--------: RadioShortAddress: 0x4800
   81328740 00:01:21.328 [N] Mle-----------: Role child -> router
   81328740 00:01:21.328 [N] Mle-----------: Partition ID 0x6cef4041
   81328740 00:01:21.328 [I] Mle-----------: Send Advertisement (ff02:0:0:0:0:0:0:1)
   81328740 00:01:21.328 [D] Mac-----------: Idle mode: Radio receiving on channel 11
   81328740 00:01:21.328 [I] Notifier------: StateChanged (0x00000064) [Role Rloc+ Rloc-]
   81328740 00:01:21.328 [I] Settings------: Saved NetworkInfo {rloc:0x4800, extaddr:7e28de12a391d189, role:router, mode:0x0f, version:5, keyseq:0x0, ...
   81328740 00:01:21.328 [I] Settings------: ... pid:0x6cef4041, mlecntr:0x3f3, maccntr:0x3e9, mliid:2a0a455ca637cb55}
   81328740 00:01:21.328 [D] Mle-----------: Store Network Information
   81328740 00:01:21.328 [I] AnnounceSender: Started
   81328740 00:01:21.328 [I] RouterTable---: Route table
   81328740 00:01:21.328 [I] RouterTable---:     62 0xf800 - nbr{lq[i/o]:3/3 cost:1} - leader
   81328740 00:01:21.328 [I] RouterTable---:     18 0x4800 - me
   81328740 00:01:21.328 [D] Mac-----------: Request to start operation "TransmitDataDirect"
   81328740 00:01:21.328 [D] Mac-----------: Starting operation "TransmitDataDirect"
   81328740 00:01:21.328 [D] SubMac--------: RadioState: Receive -> CsmaBackoff
   81330660 00:01:21.330 [D] SubMac--------: RadioState: CsmaBackoff -> Transmit
   81333260 00:01:21.333 [D] SubMac--------: RadioState: Transmit -> Receive
   81333260 00:01:21.333 [D] Mac-----------: ==============================[TX len=070]==============================
   81333260 00:01:21.333 [D] Mac-----------: | 41 D8 F9 CE FA FF FF 89 | D1 91 A3 12 DE 28 7E 7F | A............(~. |
   81333260 00:01:21.333 [D] Mac-----------: | 3B 01 F0 4D 4C 4D 4C 3E | 5D 00 15 0A 00 00 00 00 | ;..MLML>]....... |
   81333260 00:01:21.333 [D] Mac-----------: | 00 00 00 01 8B 41 C5 58 | CE AF 52 7A 26 9E 5B 6B | .....A.X..Rz&.[k |
   81333260 00:01:21.333 [D] Mac-----------: | 1F 2D 38 22 56 B5 EA EE | 6D 8D 66 55 E2 FF 2F ED | .-8"V...m.fU../. |
   81333260 00:01:21.333 [D] Mac-----------: | 1E 9E 10 1F 86 3A       |                         | .....:           |
   81333260 00:01:21.333 [D] Mac-----------: ------------------------------------------------------------------------
   81333260 00:01:21.333 [D] Mac-----------: Finishing operation "TransmitDataDirect"
   81333260 00:01:21.333 [I] MeshForwarder-: Sent IPv6 UDP msg, len:91, chksum:3e5d, ecn:no, to:0xffff, sec:no, prio:net
   81333260 00:01:21.333 [I] MeshForwarder-:     src:[fe80:0:0:0:7c28:de12:a391:d189]:19788
   81333260 00:01:21.333 [I] MeshForwarder-:     dst:[ff02:0:0:0:0:0:0:1]:19788
   81333260 00:01:21.333 [D] Mac-----------: Idle mode: Radio receiving on channel 11
   82206900 00:01:22.206 [I] Mle-----------: Send Advertisement (ff02:0:0:0:0:0:0:1)
   82206900 00:01:22.206 [D] Mac-----------: Request to start operation "TransmitDataDirect"
   82206900 00:01:22.206 [D] Mac-----------: Starting operation "TransmitDataDirect"
   82206900 00:01:22.206 [D] SubMac--------: RadioState: Receive -> CsmaBackoff
   82207860 00:01:22.207 [D] SubMac--------: RadioState: CsmaBackoff -> Transmit
   82210460 00:01:22.210 [D] SubMac--------: RadioState: Transmit -> Receive
   82210460 00:01:22.210 [D] Mac-----------: ==============================[TX len=070]==============================
   82210460 00:01:22.210 [D] Mac-----------: | 41 D8 FA CE FA FF FF 89 | D1 91 A3 12 DE 28 7E 7F | A............(~. |
   82210460 00:01:22.210 [D] Mac-----------: | 3B 01 F0 4D 4C 4D 4C F7 | B5 00 15 0B 00 00 00 00 | ;..MLML......... |
   82210460 00:01:22.210 [D] Mac-----------: | 00 00 00 01 E1 EF C1 39 | C1 71 FF E8 E6 25 3E 15 | .......9.q...%>. |
   82210460 00:01:22.210 [D] Mac-----------: | 92 60 7A E4 D8 2A D7 3B | E1 3A B8 4D 09 BF E0 0E | .`z..*.;.:.M.... |
   82210460 00:01:22.210 [D] Mac-----------: | 9B F5 E4 DC 25 6C       |                         | ....%l           |
   82210460 00:01:22.210 [D] Mac-----------: ------------------------------------------------------------------------
   82210460 00:01:22.210 [D] Mac-----------: Finishing operation "TransmitDataDirect"
   82210460 00:01:22.210 [I] MeshForwarder-: Sent IPv6 UDP msg, len:91, chksum:f7b5, ecn:no, to:0xffff, sec:no, prio:net
   82210460 00:01:22.210 [I] MeshForwarder-:     src:[fe80:0:0:0:7c28:de12:a391:d189]:19788
   82210460 00:01:22.210 [I] MeshForwarder-:     dst:[ff02:0:0:0:0:0:0:1]:19788
   82210460 00:01:22.210 [D] Mac-----------: Idle mode: Radio receiving on channel 11
   82323020 00:01:22.323 [D] Mac-----------: ==============================[RX len=070]==============================
   82323020 00:01:22.323 [D] Mac-----------: | 41 D8 30 CE FA FF FF C6 | D2 3D 37 B8 88 E0 BE 7F | A.0......=7..... |
   82323020 00:01:22.323 [D] Mac-----------: | 3B 01 F0 4D 4C 4D 4C 89 | 8F 00 15 12 00 00 00 00 | ;..MLML......... |
   82323020 00:01:22.323 [D] Mac-----------: | 00 00 00 01 F3 25 A0 1B | 60 6A 1E B6 39 98 55 F0 | .....%..`j..9.U. |
   82323020 00:01:22.323 [D] Mac-----------: | 27 C5 0A 4C B5 42 2F 47 | 8F 7E 40 D8 30 38 3B 26 | '..L.B/G.~@.08;& |
   82323020 00:01:22.323 [D] Mac-----------: | 21 80 13 C0 D3 E0       |                         | !.....           |
   82323020 00:01:22.323 [D] Mac-----------: ------------------------------------------------------------------------
   82323020 00:01:22.323 [I] MeshForwarder-: Received IPv6 UDP msg, len:91, chksum:898f, ecn:no, from:bee088b8373dd2c6, sec:no, prio:net, rss:-31.0
   82323020 00:01:22.323 [I] MeshForwarder-:     src:[fe80:0:0:0:bce0:88b8:373d:d2c6]:19788
   82323020 00:01:22.323 [I] MeshForwarder-:     dst:[ff02:0:0:0:0:0:0:1]:19788
   82323020 00:01:22.323 [D] Mle-----------: Receive MLE message
   82323020 00:01:22.323 [I] Mle-----------: Receive Advertisement (fe80:0:0:0:bce0:88b8:373d:d2c6,0xf800)
   82323020 00:01:22.323 [D] Mac-----------: Idle mode: Radio receiving on channel 11
   82326060 00:01:22.326 [D] Mle-----------: Leader age 0
   83327060 00:01:23.327 [D] Mle-----------: Leader age 1
   83775060 00:01:23.775 [I] Mle-----------: Send Advertisement (ff02:0:0:0:0:0:0:1)
   83775060 00:01:23.775 [D] Mac-----------: Request to start operation "TransmitDataDirect"
   83775060 00:01:23.775 [D] Mac-----------: Starting operation "TransmitDataDirect"
   83775060 00:01:23.775 [D] SubMac--------: RadioState: Receive -> CsmaBackoff
   83776980 00:01:23.776 [D] SubMac--------: RadioState: CsmaBackoff -> Transmit
   83779580 00:01:23.779 [D] SubMac--------: RadioState: Transmit -> Receive
   83779580 00:01:23.779 [D] Mac-----------: ==============================[TX len=070]==============================
   83779580 00:01:23.779 [D] Mac-----------: | 41 D8 FB CE FA FF FF 89 | D1 91 A3 12 DE 28 7E 7F | A............(~. |
   83779580 00:01:23.779 [D] Mac-----------: | 3B 01 F0 4D 4C 4D 4C 98 | 48 00 15 0C 00 00 00 00 | ;..MLML.H....... |
   83779580 00:01:23.779 [D] Mac-----------: | 00 00 00 01 A1 E7 9A A8 | 9A 07 A8 40 2D E8 78 94 | ...........@-.x. |
   83779580 00:01:23.779 [D] Mac-----------: | 87 F9 8B 8C 49 2B AE FC | 6A B5 4B B8 48 1D 3B 25 | ....I+..j.K.H.;% |
   83779580 00:01:23.779 [D] Mac-----------: | 0D EC 3E 53 2C ED       |                         | ..>S,.           |
   83779580 00:01:23.779 [D] Mac-----------: ------------------------------------------------------------------------
   83779580 00:01:23.779 [D] Mac-----------: Finishing operation "TransmitDataDirect"
   83779580 00:01:23.779 [I] MeshForwarder-: Sent IPv6 UDP msg, len:91, chksum:9848, ecn:no, to:0xffff, sec:no, prio:net
   83779580 00:01:23.779 [I] MeshForwarder-:     src:[fe80:0:0:0:7c28:de12:a391:d189]:19788
   83779580 00:01:23.779 [I] MeshForwarder-:     dst:[ff02:0:0:0:0:0:0:1]:19788
   83779580 00:01:23.779 [D] Mac-----------: Idle mode: Radio receiving on channel 11
   84202220 00:01:24.202 [D] Mac-----------: ==============================[RX len=070]==============================
   84202220 00:01:24.202 [D] Mac-----------: | 41 D8 31 CE FA FF FF C6 | D2 3D 37 B8 88 E0 BE 7F | A.1......=7..... |
   84202220 00:01:24.202 [D] Mac-----------: | 3B 01 F0 4D 4C 4D 4C B4 | A7 00 15 13 00 00 00 00 | ;..MLML......... |
   84202220 00:01:24.202 [D] Mac-----------: | 00 00 00 01 AD 86 43 BF | 4D F9 2E 5F 4B AC 28 77 | ......C.M.._K.(w |
   84202220 00:01:24.202 [D] Mac-----------: | 93 5C AD 29 6C 16 C2 5A | F4 56 7B D2 68 10 F1 5A | .\.)l..Z.V{.h..Z |
   84202220 00:01:24.202 [D] Mac-----------: | 1B 15 DB EB B0 E1       |                         | ......           |
   84202220 00:01:24.202 [D] Mac-----------: ------------------------------------------------------------------------
   84202220 00:01:24.202 [I] MeshForwarder-: Received IPv6 UDP msg, len:91, chksum:b4a7, ecn:no, from:bee088b8373dd2c6, sec:no, prio:net, rss:-31.0
   84202220 00:01:24.202 [I] MeshForwarder-:     src:[fe80:0:0:0:bce0:88b8:373d:d2c6]:19788
   84202220 00:01:24.202 [I] MeshForwarder-:     dst:[ff02:0:0:0:0:0:0:1]:19788
   84202220 00:01:24.202 [D] Mle-----------: Receive MLE message
   84202220 00:01:24.202 [I] Mle-----------: Receive Advertisement (fe80:0:0:0:bce0:88b8:373d:d2c6,0xf800)
   84202220 00:01:24.202 [D] Mac-----------: Idle mode: Radio receiving on channel 11
   84325260 00:01:24.325 [D] Mle-----------: Leader age 2
   85324260 00:01:25.324 [D] Mle-----------: Leader age 3
   86328260 00:01:26.328 [D] Mle-----------: Leader age 5
   86413260 00:01:26.413 [I] Mle-----------: Send Advertisement (ff02:0:0:0:0:0:0:1)
   86413260 00:01:26.413 [D] Mac-----------: Request to start operation "TransmitDataDirect"
   86413260 00:01:26.413 [D] Mac-----------: Starting operation "TransmitDataDirect"
   86413260 00:01:26.413 [D] SubMac--------: RadioState: Receive -> CsmaBackoff
   86414220 00:01:26.414 [D] SubMac--------: RadioState: CsmaBackoff -> Transmit
   86416820 00:01:26.416 [D] SubMac--------: RadioState: Transmit -> Receive
   86416820 00:01:26.416 [D] Mac-----------: ==============================[TX len=070]==============================
   86416820 00:01:26.416 [D] Mac-----------: | 41 D8 FC CE FA FF FF 89 | D1 91 A3 12 DE 28 7E 7F | A............(~. |
   86416820 00:01:26.416 [D] Mac-----------: | 3B 01 F0 4D 4C 4D 4C 20 | 5A 00 15 0D 00 00 00 00 | ;..MLML Z....... |
   86416820 00:01:26.416 [D] Mac-----------: | 00 00 00 01 A2 CE CD 03 | 2E 4A 0E 13 3F B7 8D 5A | .........J..?..Z |
   86416820 00:01:26.416 [D] Mac-----------: | 79 43 74 8C 92 77 7B 38 | C6 C5 DB BF 11 55 BD FC | yCt..w{8.....U.. |
   86416820 00:01:26.416 [D] Mac-----------: | 78 73 46 5D FB 77       |                         | xsF].w           |
   86416820 00:01:26.416 [D] Mac-----------: ------------------------------------------------------------------------
   86416820 00:01:26.416 [D] Mac-----------: Finishing operation "TransmitDataDirect"
   86416820 00:01:26.416 [I] MeshForwarder-: Sent IPv6 UDP msg, len:91, chksum:205a, ecn:no, to:0xffff, sec:no, prio:net
   86416820 00:01:26.416 [I] MeshForwarder-:     src:[fe80:0:0:0:7c28:de12:a391:d189]:19788
   86416820 00:01:26.416 [I] MeshForwarder-:     dst:[ff02:0:0:0:0:0:0:1]:19788
   86416820 00:01:26.416 [D] Mac-----------: Idle mode: Radio receiving on channel 11
   86610100 00:01:26.610 [D] Mac-----------: ==============================[RX len=070]==============================
   86610100 00:01:26.610 [D] Mac-----------: | 41 D8 32 CE FA FF FF C6 | D2 3D 37 B8 88 E0 BE 7F | A.2......=7..... |
   86610100 00:01:26.610 [D] Mac-----------: | 3B 01 F0 4D 4C 4D 4C CF | 69 00 15 14 00 00 00 00 | ;..MLML.i....... |
   86610100 00:01:26.610 [D] Mac-----------: | 00 00 00 01 B2 50 E9 AA | 38 39 95 88 D0 7D AA 44 | .....P..89...}.D |
   86610100 00:01:26.610 [D] Mac-----------: | 50 C8 F4 48 13 2D B5 7E | 95 6D AE 2E 49 7C BD DA | P..H.-.~.m..I|.. |
   86610100 00:01:26.610 [D] Mac-----------: | 55 16 BC EC B1 A1       |                         | U.....           |
   86610100 00:01:26.610 [D] Mac-----------: ------------------------------------------------------------------------
   86610100 00:01:26.610 [I] MeshForwarder-: Received IPv6 UDP msg, len:91, chksum:cf69, ecn:no, from:bee088b8373dd2c6, sec:no, prio:net, rss:-20.0
   86610100 00:01:26.610 [I] MeshForwarder-:     src:[fe80:0:0:0:bce0:88b8:373d:d2c6]:19788
   86610100 00:01:26.610 [I] MeshForwarder-:     dst:[ff02:0:0:0:0:0:0:1]:19788
   86610100 00:01:26.610 [D] Mle-----------: Receive MLE message
   86610100 00:01:26.610 [I] Mle-----------: Receive Advertisement (fe80:0:0:0:bce0:88b8:373d:d2c6,0xf800)
   86610100 00:01:26.610 [D] Mac-----------: Idle mode: Radio receiving on channel 11
   87329140 00:01:27.329 [D] Mle-----------: Leader age 6
   88327140 00:01:28.327 [D] Mle-----------: Leader age 6
   89328140 00:01:29.328 [I] Mle-----------: Clearing alternate RLOC16
   89328140 00:01:29.328 [D] SubMac--------: RadioAlternateShortAddress: 0xfffe
   89328140 00:01:29.328 [D] Mle-----------: Leader age 8
   90326140 00:01:30.326 [D] Mle-----------: Leader age 8
   91322140 00:01:31.322 [D] Mle-----------: Leader age 9
   92322140 00:01:32.322 [D] Mle-----------: Leader age 10
   92475140 00:01:32.475 [I] Mle-----------: Send Advertisement (ff02:0:0:0:0:0:0:1)
   92475140 00:01:32.475 [D] Mac-----------: Request to start operation "TransmitDataDirect"
   92475140 00:01:32.475 [D] Mac-----------: Starting operation "TransmitDataDirect"
   92475140 00:01:32.475 [D] SubMac--------: RadioState: Receive -> CsmaBackoff
   92476100 00:01:32.476 [D] SubMac--------: RadioState: CsmaBackoff -> Transmit
   92478700 00:01:32.478 [D] SubMac--------: RadioState: Transmit -> Receive
   92478700 00:01:32.478 [D] Mac-----------: ==============================[TX len=070]==============================
   92478700 00:01:32.478 [D] Mac-----------: | 41 D8 FD CE FA FF FF 89 | D1 91 A3 12 DE 28 7E 7F | A............(~. |
   92478700 00:01:32.478 [D] Mac-----------: | 3B 01 F0 4D 4C 4D 4C F1 | 2C 00 15 0E 00 00 00 00 | ;..MLML.,....... |
   92478700 00:01:32.478 [D] Mac-----------: | 00 00 00 01 78 B7 5E FE | D2 BC 9D 7A F2 FA E3 36 | ....x.^....z...6 |
   92478700 00:01:32.478 [D] Mac-----------: | 14 E6 DC B9 8E 34 68 61 | FE 58 6E B4 DC 76 C1 ED | .....4ha.Xn..v.. |
   92478700 00:01:32.478 [D] Mac-----------: | 61 AA 5F 26 2A C6       |                         | a._&*.           |
   92478700 00:01:32.478 [D] Mac-----------: ------------------------------------------------------------------------
   92478700 00:01:32.478 [D] Mac-----------: Finishing operation "TransmitDataDirect"
   92478700 00:01:32.478 [I] MeshForwarder-: Sent IPv6 UDP msg, len:91, chksum:f12c, ecn:no, to:0xffff, sec:no, prio:net
   92478700 00:01:32.478 [I] MeshForwarder-:     src:[fe80:0:0:0:7c28:de12:a391:d189]:19788
   92478700 00:01:32.478 [I] MeshForwarder-:     dst:[ff02:0:0:0:0:0:0:1]:19788
   92478700 00:01:32.478 [D] Mac-----------: Idle mode: Radio receiving on channel 11
   93280300 00:01:33.280 [D] Mac-----------: ==============================[RX len=070]==============================
   93280300 00:01:33.280 [D] Mac-----------: | 41 D8 33 CE FA FF FF C6 | D2 3D 37 B8 88 E0 BE 7F | A.3......=7..... |
   93280300 00:01:33.280 [D] Mac-----------: | 3B 01 F0 4D 4C 4D 4C 62 | F6 00 15 15 00 00 00 00 | ;..MLMLb........ |
   93280300 00:01:33.280 [D] Mac-----------: | 00 00 00 01 40 8B 0C 70 | F9 83 3C 7E 1E 69 19 54 | ....@..p..<~.i.T |
   93280300 00:01:33.280 [D] Mac-----------: | 70 4F F7 E1 08 F4 57 53 | 1A D6 A0 BF 68 E4 76 F1 | pO....WS....h.v. |
   93280300 00:01:33.280 [D] Mac-----------: | C5 39 DE C5 A5 ED       |                         | .9....           |
   93280300 00:01:33.280 [D] Mac-----------: ------------------------------------------------------------------------
   93280300 00:01:33.280 [I] MeshForwarder-: Received IPv6 UDP msg, len:91, chksum:62f6, ecn:no, from:bee088b8373dd2c6, sec:no, prio:net, rss:-20.0
   93280300 00:01:33.280 [I] MeshForwarder-:     src:[fe80:0:0:0:bce0:88b8:373d:d2c6]:19788
   93280300 00:01:33.280 [I] MeshForwarder-:     dst:[ff02:0:0:0:0:0:0:1]:19788
   93280300 00:01:33.280 [D] Mle-----------: Receive MLE message
   93280300 00:01:33.280 [I] Mle-----------: Receive Advertisement (fe80:0:0:0:bce0:88b8:373d:d2c6,0xf800)
   93280300 00:01:33.280 [D] Mac-----------: Idle mode: Radio receiving on channel 11
   93320340 00:01:33.320 [D] Mle-----------: Leader age 0
   94322340 00:01:34.322 [D] Mle-----------: Leader age 1
   95322340 00:01:35.322 [D] Mle-----------: Leader age 2
   96321340 00:01:36.321 [D] Mle-----------: Leader age 3
   97318340 00:01:37.318 [D] Mle-----------: Leader age 4
   98319340 00:01:38.319 [D] Mle-----------: Leader age 5
   99317340 00:01:39.317 [D] Mle-----------: Leader age 6
  100317340 00:01:40.317 [D] Mle-----------: Leader age 7
  101319340 00:01:41.319 [D] Mle-----------: Leader age 8
  102318340 00:01:42.318 [D] Mle-----------: Leader age 9
  103248860 00:01:43.248 [D] Mac-----------: ==============================[RX len=070]==============================
  103248860 00:01:43.248 [D] Mac-----------: | 41 D8 34 CE FA FF FF C6 | D2 3D 37 B8 88 E0 BE 7F | A.4......=7..... |
  103248860 00:01:43.248 [D] Mac-----------: | 3B 01 F0 4D 4C 4D 4C DF | B1 00 15 16 00 00 00 00 | ;..MLML......... |
  103248860 00:01:43.248 [D] Mac-----------: | 00 00 00 01 BC 9F 10 79 | B6 8E 96 44 EE A6 87 AB | .......y...D.... |
  103248860 00:01:43.248 [D] Mac-----------: | 8C B7 D3 67 1D 5E 97 E0 | BE 41 5B 9B 41 4A D3 9D | ...g.^...A[.AJ.. |
  103248860 00:01:43.248 [D] Mac-----------: | 1F C6 12 F9 F5 52       |                         | .....R           |
  103248860 00:01:43.248 [D] Mac-----------: ------------------------------------------------------------------------
  103248860 00:01:43.248 [I] MeshForwarder-: Received IPv6 UDP msg, len:91, chksum:dfb1, ecn:no, from:bee088b8373dd2c6, sec:no, prio:net, rss:-20.0
  103248860 00:01:43.248 [I] MeshForwarder-:     src:[fe80:0:0:0:bce0:88b8:373d:d2c6]:19788
  103248860 00:01:43.248 [I] MeshForwarder-:     dst:[ff02:0:0:0:0:0:0:1]:19788
  103248860 00:01:43.248 [D] Mle-----------: Receive MLE message
  103248860 00:01:43.248 [I] Mle-----------: Receive Advertisement (fe80:0:0:0:bce0:88b8:373d:d2c6,0xf800)
  103248860 00:01:43.248 [D] Mac-----------: Idle mode: Radio receiving on channel 11
  103317900 00:01:43.317 [D] Mle-----------: Leader age 0
  104315900 00:01:44.315 [D] Mle-----------: Leader age 1
  105315900 00:01:45.315 [D] Mle-----------: Leader age 2
  106029900 00:01:46.029 [I] Mle-----------: Send Advertisement (ff02:0:0:0:0:0:0:1)
  106029900 00:01:46.029 [D] Mac-----------: Request to start operation "TransmitDataDirect"
  106029900 00:01:46.029 [D] Mac-----------: Starting operation "TransmitDataDirect"
  106029900 00:01:46.029 [D] SubMac--------: RadioState: Receive -> CsmaBackoff
  106030220 00:01:46.030 [D] SubMac--------: RadioState: CsmaBackoff -> Transmit
  106032820 00:01:46.032 [D] SubMac--------: RadioState: Transmit -> Receive
  106032820 00:01:46.032 [D] Mac-----------: ==============================[TX len=070]==============================
  106032820 00:01:46.032 [D] Mac-----------: | 41 D8 FE CE FA FF FF 89 | D1 91 A3 12 DE 28 7E 7F | A............(~. |
  106032820 00:01:46.032 [D] Mac-----------: | 3B 01 F0 4D 4C 4D 4C 96 | 2A 00 15 0F 00 00 00 00 | ;..MLML.*....... |
  106032820 00:01:46.032 [D] Mac-----------: | 00 00 00 01 80 18 53 26 | A4 00 62 DF DF 80 EB 29 | ......S&..b....) |
  106032820 00:01:46.032 [D] Mac-----------: | EC B9 58 5E B6 C9 FF 1A | E9 A4 6A 40 75 9A 99 80 | ..X^......j@u... |
  106032820 00:01:46.032 [D] Mac-----------: | 00 A4 D1 86 1A AF       |                         | ......           |
  106032820 00:01:46.032 [D] Mac-----------: ------------------------------------------------------------------------
  106032820 00:01:46.032 [D] Mac-----------: Finishing operation "TransmitDataDirect"
  106032820 00:01:46.032 [I] MeshForwarder-: Sent IPv6 UDP msg, len:91, chksum:962a, ecn:no, to:0xffff, sec:no, prio:net
  106032820 00:01:46.032 [I] MeshForwarder-:     src:[fe80:0:0:0:7c28:de12:a391:d189]:19788
  106032820 00:01:46.032 [I] MeshForwarder-:     dst:[ff02:0:0:0:0:0:0:1]:19788
  106032820 00:01:46.032 [D] Mac-----------: Idle mode: Radio receiving on channel 11
  106311460 00:01:46.311 [D] Mle-----------: Leader age 3
  107312460 00:01:47.312 [D] Mle-----------: Leader age 4
  108311460 00:01:48.311 [D] Mle-----------: Leader age 5
  109311460 00:01:49.311 [D] Mle-----------: Leader age 6
  110313460 00:01:50.313 [D] Mle-----------: Leader age 7
  111316460 00:01:51.316 [D] Mle-----------: Leader age 8
  112312460 00:01:52.312 [D] Mle-----------: Leader age 9
  113316460 00:01:53.316 [D] Mle-----------: Leader age 10
  114315460 00:01:54.315 [D] Mle-----------: Leader age 11
  115319460 00:01:55.319 [D] Mle-----------: Leader age 12
  116323460 00:01:56.323 [D] Mle-----------: Leader age 13
  117320460 00:01:57.320 [D] Mle-----------: Leader age 14
  118318460 00:01:58.318 [D] Mle-----------: Leader age 15
  119237460 00:01:59.237 [I] Mle-----------: Send Advertisement (ff02:0:0:0:0:0:0:1)
  119237460 00:01:59.237 [D] Mac-----------: Request to start operation "TransmitDataDirect"
  119237460 00:01:59.237 [D] Mac-----------: Starting operation "TransmitDataDirect"
  119237460 00:01:59.237 [D] SubMac--------: RadioState: Receive -> CsmaBackoff
  119239380 00:01:59.239 [D] SubMac--------: RadioState: CsmaBackoff -> Transmit
  119241980 00:01:59.241 [D] SubMac--------: RadioState: Transmit -> Receive
  119241980 00:01:59.241 [D] Mac-----------: ==============================[TX len=070]==============================
  119241980 00:01:59.241 [D] Mac-----------: | 41 D8 FF CE FA FF FF 89 | D1 91 A3 12 DE 28 7E 7F | A............(~. |
  119241980 00:01:59.241 [D] Mac-----------: | 3B 01 F0 4D 4C 4D 4C 62 | 47 00 15 10 00 00 00 00 | ;..MLMLbG....... |
  119241980 00:01:59.241 [D] Mac-----------: | 00 00 00 01 E5 FC 22 33 | FE EC B8 61 70 92 0D 8C | ......"3...ap... |
  119241980 00:01:59.241 [D] Mac-----------: | F8 89 D6 7B 96 84 89 6E | 92 30 86 A9 4F 5D E5 AD | ...{...n.0..O].. |
  119241980 00:01:59.241 [D] Mac-----------: | A8 CC 94 DC 4B 6C       |                         | ....Kl           |
  119241980 00:01:59.241 [D] Mac-----------: ------------------------------------------------------------------------
  119241980 00:01:59.241 [D] Mac-----------: Finishing operation "TransmitDataDirect"
  119241980 00:01:59.241 [I] MeshForwarder-: Sent IPv6 UDP msg, len:91, chksum:6247, ecn:no, to:0xffff, sec:no, prio:net
  119241980 00:01:59.241 [I] MeshForwarder-:     src:[fe80:0:0:0:7c28:de12:a391:d189]:19788
  119241980 00:01:59.241 [I] MeshForwarder-:     dst:[ff02:0:0:0:0:0:0:1]:19788
  119241980 00:01:59.241 [D] Mac-----------: Idle mode: Radio receiving on channel 11
  119315620 00:01:59.315 [D] Mle-----------: Leader age 16
  120106540 00:02:00.106 [D] Mac-----------: ==============================[RX len=070]==============================
  120106540 00:02:00.106 [D] Mac-----------: | 41 D8 35 CE FA FF FF C6 | D2 3D 37 B8 88 E0 BE 7F | A.5......=7..... |
  120106540 00:02:00.106 [D] Mac-----------: | 3B 01 F0 4D 4C 4D 4C 36 | F8 00 15 17 00 00 00 00 | ;..MLML6........ |
  120106540 00:02:00.106 [D] Mac-----------: | 00 00 00 01 9E 2D 31 DB | 1D 08 AE 3A 19 1F 32 AB | .....-1....:..2. |
  120106540 00:02:00.106 [D] Mac-----------: | 3E FE 73 E3 20 4C 24 6A | DF C6 39 5A 6C 47 BF EC | >.s. L$j..9ZlG.. |
  120106540 00:02:00.106 [D] Mac-----------: | D6 8C C6 38 95 2B       |                         | ...8.+           |
  120106540 00:02:00.106 [D] Mac-----------: ------------------------------------------------------------------------
  120106540 00:02:00.106 [I] MeshForwarder-: Received IPv6 UDP msg, len:91, chksum:36f8, ecn:no, from:bee088b8373dd2c6, sec:no, prio:net, rss:-20.0
  120106540 00:02:00.106 [I] MeshForwarder-:     src:[fe80:0:0:0:bce0:88b8:373d:d2c6]:19788
  120106540 00:02:00.106 [I] MeshForwarder-:     dst:[ff02:0:0:0:0:0:0:1]:19788
  120106540 00:02:00.106 [D] Mle-----------: Receive MLE message
  120106540 00:02:00.106 [I] Mle-----------: Receive Advertisement (fe80:0:0:0:bce0:88b8:373d:d2c6,0xf800)
  120106540 00:02:00.106 [D] Mac-----------: Idle mode: Radio receiving on channel 11
  120311580 00:02:00.311 [D] Mle-----------: Leader age 0
  121313580 00:02:01.313 [D] Mle-----------: Leader age 1
  122311580 00:02:02.311 [D] Mle-----------: Leader age 2
  123313580 00:02:03.313 [D] Mle-----------: Leader age 3
  124310580 00:02:04.310 [D] Mle-----------: Leader age 4
  125312580 00:02:05.312 [D] Mle-----------: Leader age 5
  126310580 00:02:06.310 [D] Mle-----------: Leader age 6
  127309580 00:02:07.309 [D] Mle-----------: Leader age 7
  128309580 00:02:08.309 [D] Mle-----------: Leader age 8
  129313580 00:02:09.313 [D] Mle-----------: Leader age 9
  130006580 00:02:10.006 [I] Mle-----------: Send Advertisement (ff02:0:0:0:0:0:0:1)
  130006580 00:02:10.006 [D] Mac-----------: Request to start operation "TransmitDataDirect"
  130006580 00:02:10.006 [D] Mac-----------: Starting operation "TransmitDataDirect"
  130006580 00:02:10.006 [D] SubMac--------: RadioState: Receive -> CsmaBackoff
  130007540 00:02:10.007 [D] SubMac--------: RadioState: CsmaBackoff -> Transmit
  130010140 00:02:10.010 [D] SubMac--------: RadioState: Transmit -> Receive
  130010140 00:02:10.010 [D] Mac-----------: ==============================[TX len=070]==============================
  130010140 00:02:10.010 [D] Mac-----------: | 41 D8 00 CE FA FF FF 89 | D1 91 A3 12 DE 28 7E 7F | A............(~. |
  130010140 00:02:10.010 [D] Mac-----------: | 3B 01 F0 4D 4C 4D 4C 74 | 7B 00 15 11 00 00 00 00 | ;..MLMLt{....... |
  130010140 00:02:10.010 [D] Mac-----------: | 00 00 00 01 8D D7 3D 6F | 76 1A C3 1A 7B 11 7C F6 | ......=ov...{.|. |
  130010140 00:02:10.010 [D] Mac-----------: | 1F 02 62 F0 6E 4E 97 4D | DD 98 78 45 5F 74 D0 C3 | ..b.nN.M..xE_t.. |
  130010140 00:02:10.010 [D] Mac-----------: | 45 B9 34 2F 45 82       |                         | E.4/E.           |
  130010140 00:02:10.010 [D] Mac-----------: ------------------------------------------------------------------------
  130010140 00:02:10.010 [D] Mac-----------: Finishing operation "TransmitDataDirect"
  130010140 00:02:10.010 [I] MeshForwarder-: Sent IPv6 UDP msg, len:91, chksum:747b, ecn:no, to:0xffff, sec:no, prio:net
  130010140 00:02:10.010 [I] MeshForwarder-:     src:[fe80:0:0:0:7c28:de12:a391:d189]:19788
  130010140 00:02:10.010 [I] MeshForwarder-:     dst:[ff02:0:0:0:0:0:0:1]:19788
  130010140 00:02:10.010 [D] Mac-----------: Idle mode: Radio receiving on channel 11
  130313780 00:02:10.313 [D] Mle-----------: Leader age 10
  131317780 00:02:11.317 [D] Mle-----------: Leader age 11
  132085780 00:02:12.085 [D] Mac-----------: ==============================[RX len=070]==============================
  132085780 00:02:12.085 [D] Mac-----------: | 41 D8 36 CE FA FF FF C6 | D2 3D 37 B8 88 E0 BE 7F | A.6......=7..... |
  132085780 00:02:12.085 [D] Mac-----------: | 3B 01 F0 4D 4C 4D 4C 28 | 6C 00 15 18 00 00 00 00 | ;..MLML(l....... |
  132085780 00:02:12.085 [D] Mac-----------: | 00 00 00 01 34 02 76 64 | CE A0 3D 31 65 BF 37 F4 | ....4.vd..=1e.7. |
  132085780 00:02:12.085 [D] Mac-----------: | B5 4E 9F C5 73 F1 C2 84 | C0 40 AE F7 2A 23 91 34 | .N..s....@..*#.4 |
  132085780 00:02:12.085 [D] Mac-----------: | CA 51 78 7D 17 29       |                         | .Qx}.)           |
  132085780 00:02:12.085 [D] Mac-----------: ------------------------------------------------------------------------
  132085780 00:02:12.085 [I] MeshForwarder-: Received IPv6 UDP msg, len:91, chksum:286c, ecn:no, from:bee088b8373dd2c6, sec:no, prio:net, rss:-20.0
  132085780 00:02:12.085 [I] MeshForwarder-:     src:[fe80:0:0:0:bce0:88b8:373d:d2c6]:19788
  132085780 00:02:12.085 [I] MeshForwarder-:     dst:[ff02:0:0:0:0:0:0:1]:19788
  132085780 00:02:12.085 [D] Mle-----------: Receive MLE message
  132085780 00:02:12.085 [I] Mle-----------: Receive Advertisement (fe80:0:0:0:bce0:88b8:373d:d2c6,0xf800)
  132085780 00:02:12.085 [D] Mac-----------: Idle mode: Radio receiving on channel 11
  132316820 00:02:12.316 [D] Mle-----------: Leader age 0
  133317820 00:02:13.317 [D] Mle-----------: Leader age 1
  134320820 00:02:14.320 [D] Mle-----------: Leader age 2
  135318820 00:02:15.318 [D] Mle-----------: Leader age 3
  136319820 00:02:16.319 [D] Mle-----------: Leader age 4
  137322820 00:02:17.322 [D] Mle-----------: Leader age 5
  138324820 00:02:18.324 [D] Mle-----------: Leader age 6
  139248300 00:02:19.248 [D] Mac-----------: ==============================[RX len=070]==============================
  139248300 00:02:19.248 [D] Mac-----------: | 41 D8 37 CE FA FF FF C6 | D2 3D 37 B8 88 E0 BE 7F | A.7......=7..... |
  139248300 00:02:19.248 [D] Mac-----------: | 3B 01 F0 4D 4C 4D 4C 24 | 55 00 15 19 00 00 00 00 | ;..MLML$U....... |
  139248300 00:02:19.248 [D] Mac-----------: | 00 00 00 01 CC 71 91 98 | 55 8C 1B 45 B4 39 44 75 | .....q..U..E.9Du |
  139248300 00:02:19.248 [D] Mac-----------: | 23 00 C6 40 29 EE 1C 07 | 5D 9F 0A 40 4C 1D AA 11 | #..@)...]..@L... |
  139248300 00:02:19.248 [D] Mac-----------: | 0C 66 02 A4 07 98       |                         | .f....           |
  139248300 00:02:19.248 [D] Mac-----------: ------------------------------------------------------------------------
  139248300 00:02:19.248 [I] MeshForwarder-: Received IPv6 UDP msg, len:91, chksum:2455, ecn:no, from:bee088b8373dd2c6, sec:no, prio:net, rss:-20.0
  139248300 00:02:19.248 [I] MeshForwarder-:     src:[fe80:0:0:0:bce0:88b8:373d:d2c6]:19788
  139248300 00:02:19.248 [I] MeshForwarder-:     dst:[ff02:0:0:0:0:0:0:1]:19788
  139248300 00:02:19.248 [D] Mle-----------: Receive MLE message
  139248300 00:02:19.248 [I] Mle-----------: Receive Advertisement (fe80:0:0:0:bce0:88b8:373d:d2c6,0xf800)
  139248300 00:02:19.248 [D] Mac-----------: Idle mode: Radio receiving on channel 11
  139324340 00:02:19.324 [D] Mle-----------: Leader age 0
  140325340 00:02:20.325 [D] Mle-----------: Leader age 1
  141257340 00:02:21.257 [I] Mle-----------: Send Advertisement (ff02:0:0:0:0:0:0:1)
  141257340 00:02:21.257 [D] Mac-----------: Request to start operation "TransmitDataDirect"
  141257340 00:02:21.257 [D] Mac-----------: Starting operation "TransmitDataDirect"
  141257340 00:02:21.257 [D] SubMac--------: RadioState: Receive -> CsmaBackoff
  141258300 00:02:21.258 [D] SubMac--------: RadioState: CsmaBackoff -> Transmit
  141260900 00:02:21.260 [D] SubMac--------: RadioState: Transmit -> Receive
  141260900 00:02:21.260 [D] Mac-----------: ==============================[TX len=070]==============================
  141260900 00:02:21.260 [D] Mac-----------: | 41 D8 01 CE FA FF FF 89 | D1 91 A3 12 DE 28 7E 7F | A............(~. |
  141260900 00:02:21.260 [D] Mac-----------: | 3B 01 F0 4D 4C 4D 4C 42 | 0E 00 15 12 00 00 00 00 | ;..MLMLB........ |
  141260900 00:02:21.260 [D] Mac-----------: | 00 00 00 01 36 09 FE 30 | 89 5D FF 2C 2C 29 02 FC | ....6..0.].,,).. |
  141260900 00:02:21.260 [D] Mac-----------: | BD 12 94 5E 49 AF C0 49 | 22 48 84 B0 D8 13 B4 DC | ...^I..I"H...... |
  141260900 00:02:21.260 [D] Mac-----------: | 81 5C F4 A8 6D 80       |                         | .\..m.           |
  141260900 00:02:21.260 [D] Mac-----------: ------------------------------------------------------------------------
  141260900 00:02:21.260 [D] Mac-----------: Finishing operation "TransmitDataDirect"
  141260900 00:02:21.260 [I] MeshForwarder-: Sent IPv6 UDP msg, len:91, chksum:420e, ecn:no, to:0xffff, sec:no, prio:net
  141260900 00:02:21.260 [I] MeshForwarder-:     src:[fe80:0:0:0:7c28:de12:a391:d189]:19788
  141260900 00:02:21.260 [I] MeshForwarder-:     dst:[ff02:0:0:0:0:0:0:1]:19788
  141260900 00:02:21.260 [D] Mac-----------: Idle mode: Radio receiving on channel 11
  141329540 00:02:21.329 [D] Mle-----------: Leader age 2
  142329540 00:02:22.329 [D] Mle-----------: Leader age 3
  143332540 00:02:23.332 [D] Mle-----------: Leader age 4
  144331540 00:02:24.331 [D] Mle-----------: Leader age 5
  145335540 00:02:25.335 [D] Mle-----------: Leader age 6
  146331540 00:02:26.331 [D] Mle-----------: Leader age 7
  147335540 00:02:27.335 [D] Mle-----------: Leader age 8
  148336540 00:02:28.336 [D] Mle-----------: Leader age 9
  149337540 00:02:29.337 [D] Mle-----------: Leader age 10
  150336540 00:02:30.336 [D] Mle-----------: Leader age 11
  150850540 00:02:30.850 [I] Mle-----------: Send Advertisement (ff02:0:0:0:0:0:0:1)
  150850540 00:02:30.850 [D] Mac-----------: Request to start operation "TransmitDataDirect"
  150850540 00:02:30.850 [D] Mac-----------: Starting operation "TransmitDataDirect"
  150850540 00:02:30.850 [D] SubMac--------: RadioState: Receive -> CsmaBackoff
  150852460 00:02:30.852 [D] SubMac--------: RadioState: CsmaBackoff -> Transmit
  150855060 00:02:30.855 [D] SubMac--------: RadioState: Transmit -> Receive
  150855060 00:02:30.855 [D] Mac-----------: ==============================[TX len=070]==============================
  150855060 00:02:30.855 [D] Mac-----------: | 41 D8 02 CE FA FF FF 89 | D1 91 A3 12 DE 28 7E 7F | A............(~. |
  150855060 00:02:30.855 [D] Mac-----------: | 3B 01 F0 4D 4C 4D 4C 13 | 6E 00 15 13 00 00 00 00 | ;..MLML.n....... |
  150855060 00:02:30.855 [D] Mac-----------: | 00 00 00 01 58 8F CE 99 | 00 61 FA 1C 92 50 32 D7 | ....X....a...P2. |
  150855060 00:02:30.855 [D] Mac-----------: | 38 46 96 07 6A 6D 1E 19 | E4 B4 11 52 7A E7 A8 C2 | 8F..jm.....Rz... |
  150855060 00:02:30.855 [D] Mac-----------: | 84 AF B5 6C 69 01       |                         | ...li.           |
  150855060 00:02:30.855 [D] Mac-----------: ------------------------------------------------------------------------
  150855060 00:02:30.855 [D] Mac-----------: Finishing operation "TransmitDataDirect"
  150855060 00:02:30.855 [I] MeshForwarder-: Sent IPv6 UDP msg, len:91, chksum:136e, ecn:no, to:0xffff, sec:no, prio:net
  150855060 00:02:30.855 [I] MeshForwarder-:     src:[fe80:0:0:0:7c28:de12:a391:d189]:19788
  150855060 00:02:30.855 [I] MeshForwarder-:     dst:[ff02:0:0:0:0:0:0:1]:19788
  150855060 00:02:30.855 [D] Mac-----------: Idle mode: Radio receiving on channel 11
  151336700 00:02:31.336 [D] Mle-----------: Leader age 12
  152339700 00:02:32.339 [D] Mle-----------: Leader age 13
  153044940 00:02:33.044 [D] Mac-----------: ==============================[RX len=070]==============================
  153044940 00:02:33.044 [D] Mac-----------: | 41 D8 38 CE FA FF FF C6 | D2 3D 37 B8 88 E0 BE 7F | A.8......=7..... |
  153044940 00:02:33.044 [D] Mac-----------: | 3B 01 F0 4D 4C 4D 4C 7E | 7B 00 15 1A 00 00 00 00 | ;..MLML~{....... |
  153044940 00:02:33.044 [D] Mac-----------: | 00 00 00 01 7E 42 E4 64 | BD BA 18 0C 86 F8 D6 86 | ....~B.d........ |
  153044940 00:02:33.044 [D] Mac-----------: | 2E C8 C7 B5 E2 38 EA C3 | CD 68 EE FF 27 4F 4B 66 | .....8...h..'OKf |
  153044940 00:02:33.044 [D] Mac-----------: | BB FA F8 FC 43 54       |                         | ....CT           |
  153044940 00:02:33.044 [D] Mac-----------: ------------------------------------------------------------------------
  153044940 00:02:33.044 [I] MeshForwarder-: Received IPv6 UDP msg, len:91, chksum:7e7b, ecn:no, from:bee088b8373dd2c6, sec:no, prio:net, rss:-20.0
  153044940 00:02:33.044 [I] MeshForwarder-:     src:[fe80:0:0:0:bce0:88b8:373d:d2c6]:19788
  153044940 00:02:33.044 [I] MeshForwarder-:     dst:[ff02:0:0:0:0:0:0:1]:19788
  153044940 00:02:33.044 [D] Mle-----------: Receive MLE message
  153044940 00:02:33.044 [I] Mle-----------: Receive Advertisement (fe80:0:0:0:bce0:88b8:373d:d2c6,0xf800)
  153044940 00:02:33.044 [D] Mac-----------: Idle mode: Radio receiving on channel 11
  153342980 00:02:33.342 [D] Mle-----------: Leader age 0
  154342980 00:02:34.342 [D] Mle-----------: Leader age 1
  155346980 00:02:35.346 [D] Mle-----------: Leader age 2
  156349980 00:02:36.349 [D] Mle-----------: Leader age 3
  157350980 00:02:37.350 [D] Mle-----------: Leader age 4
  158346980 00:02:38.346 [D] Mle-----------: Leader age 5
  159347980 00:02:39.347 [D] Mle-----------: Leader age 6
  160344980 00:02:40.344 [D] Mle-----------: Leader age 7
  161346980 00:02:41.346 [D] Mle-----------: Leader age 8
  162344980 00:02:42.344 [D] Mle-----------: Leader age 9
  163341980 00:02:43.341 [D] Mle-----------: Leader age 10
  164340980 00:02:44.340 [D] Mle-----------: Leader age 11
  165344980 00:02:45.344 [D] Mle-----------: Leader age 12
  165762980 00:02:45.762 [I] Mle-----------: Send Advertisement (ff02:0:0:0:0:0:0:1)
  165762980 00:02:45.762 [D] Mac-----------: Request to start operation "TransmitDataDirect"
  165762980 00:02:45.762 [D] Mac-----------: Starting operation "TransmitDataDirect"
  165762980 00:02:45.762 [D] SubMac--------: RadioState: Receive -> CsmaBackoff
  165763300 00:02:45.763 [D] SubMac--------: RadioState: CsmaBackoff -> Transmit
  165765900 00:02:45.765 [D] SubMac--------: RadioState: Transmit -> Receive
  165765900 00:02:45.765 [D] Mac-----------: ==============================[TX len=070]==============================
  165765900 00:02:45.765 [D] Mac-----------: | 41 D8 03 CE FA FF FF 89 | D1 91 A3 12 DE 28 7E 7F | A............(~. |
  165765900 00:02:45.765 [D] Mac-----------: | 3B 01 F0 4D 4C 4D 4C E9 | F2 00 15 14 00 00 00 00 | ;..MLML......... |
  165765900 00:02:45.765 [D] Mac-----------: | 00 00 00 01 BE 3D 4F 97 | 68 14 BA 52 6C AE 1D 85 | .....=O.h..Rl... |
  165765900 00:02:45.765 [D] Mac-----------: | 82 EC 1A EE FD 21 03 07 | 64 F9 1C 69 41 B6 DF D0 | .....!..d..iA... |
  165765900 00:02:45.765 [D] Mac-----------: | AC 28 65 13 90 DE       |                         | .(e...           |
  165765900 00:02:45.765 [D] Mac-----------: ------------------------------------------------------------------------
  165765900 00:02:45.765 [D] Mac-----------: Finishing operation "TransmitDataDirect"
  165765900 00:02:45.765 [I] MeshForwarder-: Sent IPv6 UDP msg, len:91, chksum:e9f2, ecn:no, to:0xffff, sec:no, prio:net
  165765900 00:02:45.765 [I] MeshForwarder-:     src:[fe80:0:0:0:7c28:de12:a391:d189]:19788
  165765900 00:02:45.765 [I] MeshForwarder-:     dst:[ff02:0:0:0:0:0:0:1]:19788
  165765900 00:02:45.765 [D] Mac-----------: Idle mode: Radio receiving on channel 11
  166037460 00:02:46.037 [D] Mac-----------: ==============================[RX len=070]==============================
  166037460 00:02:46.037 [D] Mac-----------: | 41 D8 39 CE FA FF FF C6 | D2 3D 37 B8 88 E0 BE 7F | A.9......=7..... |
  166037460 00:02:46.037 [D] Mac-----------: | 3B 01 F0 4D 4C 4D 4C 2E | 9C 00 15 1B 00 00 00 00 | ;..MLML......... |
  166037460 00:02:46.037 [D] Mac-----------: | 00 00 00 01 A7 82 A9 F8 | 99 1C FA 62 39 C2 A9 B0 | ...........b9... |
  166037460 00:02:46.037 [D] Mac-----------: | B2 24 6A 55 1A 62 81 1A | 14 9B 05 C4 3B 62 EC 8F | .$jU.b......;b.. |
  166037460 00:02:46.037 [D] Mac-----------: | 36 13 24 04 17 1D       |                         | 6.$...           |
  166037460 00:02:46.037 [D] Mac-----------: ------------------------------------------------------------------------
  166037460 00:02:46.037 [I] MeshForwarder-: Received IPv6 UDP msg, len:91, chksum:2e9c, ecn:no, from:bee088b8373dd2c6, sec:no, prio:net, rss:-20.0
  166037460 00:02:46.037 [I] MeshForwarder-:     src:[fe80:0:0:0:bce0:88b8:373d:d2c6]:19788
  166037460 00:02:46.037 [I] MeshForwarder-:     dst:[ff02:0:0:0:0:0:0:1]:19788
  166037460 00:02:46.037 [D] Mle-----------: Receive MLE message
  166037460 00:02:46.037 [I] Mle-----------: Receive Advertisement (fe80:0:0:0:bce0:88b8:373d:d2c6,0xf800)
  166037460 00:02:46.037 [D] Mac-----------: Idle mode: Radio receiving on channel 11
  166343500 00:02:46.343 [D] Mle-----------: Leader age 0
  167346500 00:02:47.346 [D] Mle-----------: Leader age 1
  168347500 00:02:48.347 [D] Mle-----------: Leader age 2
  169349500 00:02:49.349 [D] Mle-----------: Leader age 3
  170345500 00:02:50.345 [D] Mle-----------: Leader age 4
  171342500 00:02:51.342 [D] Mle-----------: Leader age 5
  172340500 00:02:52.340 [D] Mle-----------: Leader age 6
  173344500 00:02:53.344 [D] Mle-----------: Leader age 7
  174346500 00:02:54.346 [D] Mle-----------: Leader age 8
  175343500 00:02:55.343 [D] Mle-----------: Leader age 9
  175552340 00:02:55.552 [D] Mac-----------: ==============================[RX len=070]==============================
  175552340 00:02:55.552 [D] Mac-----------: | 41 D8 3A CE FA FF FF C6 | D2 3D 37 B8 88 E0 BE 7F | A.:......=7..... |
  175552340 00:02:55.552 [D] Mac-----------: | 3B 01 F0 4D 4C 4D 4C 9B | 96 00 15 1C 00 00 00 00 | ;..MLML......... |
  175552340 00:02:55.552 [D] Mac-----------: | 00 00 00 01 15 94 EB 9A | 10 15 53 53 05 C3 97 CE | ..........SS.... |
  175552340 00:02:55.552 [D] Mac-----------: | 5E 1D 40 61 B9 85 D7 8B | F6 63 96 17 3E 17 76 B7 | ^.@a.....c..>.v. |
  175552340 00:02:55.552 [D] Mac-----------: | 97 3E 18 1D 47 DE       |                         | .>..G.           |
  175552340 00:02:55.552 [D] Mac-----------: ------------------------------------------------------------------------
  175552340 00:02:55.552 [I] MeshForwarder-: Received IPv6 UDP msg, len:91, chksum:9b96, ecn:no, from:bee088b8373dd2c6, sec:no, prio:net, rss:-20.0
  175552340 00:02:55.552 [I] MeshForwarder-:     src:[fe80:0:0:0:bce0:88b8:373d:d2c6]:19788
  175552340 00:02:55.552 [I] MeshForwarder-:     dst:[ff02:0:0:0:0:0:0:1]:19788
  175552340 00:02:55.552 [D] Mle-----------: Receive MLE message
  175552340 00:02:55.552 [I] Mle-----------: Receive Advertisement (fe80:0:0:0:bce0:88b8:373d:d2c6,0xf800)
  175552340 00:02:55.552 [D] Mac-----------: Idle mode: Radio receiving on channel 11
  176342380 00:02:56.342 [D] Mle-----------: Leader age 0
  177173380 00:02:57.173 [I] Mle-----------: Send Advertisement (ff02:0:0:0:0:0:0:1)
  177173380 00:02:57.173 [D] Mac-----------: Request to start operation "TransmitDataDirect"
  177173380 00:02:57.173 [D] Mac-----------: Starting operation "TransmitDataDirect"
  177173380 00:02:57.173 [D] SubMac--------: RadioState: Receive -> CsmaBackoff
  177174340 00:02:57.174 [D] SubMac--------: RadioState: CsmaBackoff -> Transmit
  177176940 00:02:57.176 [D] SubMac--------: RadioState: Transmit -> Receive
  177176940 00:02:57.176 [D] Mac-----------: ==============================[TX len=070]==============================
  177176940 00:02:57.176 [D] Mac-----------: | 41 D8 04 CE FA FF FF 89 | D1 91 A3 12 DE 28 7E 7F | A............(~. |
  177176940 00:02:57.176 [D] Mac-----------: | 3B 01 F0 4D 4C 4D 4C 7B | 31 00 15 15 00 00 00 00 | ;..MLML{1....... |
  177176940 00:02:57.176 [D] Mac-----------: | 00 00 00 01 17 36 E6 30 | EC 47 03 45 54 7B 18 53 | .....6.0.G.ET{.S |
  177176940 00:02:57.176 [D] Mac-----------: | EC EF 44 81 0E 05 1D 9B | CD 6D 1F 98 AB CB 4B E4 | ..D......m....K. |
  177176940 00:02:57.176 [D] Mac-----------: | D3 3C 5F 40 1A 0C       |                         | .<_@..           |
  177176940 00:02:57.176 [D] Mac-----------: ------------------------------------------------------------------------
  177176940 00:02:57.176 [D] Mac-----------: Finishing operation "TransmitDataDirect"
  177176940 00:02:57.176 [I] MeshForwarder-: Sent IPv6 UDP msg, len:91, chksum:7b31, ecn:no, to:0xffff, sec:no, prio:net
  177176940 00:02:57.176 [I] MeshForwarder-:     src:[fe80:0:0:0:7c28:de12:a391:d189]:19788
  177176940 00:02:57.176 [I] MeshForwarder-:     dst:[ff02:0:0:0:0:0:0:1]:19788
  177176940 00:02:57.176 [D] Mac-----------: Idle mode: Radio receiving on channel 11
  177344580 00:02:57.344 [D] Mle-----------: Leader age 1
  178343580 00:02:58.343 [D] Mle-----------: Leader age 2
  179345580 00:02:59.345 [D] Mle-----------: Leader age 3
  180080836 00:03:00.080 [D] Mac-----------: ==============================[RX len=063]==============================
  180080836 00:03:00.080 [D] Mac-----------: | 41 D8 A1 CE FA FF FF E8 | 4C 52 1F 0D BA D9 1E 7F | A.......LR...... |
  180080836 00:03:00.080 [D] Mac-----------: | 3B 02 F0 4D 4C 4D 4C 5A | A4 00 15 00 00 00 00 00 | ;..MLMLZ........ |
  180080836 00:03:00.080 [D] Mac-----------: | 00 00 00 01 8C 1B C6 4B | E9 56 9C 1D 6F D1 A6 72 | .......K.V..o..r |
  180080836 00:03:00.080 [D] Mac-----------: | 50 1F 6A 7B 1A DF 1C FF | 29 75 B0 B9 E3 A0 F4    | P.j{....)u.....  |
  180080836 00:03:00.080 [D] Mac-----------: ------------------------------------------------------------------------
  180080836 00:03:00.080 [I] MeshForwarder-: Received IPv6 UDP msg, len:84, chksum:5aa4, ecn:no, from:1ed9ba0d1f524ce8, sec:no, prio:net, rss:-15.0
  180080836 00:03:00.080 [I] MeshForwarder-:     src:[fe80:0:0:0:1cd9:ba0d:1f52:4ce8]:19788
  180080836 00:03:00.080 [I] MeshForwarder-:     dst:[ff02:0:0:0:0:0:0:2]:19788
  180080836 00:03:00.080 [D] Mle-----------: Receive MLE message
  180080836 00:03:00.080 [I] Mle-----------: Receive Parent Request (fe80:0:0:0:1cd9:ba0d:1f52:4ce8)
  180080836 00:03:00.080 [N] Mle-----------: ParentResponseDelay delay_ms=92 scan_mask=0x80 child=1ed9ba0d1f524ce8
  180080836 00:03:00.080 [I] Mle-----------: Delay Parent Response (fe80:0:0:0:1cd9:ba0d:1f52:4ce8)
  180080836 00:03:00.080 [D] Mac-----------: Idle mode: Radio receiving on channel 11
  180172876 00:03:00.172 [I] Mle-----------: Send Parent Response (fe80:0:0:0:1cd9:ba0d:1f52:4ce8)
  180172876 00:03:00.172 [D] Mac-----------: Request to start operation "TransmitDataDirect"
  180172876 00:03:00.172 [D] Mac-----------: Starting operation "TransmitDataDirect"
  180172876 00:03:00.172 [D] SubMac--------: RadioState: Receive -> CsmaBackoff
  180173516 00:03:00.173 [D] SubMac--------: RadioState: CsmaBackoff -> Transmit
  180178036 00:03:00.178 [D] SubMac--------: RadioState: Transmit -> Receive
  180178036 00:03:00.178 [D] Mac-----------: ==============================[TX len=113]==============================
  180178036 00:03:00.178 [D] Mac-----------: | 61 DC 05 CE FA E8 4C 52 | 1F 0D BA D9 1E 89 D1 91 | a.....LR........ |
  180178036 00:03:00.178 [D] Mac-----------: | A3 12 DE 28 7E 7F 33 F0 | 4D 4C 4D 4C FE 9A 00 15 | ...(~.3.MLML.... |
  180178036 00:03:00.178 [D] Mac-----------: | 16 00 00 00 00 00 00 00 | 01 E2 BB 86 33 B3 CC EE | ............3... |
  180178036 00:03:00.178 [D] Mac-----------: | F6 97 9E 83 63 3A 6E 9C | 56 0D 73 8C D6 65 48 1B | ....c:n.V.s..eH. |
  180178036 00:03:00.178 [D] Mac-----------: | C1 30 41 38 29 C8 CB 1E | F4 5E 75 55 52 9C 24 B2 | .0A8)....^uUR.$. |
  180178036 00:03:00.178 [D] Mac-----------: | 93 38 7F 2E F7 5B A3 33 | AB F6 08 77 5C 53 01 80 | .8...[.3...w\S.. |
  180178036 00:03:00.178 [D] Mac-----------: | 89 68 40 4B D4 FB F0 40 | 5F 6E 7D AD 00 CB 2F 39 | .h@K...@_n}.../9 |
  180178036 00:03:00.178 [D] Mac-----------: | 0C                      |                         | .                |
  180178036 00:03:00.178 [D] Mac-----------: ------------------------------------------------------------------------
  180178036 00:03:00.178 [D] Mac-----------: Finishing operation "TransmitDataDirect"
  180178036 00:03:00.178 [I] MeshForwarder-: Sent IPv6 UDP msg, len:129, chksum:fe9a, ecn:no, to:1ed9ba0d1f524ce8, sec:no, prio:net
  180178036 00:03:00.178 [I] MeshForwarder-:     src:[fe80:0:0:0:7c28:de12:a391:d189]:19788
  180178036 00:03:00.178 [I] MeshForwarder-:     dst:[fe80:0:0:0:1cd9:ba0d:1f52:4ce8]:19788
  180178036 00:03:00.178 [D] Mac-----------: Idle mode: Radio receiving on channel 11
  180344596 00:03:00.344 [D] Mle-----------: Leader age 4
  180833732 00:03:00.833 [D] Mac-----------: ==============================[RX len=098]==============================
  180833732 00:03:00.833 [D] Mac-----------: | 61 DC A2 CE FA 89 D1 91 | A3 12 DE 28 7E E8 4C 52 | a..........(~.LR |
  180833732 00:03:00.833 [D] Mac-----------: | 1F 0D BA D9 1E 7F 33 F0 | 4D 4C 4D 4C 0C C6 00 15 | ......3.MLML.... |
  180833732 00:03:00.833 [D] Mac-----------: | 01 00 00 00 00 00 00 00 | 01 3A 96 24 43 D4 43 26 | .........:.$C.C& |
  180833732 00:03:00.833 [D] Mac-----------: | EA E4 0A A8 FE CF 58 98 | AE C6 CB 9C B8 C1 76 5F | ......X.......v_ |
  180833732 00:03:00.833 [D] Mac-----------: | 48 4D 39 54 C9 35 D1 26 | 3C FD C3 D8 2D 4C 20 7A | HM9T.5.&<...-L z |
  180833732 00:03:00.833 [D] Mac-----------: | 36 C5 38 56 92 D2 4B 12 | E7 A4 48 C8 CA 8C 80 05 | 6.8V..K...H..... |
  180833732 00:03:00.833 [D] Mac-----------: | C2 3B                   |                         | .;               |
  180833732 00:03:00.833 [D] Mac-----------: ------------------------------------------------------------------------
  180833732 00:03:00.833 [I] MeshForwarder-: Received IPv6 UDP msg, len:114, chksum:0cc6, ecn:no, from:1ed9ba0d1f524ce8, sec:no, prio:net, rss:-15.0
  180833732 00:03:00.833 [I] MeshForwarder-:     src:[fe80:0:0:0:1cd9:ba0d:1f52:4ce8]:19788
  180833732 00:03:00.833 [I] MeshForwarder-:     dst:[fe80:0:0:0:7c28:de12:a391:d189]:19788
  180833732 00:03:00.833 [D] Mle-----------: Receive MLE message
  180833732 00:03:00.833 [I] Mle-----------: Receive Child ID Request (fe80:0:0:0:1cd9:ba0d:1f52:4ce8)
  180833732 00:03:00.833 [I] Mle-----------: Child 0x0000 IPv6 address[1]=fdde:ad00:beef:0:a78d:5151:c82:fb55
  180833732 00:03:00.833 [D] MlrManager----: -------- Multicast Addresses --------
  180833732 00:03:00.833 [I] Mle-----------: Child 0x0000 has 1 registered IPv6 address, 1 address stored
  180833732 00:03:00.833 [I] Settings------: Added ChildInfo {rloc:0x4801, extaddr:1ed9ba0d1f524ce8, timeout:240, mode:0x0d, version:5}
  180833732 00:03:00.833 [D] MlrManager----: -------- Multicast Addresses --------
  180833732 00:03:00.833 [I] Mle-----------: Send Child ID Response (fe80:0:0:0:1cd9:ba0d:1f52:4ce8,0x4801)
  180833732 00:03:00.833 [D] Mac-----------: Idle mode: Radio receiving on channel 11
  180833732 00:03:00.833 [I] Notifier------: StateChanged (0x00000400) [Child+]
  180833732 00:03:00.833 [I] ChildSupervsn-: Starting Child Supervision
  180833732 00:03:00.833 [D] Mac-----------: Request to start operation "TransmitDataDirect"
  180833732 00:03:00.833 [D] Mac-----------: Starting operation "TransmitDataDirect"
  180833732 00:03:00.833 [D] SubMac--------: RadioState: Receive -> CsmaBackoff
  180835012 00:03:00.835 [D] SubMac--------: RadioState: CsmaBackoff -> Transmit
  180839948 00:03:00.839 [D] SubMac--------: RadioState: Transmit -> Receive
  180839948 00:03:00.839 [D] Mac-----------: ==============================[TX len=126]==============================
  180839948 00:03:00.839 [D] Mac-----------: | 79 DC 06 CE FA E8 4C 52 | 1F 0D BA D9 1E 89 D1 91 | y.....LR........ |
  180839948 00:03:00.839 [D] Mac-----------: | A3 12 DE 28 7E 0D 01 00 | 00 00 01 51 E3 8C FD F0 | ...(~......Q.... |
  180839948 00:03:00.839 [D] Mac-----------: | 30 8A F5 09 27 77 54 2C | 1A 6F E8 04 E0 9F 0C 91 | 0...'wT,.o...... |
  180839948 00:03:00.839 [D] Mac-----------: | E0 B6 05 B9 64 D7 AA 67 | EF 6E 55 9C 22 95 62 1A | ....d..g.nU.".b. |
  180839948 00:03:00.839 [D] Mac-----------: | E5 84 6E 43 CC F4 E9 C3 | 0B F9 4A 00 A2 B9 60 87 | ..nC......J...`. |
  180839948 00:03:00.839 [D] Mac-----------: | F0 5E 8A 7B 92 15 9A 18 | 64 ED C6 12 06 D8 80 94 | .^.{....d....... |
  180839948 00:03:00.839 [D] Mac-----------: | 3B AF DB 86 85 C6 FE 2C | 15 FD 66 45 01 94 10 96 | ;......,..fE.... |
  180839948 00:03:00.839 [D] Mac-----------: | A8 D0 E7 E0 4A 53 88 7A | 4C 7F D0 57 9C 35       | ....JS.zL..W.5   |
  180839948 00:03:00.839 [D] Mac-----------: ------------------------------------------------------------------------
  180839948 00:03:00.839 [D] Mac-----------: Finishing operation "TransmitDataDirect"
  180839948 00:03:00.839 [D] Mac-----------: Idle mode: Radio receiving on channel 11
  180839948 00:03:00.839 [D] Mac-----------: Request to start operation "TransmitDataDirect"
  180839948 00:03:00.839 [D] Mac-----------: Starting operation "TransmitDataDirect"
  180839948 00:03:00.839 [D] SubMac--------: RadioState: Receive -> CsmaBackoff
  180841868 00:03:00.841 [D] SubMac--------: RadioState: CsmaBackoff -> Transmit
  180846100 00:03:00.846 [D] SubMac--------: RadioState: Transmit -> Receive
  180846100 00:03:00.846 [D] Mac-----------: ==============================[TX len=104]==============================
  180846100 00:03:00.846 [D] Mac-----------: | 69 DC 07 CE FA E8 4C 52 | 1F 0D BA D9 1E 89 D1 91 | i.....LR........ |
  180846100 00:03:00.846 [D] Mac-----------: | A3 12 DE 28 7E 0D 02 00 | 00 00 01 98 25 29 91 91 | ...(~.......%).. |
  180846100 00:03:00.846 [D] Mac-----------: | AA FB 34 9F E2 54 CC A0 | 3B 87 55 DD 15 F6 90 86 | ..4..T..;.U..... |
  180846100 00:03:00.846 [D] Mac-----------: | 3E CB D2 80 53 33 EF 3C | 2C E3 F4 35 41 1D 59 AA | >...S3.<,..5A.Y. |
  180846100 00:03:00.846 [D] Mac-----------: | BE C3 A0 6D EB 9D 11 19 | A9 87 77 02 DB FC 78 FD | ...m......w...x. |
  180846100 00:03:00.846 [D] Mac-----------: | FF 9B 4C 64 99 DF 8C 97 | 4A DB 6F E6 77 F3 1B D8 | ..Ld....J.o.w... |
  180846100 00:03:00.846 [D] Mac-----------: | 52 BE B1 F6 F0 7F 2D 02 |                         | R.....-.         |
  180846100 00:03:00.846 [D] Mac-----------: ------------------------------------------------------------------------
  180846100 00:03:00.846 [D] Mac-----------: Finishing operation "TransmitDataDirect"
  180846100 00:03:00.846 [I] MeshForwarder-: Sent IPv6 UDP msg, len:194, chksum:9bf6, ecn:no, to:1ed9ba0d1f524ce8, sec:yes, prio:net
  180846100 00:03:00.846 [I] MeshForwarder-:     src:[fe80:0:0:0:7c28:de12:a391:d189]:19788
  180846100 00:03:00.846 [I] MeshForwarder-:     dst:[fe80:0:0:0:1cd9:ba0d:1f52:4ce8]:19788
  180846100 00:03:00.846 [D] Mac-----------: Idle mode: Radio receiving on channel 11
  181342740 00:03:01.342 [D] Mle-----------: Leader age 5
  182346740 00:03:02.346 [D] Mle-----------: Leader age 6
  183342740 00:03:03.342 [D] Mle-----------: Leader age 7
  184340740 00:03:04.340 [D] Mle-----------: Leader age 8
  185000000 Node process exited.
  185000000 Closing log file.
